MouseMove,134038031460275386,190,259
MouseMove,134038031460435448,190,260
MouseMove,134038031462195796,191,260
MouseMove,134038031462275229,192,260
MouseMove,134038031462355678,195,260
MouseMove,134038031462435439,196,260
MouseMove,134038031462515270,197,260
MouseMove,134038031462595048,199,258
MouseMove,134038031462675066,203,258
MouseMove,134038031462755009,207,258
MouseMove,134038031462835235,209,258
MouseMove,134038031462915166,212,257
MouseMove,134038031462995644,215,257
MouseMove,134038031463075099,223,254
MouseMove,134038031463155618,235,251
session_start,638949263459559872,1759329545955,C:\Users\emory\Desktop\Participant21\ladybug
gaze,134038031463179815,179,375
MouseMove,134038031463236861,253,244
gaze,134038031463301753,172,371
MouseMove,134038031463316170,271,236
MouseMove,134038031463395589,291,227
MouseMove,134038031463475651,306,221
MouseMove,134038031463555730,321,214
MouseMove,134038031463636410,334,208
MouseMove,134038031463715612,350,200
MouseMove,134038031463796099,365,194
MouseMove,134038031463875203,383,186
gaze,134038031463898615,176,343
MouseMove,134038031463959340,393,178
gaze,134038031463966891,193,316
gaze,134038031464021951,193,321
MouseMove,134038031464035835,401,174
gaze,134038031464077354,191,316
MouseMove,134038031464116946,406,169
gaze,134038031464184930,190,309
MouseMove,134038031464196262,409,164
gaze,134038031464240008,192,313
MouseMove,134038031464275776,410,162
gaze,134038031464301731,193,310
MouseMove,134038031464357018,410,158
gaze,134038031464385981,192,308
MouseMove,134038031464437226,410,154
gaze,134038031464467428,190,330
MouseMove,134038031464516689,413,149
gaze,134038031464551995,192,339
MouseMove,134038031464596489,413,147
gaze,134038031464633954,195,316
MouseMove,134038031464676357,414,145
gaze,134038031464717077,205,307
MouseMove,134038031464756728,415,142
gaze,134038031464800403,315,255
MouseMove,134038031464836385,418,138
gaze,134038031464884860,357,203
MouseMove,134038031464915674,420,134
gaze,134038031464957149,387,195
MouseMove,134038031464999951,423,129
gaze,134038031465051679,372,198
MouseMove,134038031465076897,423,126
gaze,134038031465136785,373,204
MouseMove,134038031465157143,424,123
gaze,134038031465217170,379,202
MouseMove,134038031465236086,426,121
gaze,134038031465301674,392,198
MouseMove,134038031465315324,427,118
gaze,134038031465381804,385,209
MouseMove,134038031465396542,427,115
gaze,134038031465466784,383,208
MouseMove,134038031465477004,428,113
gaze,134038031465549580,382,204
MouseMove,134038031465557174,430,112
MouseMove,134038031465635444,431,111
gaze,134038031465635822,379,214
MouseMove,134038031465716269,434,109
gaze,134038031465716357,383,217
MouseMove,134038031465795749,439,106
gaze,134038031465802464,381,208
gaze,134038031465871562,385,212
MouseMove,134038031465876927,443,104
gaze,134038031465931437,374,217
MouseMove,134038031465958347,449,101
gaze,134038031466012597,377,226
MouseMove,134038031466036620,456,99
gaze,134038031466095475,381,215
MouseMove,134038031466116173,462,96
MouseMove,134038031466195360,467,94
gaze,134038031466249822,377,211
MouseMove,134038031466275049,474,90
gaze,134038031466299375,373,213
MouseMove,134038031466357503,481,86
gaze,134038031466385663,383,215
MouseMove,134038031466435682,487,82
gaze,134038031466466346,383,190
gaze,134038031466553385,472,116
MouseMove,134038031466604200,490,80
MouseMove,134038031466611543,493,79
gaze,134038031466633257,504,47
MouseMove,134038031466679502,494,77
gaze,134038031466724996,492,52
MouseMove,134038031466756142,496,75
gaze,134038031466799167,484,67
MouseMove,134038031466835331,496,74
gaze,134038031466885952,484,59
MouseMove,134038031466915183,497,71
gaze,134038031466965133,500,55
MouseMove,134038031466995974,497,70
gaze,134038031467041557,491,49
MouseMove,134038031467076209,497,68
gaze,134038031467134463,492,55
MouseMove,134038031467155842,497,68
gaze,134038031467218368,493,51
MouseMove,134038031467235353,497,67
gaze,134038031467302955,493,52
MouseMove,134038031467315636,497,67
gaze,134038031467383579,493,52
MouseMove,134038031467395886,497,65
gaze,134038031467474613,495,54
gaze,134038031467549213,498,49
MouseMove,134038031467616709,497,65
MouseMove,134038031467636452,497,64
gaze,134038031467636451,490,54
gaze,134038031467716535,495,56
MouseMove,134038031467796693,497,64
gaze,134038031467803213,489,59
MouseMove,134038031467875412,496,64
gaze,134038031467882588,497,52
MouseMove,134038031467957173,496,64
gaze,134038031467958539,500,56
gaze,134038031468013153,495,59
MouseMove,134038031468036375,495,64
gaze,134038031468095087,496,54
MouseMove,134038031468116780,494,64
MouseMove,134038031468195073,493,64
gaze,134038031468243122,497,58
MouseMove,134038031468275011,493,64
gaze,134038031468298490,481,70
MouseMove,134038031468356796,492,64
gaze,134038031468386603,483,78
MouseMove,134038031468436750,491,64
gaze,134038031468469543,488,78
gaze,134038031468551185,485,77
MouseMove,134038031468596355,491,64
gaze,134038031468633863,489,77
gaze,134038031468716180,487,80
gaze,134038031468803809,486,79
MouseMove,134038031468824521,490,64
gaze,134038031468888344,489,81
MouseMove,134038031468915677,489,64
gaze,134038031468969141,486,79
gaze,134038031469038584,484,82
gaze,134038031469136139,483,83
gaze,134038031469215770,490,83
gaze,134038031469301530,492,90
gaze,134038031469381872,493,87
gaze,134038031469469323,491,81
gaze,134038031469552871,490,82
gaze,134038031469636651,491,88
gaze,134038031469715920,493,89
MouseMove,134038031469778665,489,64
gaze,134038031469804862,490,88
gaze,134038031469883545,488,88
gaze,134038031469958459,489,83
gaze,134038031470014130,488,77
gaze,134038031470096320,489,80
gaze,134038031470219647,494,89
gaze,134038031470300716,492,90
gaze,134038031470388252,488,94
gaze,134038031470466903,493,97
gaze,134038031470557008,521,115
gaze,134038031470632175,613,211
gaze,134038031470719042,670,245
gaze,134038031470799189,672,251
gaze,134038031470885859,659,246
gaze,134038031470965202,666,248
gaze,134038031471048155,672,252
gaze,134038031471133766,680,254
gaze,134038031471217131,674,267
gaze,134038031471299401,673,266
gaze,134038031471382536,667,263
gaze,134038031471468594,674,257
gaze,134038031471548613,677,263
gaze,134038031471635780,673,252
gaze,134038031471714975,674,254
gaze,134038031471806693,662,258
gaze,134038031471882334,660,249
gaze,134038031471964482,672,256
gaze,134038031472026272,673,257
gaze,134038031472096260,677,255
gaze,134038031472179129,669,253
gaze,134038031472325958,669,261
gaze,134038031472382012,668,262
gaze,134038031472469838,672,263
gaze,134038031472548024,672,259
gaze,134038031472637655,668,256
gaze,134038031472714926,667,261
gaze,134038031472802434,663,259
gaze,134038031472882168,663,261
gaze,134038031472969679,671,259
gaze,134038031473049700,669,260
gaze,134038031473125407,649,278
LeftMouseDown,134038031473157912
gaze,134038031473217430,635,286
gaze,134038031473300195,646,283
gaze,134038031473385081,648,284
gaze,134038031473465113,646,294
gaze,134038031473551519,645,297
gaze,134038031473631824,647,297
gaze,134038031473718699,645,294
gaze,134038031473804054,644,290
gaze,134038031473884264,640,287
gaze,134038031473965190,638,282
gaze,134038031474045337,640,280
gaze,134038031474096523,638,282
gaze,134038031474178149,637,276
gaze,134038031474262196,632,278
gaze,134038031474412481,643,290
gaze,134038031474466032,646,298
LeftMouseUp,134038031474517194
gaze,134038031474550910,648,298
gaze,134038031474632387,639,285
gaze,134038031474717297,636,289
gaze,134038031474798030,638,286
gaze,134038031474884577,643,291
gaze,134038031474965655,644,293
gaze,134038031475052524,631,291
gaze,134038031475133380,633,288
gaze,134038031475208300,644,292
MouseMove,134038031475237497,489,65
gaze,134038031475300919,635,291
MouseMove,134038031475315371,492,68
gaze,134038031475384027,633,292
MouseMove,134038031475397616,497,72
gaze,134038031475465857,641,292
MouseMove,134038031475476242,502,77
gaze,134038031475551529,642,285
MouseMove,134038031475555494,508,82
gaze,134038031475632757,642,281
MouseMove,134038031475635905,518,89
MouseMove,134038031475715668,529,97
gaze,134038031475720908,637,290
MouseMove,134038031475796060,544,108
gaze,134038031475798985,620,279
MouseMove,134038031475877717,563,118
gaze,134038031475885817,576,272
MouseMove,134038031475955704,584,130
gaze,134038031475965510,574,275
MouseMove,134038031476036084,605,142
gaze,134038031476052974,583,276
MouseMove,134038031476115856,626,153
gaze,134038031476121704,586,280
gaze,134038031476185648,581,275
MouseMove,134038031476195544,643,159
gaze,134038031476261192,580,279
MouseMove,134038031476276716,658,165
MouseMove,134038031476357449,667,169
gaze,134038031476410058,576,285
MouseMove,134038031476436813,674,171
gaze,134038031476466357,576,280
MouseMove,134038031476515270,679,175
gaze,134038031476552704,570,279
MouseMove,134038031476596202,682,176
gaze,134038031476632250,570,281
MouseMove,134038031476676881,686,179
gaze,134038031476719230,568,283
MouseMove,134038031476755588,690,182
gaze,134038031476798936,573,276
MouseMove,134038031476835489,694,187
gaze,134038031476883824,575,281
MouseMove,134038031476914967,698,190
gaze,134038031476965393,573,285
MouseMove,134038031476995386,704,195
gaze,134038031477051920,573,285
MouseMove,134038031477075388,713,202
gaze,134038031477131836,578,284
MouseMove,134038031477156223,719,207
gaze,134038031477208338,577,282
MouseMove,134038031477235821,722,210
gaze,134038031477300421,577,286
MouseMove,134038031477316040,726,213
gaze,134038031477382218,581,287
MouseMove,134038031477395970,727,214
gaze,134038031477466727,582,284
MouseMove,134038031477475797,730,216
gaze,134038031477549014,582,279
MouseMove,134038031477556883,731,217
gaze,134038031477634049,585,279
gaze,134038031477715371,580,282
MouseMove,134038031477716519,732,218
MouseMove,134038031477796608,733,218
gaze,134038031477801453,583,274
gaze,134038031477882210,583,275
MouseMove,134038031477955317,733,218
gaze,134038031477968859,581,277
MouseMove,134038031478035812,734,219
gaze,134038031478049332,581,278
MouseMove,134038031478115849,734,220
gaze,134038031478125133,581,282
gaze,134038031478178973,583,287
gaze,134038031478261310,580,283
MouseMove,134038031478275130,736,221
gaze,134038031478345397,586,284
MouseMove,134038031478357659,738,223
MouseMove,134038031478436422,739,225
gaze,134038031478491648,583,280
MouseMove,134038031478515200,741,226
gaze,134038031478549468,581,283
MouseMove,134038031478594984,742,228
gaze,134038031478635830,575,280
MouseMove,134038031478677284,744,230
gaze,134038031478719352,578,277
MouseMove,134038031478756176,745,232
gaze,134038031478801609,581,283
MouseMove,134038031478835833,746,233
gaze,134038031478882786,576,281
MouseMove,134038031478916816,748,236
gaze,134038031478968442,578,285
gaze,134038031479048608,578,293
MouseMove,134038031479076709,748,236
gaze,134038031479135537,576,288
MouseMove,134038031479155974,749,238
gaze,134038031479214965,577,279
MouseMove,134038031479235911,753,242
gaze,134038031479291989,582,274
MouseMove,134038031479315346,758,250
gaze,134038031479383773,582,287
MouseMove,134038031479395312,765,257
gaze,134038031479465755,575,291
MouseMove,134038031479475159,773,267
gaze,134038031479549909,577,277
MouseMove,134038031479555968,780,275
gaze,134038031479633098,579,277
MouseMove,134038031479635024,786,283
MouseMove,134038031479715901,793,291
gaze,134038031479718044,579,292
MouseMove,134038031479797850,798,297
gaze,134038031479800010,583,280
MouseMove,134038031479876130,801,301
gaze,134038031479885776,588,280
MouseMove,134038031479955470,807,307
gaze,134038031479964716,586,281
MouseMove,134038031480036422,810,309
gaze,134038031480051482,581,279
MouseMove,134038031480116137,815,313
gaze,134038031480131614,582,276
MouseMove,134038031480195196,818,316
gaze,134038031480208207,584,284
gaze,134038031480262489,585,288
MouseMove,134038031480275368,824,320
gaze,134038031480345408,584,277
MouseMove,134038031480355602,830,324
MouseMove,134038031480435844,833,325
gaze,134038031480492848,576,274
MouseMove,134038031480515992,841,328
gaze,134038031480548873,583,275
MouseMove,134038031480596595,844,328
gaze,134038031480636255,577,284
MouseMove,134038031480676259,846,328
gaze,134038031480716002,582,286
MouseMove,134038031480756123,847,329
gaze,134038031480802400,584,283
MouseMove,134038031480835482,848,329
gaze,134038031480881675,582,284
gaze,134038031480970638,582,278
gaze,134038031481059692,575,273
gaze,134038031481136418,586,273
gaze,134038031481216558,577,284
gaze,134038031481291071,584,277
gaze,134038031481386476,582,275
gaze,134038031481466163,576,281
gaze,134038031481553711,582,283
gaze,134038031481633448,581,284
gaze,134038031481718993,618,291
gaze,134038031481799985,695,294
gaze,134038031481885910,708,278
gaze,134038031481966574,684,271
gaze,134038031482053157,694,281
gaze,134038031482132563,697,262
gaze,134038031482207881,694,284
gaze,134038031482263272,691,277
gaze,134038031482346051,692,284
gaze,134038031482429810,691,285
gaze,134038031482575517,697,278
gaze,134038031482632446,696,275
gaze,134038031482717866,692,280
gaze,134038031482799858,698,264
gaze,134038031482883367,702,280
gaze,134038031482965819,699,265
gaze,134038031483050525,696,270
gaze,134038031483132068,696,276
gaze,134038031483219154,699,275
gaze,134038031483299366,698,269
gaze,134038031483375910,698,292
gaze,134038031483467000,699,274
gaze,134038031483549650,695,282
gaze,134038031483632328,693,284
gaze,134038031483716530,694,287
gaze,134038031483800315,692,268
gaze,134038031483883325,698,277
gaze,134038031483966935,696,294
gaze,134038031484052911,694,275
gaze,134038031484132970,692,275
gaze,134038031484218315,690,288
gaze,134038031484289891,697,278
gaze,134038031484348718,700,286
gaze,134038031484429487,696,295
gaze,134038031484575047,699,283
gaze,134038031484632670,691,287
gaze,134038031484719708,798,424
gaze,134038031484799674,941,553
gaze,134038031484885173,1059,651
gaze,134038031484966959,1194,714
gaze,134038031485053702,1308,799
gaze,134038031485134593,1422,916
gaze,134038031485220169,1534,976
gaze,134038031485300853,1653,1003
gaze,134038031485376527,1659,1027
gaze,134038031485468621,1632,1015
gaze,134038031485550195,1651,1009
gaze,134038031485635720,1659,1018
gaze,134038031485716762,1659,1021
gaze,134038031485802100,1659,1014
gaze,134038031485883684,1646,1018
gaze,134038031485968663,1635,1005
gaze,134038031486050688,1652,1010
gaze,134038031486136619,1635,1033
gaze,134038031486216940,1647,1031
gaze,134038031486293180,1650,1014
gaze,134038031486348370,1657,1020
gaze,134038031486430882,1648,1011
gaze,134038031486578095,1644,1038
gaze,134038031486634657,1654,1025
gaze,134038031486718306,1643,1027
gaze,134038031486800941,1653,1029
gaze,134038031486885076,1728,1028
gaze,134038031486968105,1792,1021
gaze,134038031487052888,1798,1020
gaze,134038031487135354,1778,1032
gaze,134038031487218669,1784,1028
gaze,134038031487301651,1786,1039
gaze,134038031487375268,1798,1030
gaze,134038031487469504,1790,1051
gaze,134038031487552733,1787,1046
gaze,134038031487635920,1791,1029
gaze,134038031487719079,1785,1051
gaze,134038031487801902,1793,1033
gaze,134038031487885768,1782,1053
gaze,134038031487968168,1792,1037
gaze,134038031488052816,1782,1038
gaze,134038031488135640,1782,1069
gaze,134038031488219550,1785,1051
gaze,134038031488291913,1779,1044
gaze,134038031488350976,1793,1051
gaze,134038031488432586,1786,1046
gaze,134038031488554996,1799,1059
gaze,134038031488637108,1828,1030
gaze,134038031488719390,1837,1041
gaze,134038031488803655,1832,1027
gaze,134038031488884768,1830,1035
gaze,134038031488969606,1824,1037
gaze,134038031489051493,1831,1021
gaze,134038031489137555,1830,1037
gaze,134038031489217773,1827,1032
gaze,134038031489303045,1838,1034
gaze,134038031489380045,1828,1032
gaze,134038031489465217,1829,1044
gaze,134038031489552890,1824,1045
gaze,134038031489634188,1819,1044
gaze,134038031489719776,1829,1043
gaze,134038031489802942,1838,1051
gaze,134038031489886254,1832,1041
gaze,134038031489969051,1837,1038
gaze,134038031490051516,1828,1044
gaze,134038031490135343,1830,1033
gaze,134038031490218467,1780,1069
gaze,134038031490297055,1824,1035
gaze,134038031490361563,1825,1046
gaze,134038031490431426,1823,1062
gaze,134038031490515194,1838,1065
gaze,134038031490662114,1843,1078
gaze,134038031490717835,1836,1074
gaze,134038031490803019,1758,1022
gaze,134038031490873693,1701,1206
gaze,134038031491706607,557,571
gaze,134038031491791527,541,294
gaze,134038031491876900,753,280
gaze,134038031491969585,732,290
gaze,134038031492052446,742,203
gaze,134038031492135857,732,167
gaze,134038031492219197,736,193
gaze,134038031492300149,730,173
gaze,134038031492376976,739,184
gaze,134038031492430451,735,202
gaze,134038031492512810,730,201
gaze,134038031492661129,740,195
gaze,134038031492716556,733,186
gaze,134038031492801834,731,198
gaze,134038031492882810,737,180
gaze,134038031492970694,732,186
gaze,134038031493057640,733,187
gaze,134038031493137682,736,193
gaze,134038031493217087,730,177
gaze,134038031493303973,734,178
gaze,134038031493383309,730,185
gaze,134038031493460639,734,179
gaze,134038031493551858,729,185
gaze,134038031493632758,732,182
gaze,134038031493720231,735,173
gaze,134038031493799223,735,188
gaze,134038031493886870,735,175
gaze,134038031493966876,735,179
gaze,134038031494056741,737,174
gaze,134038031494133610,734,183
gaze,134038031494219499,732,183
gaze,134038031494300139,737,180
gaze,134038031494381696,731,182
gaze,134038031494433306,730,179
gaze,134038031494513230,730,179
gaze,134038031494596472,730,185
gaze,134038031494741610,724,173
gaze,134038031494800200,732,174
gaze,134038031494887510,728,180
gaze,134038031494969731,726,181
gaze,134038031495053278,734,184
gaze,134038031495133179,727,183
gaze,134038031495219248,726,183
gaze,134038031495300268,725,179
gaze,134038031495386348,727,185
gaze,134038031495471317,726,180
gaze,134038031495542933,729,176
gaze,134038031495634936,729,175
gaze,134038031495719569,783,167
gaze,134038031495801248,891,143
gaze,134038031495882910,946,124
gaze,134038031495969730,968,136
gaze,134038031496049945,953,129
gaze,134038031496135545,957,128
gaze,134038031496216015,963,132
gaze,134038031496302427,966,121
gaze,134038031496384141,964,129
gaze,134038031496459982,960,125
gaze,134038031496513732,968,127
gaze,134038031496596286,964,127
gaze,134038031496741946,961,125
gaze,134038031496798768,968,126
gaze,134038031496885977,966,134
gaze,134038031496965595,966,122
gaze,134038031497058740,962,128
gaze,134038031497133126,962,123
gaze,134038031497219213,962,123
gaze,134038031497299024,963,124
gaze,134038031497386434,965,127
gaze,134038031497466561,969,131
gaze,134038031497542416,964,132
gaze,134038031497635193,968,136
gaze,134038031497718586,963,132
gaze,134038031497803150,962,128
gaze,134038031497882907,962,129
gaze,134038031497969194,961,132
gaze,134038031498050583,966,134
gaze,134038031498135393,968,126
gaze,134038031498215662,916,159
gaze,134038031498303057,771,239
gaze,134038031498385435,650,300
gaze,134038031498460057,605,258
gaze,134038031498514890,620,256
gaze,134038031498595131,622,258
gaze,134038031498679910,598,262
gaze,134038031498823532,593,268
gaze,134038031498883983,607,264
gaze,134038031498968221,602,264
gaze,134038031499051972,605,267
gaze,134038031499135474,607,267
gaze,134038031499216247,606,262
gaze,134038031499302854,603,267
gaze,134038031499383790,604,278
gaze,134038031499469451,605,268
gaze,134038031499551370,603,252
gaze,134038031499626407,605,269
gaze,134038031499719259,602,267
gaze,134038031499805138,602,260
gaze,134038031499886961,602,260
gaze,134038031499966342,607,258
gaze,134038031500053133,607,259
gaze,134038031500133449,610,274
gaze,134038031500219456,603,266
gaze,134038031500299973,600,262
gaze,134038031500386667,606,274
gaze,134038031500467269,598,257
gaze,134038031500542271,602,266
MouseMove,134038031500595945,848,329
gaze,134038031500596252,610,265
MouseMove,134038031500676091,843,326
gaze,134038031500680047,605,264
MouseMove,134038031500755670,839,323
gaze,134038031500826532,605,272
MouseMove,134038031500836040,832,321
gaze,134038031500882967,606,273
MouseMove,134038031500915935,828,320
gaze,134038031500972717,608,267
MouseMove,134038031500995970,828,320
gaze,134038031501051895,594,271
gaze,134038031501140607,606,266
gaze,134038031501217088,608,262
gaze,134038031501303451,606,262
gaze,134038031501384296,606,270
gaze,134038031501470266,607,267
gaze,134038031501550498,606,263
gaze,134038031501626311,610,264
gaze,134038031501719274,604,265
gaze,134038031501800252,602,269
gaze,134038031501886452,606,273
gaze,134038031501965833,599,278
gaze,134038031502053307,604,274
gaze,134038031502133998,605,274
gaze,134038031502220723,606,258
gaze,134038031502300169,609,265
gaze,134038031502387844,607,269
gaze,134038031502467120,599,266
gaze,134038031502542127,603,269
gaze,134038031502597737,606,270
gaze,134038031502679789,605,278
gaze,134038031502764641,608,281
gaze,134038031502910277,606,266
MouseMove,134038031502916807,826,320
gaze,134038031502967616,608,263
MouseMove,134038031502995694,822,320
gaze,134038031503053565,603,270
MouseMove,134038031503076456,814,320
gaze,134038031503134524,605,271
MouseMove,134038031503156012,800,322
gaze,134038031503219750,605,280
MouseMove,134038031503235367,783,327
gaze,134038031503299631,604,270
MouseMove,134038031503315376,769,332
gaze,134038031503386922,605,264
MouseMove,134038031503396118,747,338
gaze,134038031503467200,606,273
MouseMove,134038031503475709,731,341
MouseMove,134038031503555617,713,351
gaze,134038031503554708,604,277
gaze,134038031503633080,604,275
MouseMove,134038031503635935,687,361
gaze,134038031503709861,610,276
MouseMove,134038031503717522,660,370
MouseMove,134038031503795364,616,388
gaze,134038031503801756,608,270
MouseMove,134038031503875058,567,401
gaze,134038031503883262,608,280
MouseMove,134038031503956226,531,414
gaze,134038031503969051,606,272
MouseMove,134038031504035549,500,428
gaze,134038031504052506,600,279
MouseMove,134038031504116085,475,435
gaze,134038031504136419,603,278
MouseMove,134038031504195726,455,446
gaze,134038031504217119,604,279
MouseMove,134038031504276908,442,448
gaze,134038031504303497,605,276
MouseMove,134038031504355846,433,451
gaze,134038031504384536,605,275
MouseMove,134038031504435776,426,453
gaze,134038031504468711,601,280
MouseMove,134038031504516117,420,454
gaze,134038031504549208,603,277
MouseMove,134038031504596442,419,455
gaze,134038031504626474,609,279
MouseMove,134038031504675505,417,455
gaze,134038031504680753,602,285
gaze,134038031504762547,608,282
gaze,134038031504909834,601,281
gaze,134038031504966895,604,279
gaze,134038031505059868,605,267
gaze,134038031505137614,598,277
gaze,134038031505220134,611,273
gaze,134038031505299589,603,284
MouseMove,134038031505315712,417,455
gaze,134038031505388493,601,288
MouseMove,134038031505396666,414,455
gaze,134038031505466660,603,277
MouseMove,134038031505477099,408,455
gaze,134038031505554432,604,271
MouseMove,134038031505557484,390,455
gaze,134038031505628301,573,307
MouseMove,134038031505635549,364,452
gaze,134038031505709290,502,285
MouseMove,134038031505715916,326,445
MouseMove,134038031505797002,271,437
gaze,134038031505802691,504,284
MouseMove,134038031505877705,203,433
gaze,134038031505883052,514,285
MouseMove,134038031505955129,142,424
gaze,134038031505970663,514,284
MouseMove,134038031506036036,118,418
gaze,134038031506050451,512,277
gaze,134038031506136400,513,271
gaze,134038031506217298,511,275
gaze,134038031506303570,512,282
gaze,134038031506387110,513,281
gaze,134038031506472971,514,266
gaze,134038031506551398,509,289
gaze,134038031506626896,514,279
gaze,134038031506682471,511,278
gaze,134038031506762743,513,285
gaze,134038031506847261,507,277
gaze,134038031506992121,511,281
gaze,134038031507051014,511,289
gaze,134038031507135240,510,282
gaze,134038031507216333,512,279
gaze,134038031507303394,519,283
gaze,134038031507384028,514,279
gaze,134038031507470438,513,281
gaze,134038031507551502,510,288
gaze,134038031507635970,510,284
gaze,134038031507717516,515,280
gaze,134038031507793898,513,275
gaze,134038031507884863,517,289
gaze,134038031507967172,511,286
gaze,134038031508052635,506,284
gaze,134038031508132992,510,279
gaze,134038031508220150,503,279
gaze,134038031508303219,506,277
gaze,134038031508387458,506,275
gaze,134038031508466595,593,265
gaze,134038031508553512,782,241
gaze,134038031508628824,953,189
gaze,134038031508710663,1091,192
gaze,134038031508764944,1225,206
gaze,134038031508847191,1329,211
gaze,134038031508992922,1376,200
gaze,134038031509054373,1344,203
gaze,134038031509136481,1352,215
gaze,134038031509217470,1372,213
gaze,134038031509304720,1367,209
gaze,134038031509384354,1359,204
gaze,134038031509469685,1359,204
gaze,134038031509551510,1361,205
gaze,134038031509636687,1354,211
gaze,134038031509717017,1356,202
gaze,134038031509793628,1358,199
gaze,134038031509887477,1358,209
gaze,134038031509967235,1358,207
gaze,134038031510054526,1364,203
gaze,134038031510134851,1358,200
gaze,134038031510220348,1359,200
gaze,134038031510301606,1362,199
gaze,134038031510387132,1360,203
gaze,134038031510467659,1358,208
gaze,134038031510554490,1363,208
gaze,134038031510633434,1362,209
MouseMove,134038031510676736,119,418
gaze,134038031510710031,1366,207
MouseMove,134038031510756852,128,418
gaze,134038031510765664,1360,202
MouseMove,134038031510836132,131,418
gaze,134038031510846570,1357,204
gaze,134038031510995992,1361,213
gaze,134038031511051306,1362,214
gaze,134038031511135574,1361,210
MouseMove,134038031511155418,132,417
gaze,134038031511217907,1365,203
MouseMove,134038031511237312,133,417
gaze,134038031511301471,1358,203
MouseMove,134038031511316682,135,417
gaze,134038031511384359,1354,207
MouseMove,134038031511395435,152,422
gaze,134038031511470799,1356,217
MouseMove,134038031511475303,166,427
gaze,134038031511550602,1361,222
MouseMove,134038031511558420,176,431
MouseMove,134038031511635549,178,431
gaze,134038031511638946,1352,211
MouseMove,134038031511717331,178,431
gaze,134038031511717816,1359,203
MouseMove,134038031511796353,179,431
gaze,134038031511796528,1362,209
MouseMove,134038031511877309,180,431
gaze,134038031511885204,1360,213
MouseMove,134038031511955527,182,431
gaze,134038031511966739,1357,213
MouseMove,134038031512037207,185,431
gaze,134038031512052373,1354,208
MouseMove,134038031512117750,189,430
gaze,134038031512134512,1365,201
MouseMove,134038031512195473,199,427
gaze,134038031512221684,1386,184
MouseMove,134038031512276870,213,422
gaze,134038031512301076,1375,204
MouseMove,134038031512355576,231,419
gaze,134038031512386966,1377,205
MouseMove,134038031512435806,256,418
gaze,134038031512466466,1380,208
MouseMove,134038031512516077,283,412
gaze,134038031512553751,1372,201
MouseMove,134038031512596490,309,407
gaze,134038031512633955,1376,199
MouseMove,134038031512676520,330,404
gaze,134038031512711100,1382,201
MouseMove,134038031512756825,348,400
gaze,134038031512764471,1382,196
MouseMove,134038031512836936,363,399
gaze,134038031512846935,1386,198
MouseMove,134038031512915941,377,398
gaze,134038031512929484,1385,200
MouseMove,134038031512995369,396,397
MouseMove,134038031513075496,414,394
gaze,134038031513078497,1388,196
gaze,134038031513134505,1375,202
MouseMove,134038031513156769,427,393
gaze,134038031513221388,1370,204
MouseMove,134038031513236515,444,391
gaze,134038031513300626,1377,202
MouseMove,134038031513316175,467,388
gaze,134038031513387730,1376,204
MouseMove,134038031513396440,511,388
gaze,134038031513466711,1375,196
MouseMove,134038031513476177,546,388
gaze,134038031513553249,1372,197
MouseMove,134038031513555204,576,388
gaze,134038031513633898,1373,192
MouseMove,134038031513635216,595,388
MouseMove,134038031513716172,614,388
gaze,134038031513720285,1372,199
MouseMove,134038031513795127,623,388
gaze,134038031513799983,1371,197
MouseMove,134038031513875313,633,388
gaze,134038031513876335,1370,195
MouseMove,134038031513955757,640,388
gaze,134038031513968645,1373,202
MouseMove,134038031514036652,645,387
gaze,134038031514054520,1369,196
MouseMove,134038031514116141,653,386
gaze,134038031514136414,1374,197
MouseMove,134038031514195944,663,385
gaze,134038031514220345,1368,195
MouseMove,134038031514275176,675,383
gaze,134038031514300910,1374,196
MouseMove,134038031514358088,686,382
gaze,134038031514389786,1372,199
MouseMove,134038031514436683,692,381
gaze,134038031514467089,1372,198
MouseMove,134038031514516248,701,380
gaze,134038031514552919,1377,208
MouseMove,134038031514597176,705,380
gaze,134038031514634380,1377,207
MouseMove,134038031514676327,706,378
gaze,134038031514719968,1376,203
MouseMove,134038031514756900,708,378
gaze,134038031514789821,1375,198
MouseMove,134038031514835782,709,378
gaze,134038031514850298,1375,196
gaze,134038031514929603,1376,205
MouseMove,134038031514995755,709,378
gaze,134038031515014783,1375,199
MouseMove,134038031515075406,711,378
MouseMove,134038031515155812,713,378
gaze,134038031515161927,1381,201
gaze,134038031515216382,1378,204
MouseMove,134038031515235451,718,379
gaze,134038031515305301,1378,197
MouseMove,134038031515315302,728,380
gaze,134038031515384630,1376,195
MouseMove,134038031515395592,743,383
gaze,134038031515470409,1425,243
MouseMove,134038031515478060,757,384
gaze,134038031515551839,1448,264
MouseMove,134038031515556006,778,386
MouseMove,134038031515635447,805,386
gaze,134038031515637975,1429,244
MouseMove,134038031515715742,847,389
gaze,134038031515717743,1430,236
MouseMove,134038031515795692,885,389
gaze,134038031515804542,1435,243
MouseMove,134038031515877920,925,389
gaze,134038031515883966,1433,252
MouseMove,134038031515955428,950,389
gaze,134038031515960441,1434,255
MouseMove,134038031516035271,983,389
gaze,134038031516052114,1438,246
MouseMove,134038031516118715,1013,389
gaze,134038031516134376,1434,242
MouseMove,134038031516195506,1032,389
gaze,134038031516219854,1434,248
MouseMove,134038031516275514,1047,388
gaze,134038031516300906,1431,248
MouseMove,134038031516356316,1058,385
gaze,134038031516387564,1431,249
MouseMove,134038031516437084,1064,384
gaze,134038031516467426,1431,252
MouseMove,134038031516516571,1071,383
gaze,134038031516554770,1429,257
MouseMove,134038031516596660,1075,382
gaze,134038031516634241,1429,258
MouseMove,134038031516676204,1078,380
gaze,134038031516720608,1425,259
MouseMove,134038031516755833,1080,379
gaze,134038031516800349,1426,255
MouseMove,134038031516836208,1082,379
gaze,134038031516876612,1430,255
MouseMove,134038031516916132,1085,379
gaze,134038031516931397,1430,254
MouseMove,134038031516996094,1088,379
gaze,134038031517013946,1438,246
MouseMove,134038031517076498,1090,379
MouseMove,134038031517159345,1091,379
gaze,134038031517162491,1433,252
gaze,134038031517216494,1425,246
gaze,134038031517303893,1432,250
gaze,134038031517384060,1431,244
gaze,134038031517470560,1431,247
gaze,134038031517551459,1434,252
gaze,134038031517638355,1431,259
gaze,134038031517717317,1429,258
gaze,134038031517808882,1431,254
gaze,134038031517883824,1430,252
gaze,134038031517959658,1434,250
gaze,134038031518053116,1433,250
gaze,134038031518134407,1426,250
gaze,134038031518219344,1429,248
gaze,134038031518300382,1426,251
gaze,134038031518395673,1423,254
gaze,134038031518467673,1361,254
gaze,134038031518554610,1228,211
gaze,134038031518638744,1114,158
gaze,134038031518720607,1025,128
gaze,134038031518804728,951,135
gaze,134038031518876631,899,128
gaze,134038031518935434,915,127
gaze,134038031519014459,918,113
gaze,134038031519136892,907,110
gaze,134038031519217881,908,122
gaze,134038031519302774,914,121
gaze,134038031519385278,908,111
gaze,134038031519470649,907,121
MouseMove,134038031519476711,1092,377
gaze,134038031519550303,912,119
MouseMove,134038031519556337,1088,374
MouseMove,134038031519635065,1077,369
gaze,134038031519637741,911,116
MouseMove,134038031519715637,1068,368
gaze,134038031519717698,913,116
MouseMove,134038031519795825,1063,368
gaze,134038031519804275,913,122
MouseMove,134038031519876303,1061,368
gaze,134038031519884975,911,127
gaze,134038031519966557,911,115
gaze,134038031520047895,909,106
MouseMove,134038031520117147,1061,368
gaze,134038031520135334,907,105
gaze,134038031520217230,912,113
gaze,134038031520303715,912,107
gaze,134038031520384596,913,106
MouseMove,134038031520436036,1061,367
gaze,134038031520470550,912,110
MouseMove,134038031520515632,1061,366
gaze,134038031520550780,914,107
MouseMove,134038031520596771,1060,363
gaze,134038031520636466,912,108
MouseMove,134038031520676460,1058,360
gaze,134038031520718107,908,123
MouseMove,134038031520756689,1057,358
gaze,134038031520804214,906,125
MouseMove,134038031520837337,1055,357
gaze,134038031520879240,910,121
MouseMove,134038031520915930,1055,356
gaze,134038031520947475,906,112
MouseMove,134038031520998056,1054,354
gaze,134038031521013965,912,122
gaze,134038031521098102,913,122
MouseMove,134038031521156311,1054,354
gaze,134038031521246636,946,126
gaze,134038031521301194,969,123
MouseMove,134038031521315429,1054,353
gaze,134038031521387277,962,122
MouseMove,134038031521396070,1054,352
gaze,134038031521467312,957,125
MouseMove,134038031521475284,1054,349
gaze,134038031521554128,960,125
MouseMove,134038031521555424,1054,346
gaze,134038031521634076,958,123
MouseMove,134038031521635450,1053,342
MouseMove,134038031521715973,1050,337
gaze,134038031521720853,961,129
MouseMove,134038031521795630,1044,331
gaze,134038031521801091,962,127
MouseMove,134038031521875299,1039,324
gaze,134038031521887324,964,128
MouseMove,134038031521956227,1034,317
gaze,134038031521966534,959,132
MouseMove,134038031522036230,1028,310
gaze,134038031522043436,959,131
MouseMove,134038031522115989,1023,305
gaze,134038031522135897,957,132
MouseMove,134038031522195395,1018,300
gaze,134038031522218549,963,126
MouseMove,134038031522275186,1010,293
gaze,134038031522302215,960,123
MouseMove,134038031522356790,1007,287
gaze,134038031522384203,961,122
MouseMove,134038031522438205,1004,282
gaze,134038031522471152,960,121
MouseMove,134038031522516771,1003,278
gaze,134038031522550513,961,124
MouseMove,134038031522595431,1001,275
gaze,134038031522636875,959,128
MouseMove,134038031522675433,1000,270
gaze,134038031522717510,964,137
MouseMove,134038031522756535,999,265
gaze,134038031522804266,964,135
MouseMove,134038031522836952,997,260
gaze,134038031522884474,962,133
MouseMove,134038031522917405,995,254
gaze,134038031522960077,960,128
MouseMove,134038031522995805,994,250
gaze,134038031523015093,956,122
MouseMove,134038031523076975,990,244
gaze,134038031523096687,965,124
MouseMove,134038031523156069,987,239
gaze,134038031523221403,968,127
MouseMove,134038031523235893,986,236
gaze,134038031523301798,965,131
MouseMove,134038031523315624,986,235
gaze,134038031523386874,959,127
MouseMove,134038031523396409,986,233
gaze,134038031523466674,962,129
MouseMove,134038031523475206,986,233
gaze,134038031523553861,961,128
MouseMove,134038031523555116,986,232
gaze,134038031523633654,963,137
MouseMove,134038031523635925,986,232
MouseMove,134038031523715823,986,231
gaze,134038031523720613,964,136
MouseMove,134038031523796409,986,229
gaze,134038031523801206,963,134
MouseMove,134038031523875053,986,229
gaze,134038031523886384,963,130
MouseMove,134038031523957297,986,227
gaze,134038031523966595,964,129
MouseMove,134038031524035655,986,225
gaze,134038031524052382,963,125
gaze,134038031524129780,965,125
MouseMove,134038031524195549,987,224
gaze,134038031524221217,957,129
MouseMove,134038031524276513,987,223
gaze,134038031524301441,958,137
gaze,134038031524387974,960,145
MouseMove,134038031524438569,987,223
gaze,134038031524467383,959,145
MouseMove,134038031524515277,988,221
gaze,134038031524553878,958,253
MouseMove,134038031524595613,988,221
gaze,134038031524623099,794,853
MouseMove,134038031524675789,989,220
MouseMove,134038031524755995,989,219
MouseMove,134038031524835138,990,218
gaze,134038031525470380,964,356
gaze,134038031525553163,973,236
gaze,134038031525639311,987,183
gaze,134038031525717667,989,131
gaze,134038031525805114,992,96
gaze,134038031525884718,986,106
gaze,134038031525973315,987,129
gaze,134038031526052274,985,143
gaze,134038031526133993,987,141
gaze,134038031526212916,988,152
gaze,134038031526303597,988,141
gaze,134038031526393040,984,142
gaze,134038031526473027,986,133
gaze,134038031526552396,987,139
gaze,134038031526640324,988,140
gaze,134038031526718634,990,137
gaze,134038031526803827,987,130
gaze,134038031526884338,987,131
gaze,134038031526972218,990,127
gaze,134038031527047336,989,133
gaze,134038031527113750,988,128
gaze,134038031527181478,987,130
gaze,134038031527304106,989,127
gaze,134038031527386481,984,134
gaze,134038031527472712,989,137
gaze,134038031527551667,985,136
gaze,134038031527639100,984,132
gaze,134038031527726732,987,140
gaze,134038031527810464,985,123
gaze,134038031527885517,982,122
gaze,134038031527972300,1013,135
gaze,134038031528052425,1150,160
gaze,134038031528134751,1278,133
gaze,134038031528215185,1373,125
gaze,134038031528304894,1368,138
gaze,134038031528386421,1344,127
gaze,134038031528472316,1359,132
gaze,134038031528552231,1372,129
gaze,134038031528640088,1377,121
gaze,134038031528719327,1373,132
gaze,134038031528805731,1363,121
gaze,134038031528885465,1366,131
gaze,134038031528973481,1365,121
gaze,134038031529046577,1364,124
gaze,134038031529115255,1372,136
gaze,134038031529182993,1367,130
gaze,134038031529305443,1376,126
gaze,134038031529388215,1376,134
gaze,134038031529471970,1370,120
gaze,134038031529552569,1373,129
gaze,134038031529640068,1368,122
gaze,134038031529719778,1372,123
gaze,134038031529806032,1375,123
gaze,134038031529885868,1370,134
gaze,134038031529973495,1369,134
gaze,134038031530052090,1375,124
gaze,134038031530134583,1373,121
gaze,134038031530214850,1369,131
gaze,134038031530303249,1372,129
gaze,134038031530385369,1370,121
gaze,134038031530472193,1378,128
gaze,134038031530551625,1334,133
gaze,134038031530637871,1169,121
gaze,134038031530719381,1015,104
gaze,134038031530805937,904,92
gaze,134038031530886097,861,106
gaze,134038031530973027,875,114
gaze,134038031531046412,884,102
gaze,134038031531115789,862,96
gaze,134038031531182273,860,100
gaze,134038031531264558,860,107
gaze,134038031531388965,862,107
gaze,134038031531471905,867,108
gaze,134038031531554550,867,108
gaze,134038031531636351,865,105
gaze,134038031531724138,867,112
gaze,134038031531802560,870,108
gaze,134038031531888017,866,111
gaze,134038031531968702,867,104
gaze,134038031532055536,868,113
gaze,134038031532135652,862,113
gaze,134038031532217193,866,112
gaze,134038031532297462,870,111
gaze,134038031532387146,867,109
gaze,134038031532469272,864,107
gaze,134038031532552243,864,106
gaze,134038031532635904,871,111
gaze,134038031532719468,864,103
gaze,134038031532802317,865,114
gaze,134038031532885937,870,109
gaze,134038031532969036,865,108
gaze,134038031533053013,866,106
MouseMove,134038031533075266,990,216
gaze,134038031533130823,868,107
MouseMove,134038031533155942,985,207
gaze,134038031533196659,871,108
MouseMove,134038031533236061,972,200
gaze,134038031533265910,875,110
MouseMove,134038031533317708,957,193
gaze,134038031533348348,839,116
MouseMove,134038031533396995,940,187
gaze,134038031533469601,778,119
MouseMove,134038031533481139,921,182
gaze,134038031533551755,781,121
MouseMove,134038031533556625,909,178
MouseMove,134038031533635898,895,174
gaze,134038031533636168,806,111
MouseMove,134038031533715462,883,171
gaze,134038031533718941,793,114
MouseMove,134038031533795339,873,167
gaze,134038031533801908,797,118
MouseMove,134038031533875013,865,163
gaze,134038031533885110,793,129
MouseMove,134038031533955595,855,160
gaze,134038031533967868,794,127
MouseMove,134038031534035921,843,158
gaze,134038031534054116,790,117
MouseMove,134038031534115801,827,153
gaze,134038031534135301,793,117
MouseMove,134038031534196982,811,148
gaze,134038031534221080,789,118
MouseMove,134038031534275885,792,143
gaze,134038031534296988,793,115
MouseMove,134038031534355403,779,139
gaze,134038031534391646,792,116
MouseMove,134038031534436067,770,137
gaze,134038031534471312,792,116
MouseMove,134038031534516303,764,135
gaze,134038031534552494,798,124
MouseMove,134038031534595718,762,134
gaze,134038031534635566,790,123
gaze,134038031534719386,796,125
MouseMove,134038031534757047,761,134
gaze,134038031534802308,793,122
MouseMove,134038031534835723,761,133
gaze,134038031534884447,792,113
MouseMove,134038031534915837,761,133
gaze,134038031534971266,794,114
MouseMove,134038031534995905,761,132
gaze,134038031535050834,794,116
MouseMove,134038031535075920,761,131
gaze,134038031535138368,793,121
MouseMove,134038031535155512,761,130
gaze,134038031535213643,788,119
MouseMove,134038031535235333,761,130
gaze,134038031535280140,791,120
gaze,134038031535348404,791,114
gaze,134038031535430026,794,115
MouseMove,134038031535477207,761,129
gaze,134038031535552844,795,125
MouseMove,134038031535555579,762,128
MouseMove,134038031535635465,763,127
gaze,134038031535635923,793,120
MouseMove,134038031535716060,764,127
gaze,134038031535722259,785,116
gaze,134038031535801466,785,123
gaze,134038031535885246,788,120
gaze,134038031535967195,794,123
gaze,134038031536054679,792,121
MouseMove,134038031536116861,765,126
gaze,134038031536134845,792,124
MouseMove,134038031536195749,765,126
gaze,134038031536221091,790,121
MouseMove,134038031536274918,768,126
gaze,134038031536301043,788,121
MouseMove,134038031536356838,772,125
gaze,134038031536381945,788,121
MouseMove,134038031536437173,776,125
gaze,134038031536464742,787,128
MouseMove,134038031536516789,781,124
gaze,134038031536552451,782,128
MouseMove,134038031536596546,785,123
gaze,134038031536636037,787,121
MouseMove,134038031536676950,788,123
gaze,134038031536717734,788,121
MouseMove,134038031536756626,791,123
gaze,134038031536804530,788,120
MouseMove,134038031536836884,791,123
gaze,134038031536884504,788,124
MouseMove,134038031536916100,792,122
gaze,134038031536971221,788,124
gaze,134038031537050951,786,131
gaze,134038031537138467,788,122
gaze,134038031537218419,790,121
gaze,134038031537298487,787,123
gaze,134038031537361889,790,126
gaze,134038031537431625,787,122
gaze,134038031537552994,791,116
gaze,134038031537636481,788,122
gaze,134038031537718931,791,123
gaze,134038031537804095,789,123
gaze,134038031537885111,788,120
gaze,134038031537971739,788,115
gaze,134038031538051371,791,119
gaze,134038031538137194,787,122
gaze,134038031538217482,790,127
gaze,134038031538305001,789,123
gaze,134038031538384783,790,124
gaze,134038031538468410,788,119
gaze,134038031538552300,787,118
gaze,134038031538635440,790,125
gaze,134038031538718594,786,120
gaze,134038031538802556,790,127
gaze,134038031538892127,805,130
gaze,134038031538968159,842,128
gaze,134038031539054982,852,122
gaze,134038031539135841,850,122
gaze,134038031539220854,846,125
gaze,134038031539296395,850,121
MouseMove,134038031539314962,793,122
gaze,134038031539363621,848,119
MouseMove,134038031539396157,794,122
gaze,134038031539431577,851,119
MouseMove,134038031539476492,794,122
gaze,134038031539552547,849,123
MouseMove,134038031539556056,796,122
MouseMove,134038031539636375,799,122
gaze,134038031539636201,845,124
MouseMove,134038031539717155,802,122
gaze,134038031539722044,842,118
MouseMove,134038031539803474,806,122
gaze,134038031539803678,846,114
MouseMove,134038031539875907,815,122
gaze,134038031539885156,843,121
MouseMove,134038031539957282,826,122
gaze,134038031539969548,851,126
MouseMove,134038031540036728,835,122
gaze,134038031540053098,852,125
MouseMove,134038031540115753,843,122
gaze,134038031540134840,852,124
MouseMove,134038031540195300,848,122
gaze,134038031540220312,846,133
MouseMove,134038031540275290,852,122
gaze,134038031540301571,849,129
MouseMove,134038031540357110,855,121
gaze,134038031540382657,855,125
gaze,134038031540462326,851,124
gaze,134038031540553041,846,121
gaze,134038031540635385,846,125
gaze,134038031540718431,851,118
gaze,134038031540801671,848,117
gaze,134038031540884560,841,113
gaze,134038031540968546,843,117
gaze,134038031541060003,842,120
gaze,134038031541134755,847,126
gaze,134038031541221451,850,126
gaze,134038031541297998,847,127
gaze,134038031541364807,846,118
MouseMove,134038031541396532,855,121
gaze,134038031541431145,841,116
MouseMove,134038031541476078,856,121
gaze,134038031541553166,842,122
MouseMove,134038031541555841,857,121
MouseMove,134038031541635338,858,121
gaze,134038031541634809,845,118
gaze,134038031541720676,846,119
gaze,134038031541801057,844,123
gaze,134038031541891973,845,126
gaze,134038031541968027,842,122
gaze,134038031542054597,840,127
gaze,134038031542135727,841,122
gaze,134038031542221664,842,121
gaze,134038031542300857,842,123
gaze,134038031542384669,841,129
LeftMouseDown,134038031542437687
gaze,134038031542463174,840,127
gaze,134038031542552985,842,124
gaze,134038031542635288,840,119
gaze,134038031542721990,837,118
gaze,134038031542804294,842,123
gaze,134038031542888327,843,125
gaze,134038031542967656,844,131
gaze,134038031543054635,838,127
gaze,134038031543134582,837,126
LeftMouseUp,134038031543156490
gaze,134038031543221060,819,164
gaze,134038031543296676,768,288
gaze,134038031543365745,756,439
gaze,134038031543433221,750,470
gaze,134038031543553378,763,451
gaze,134038031543636704,758,441
gaze,134038031543719453,755,447
gaze,134038031543805470,753,470
gaze,134038031543885178,753,463
gaze,134038031543970804,758,463
gaze,134038031544053969,750,464
gaze,134038031544137642,757,467
gaze,134038031544217995,752,459
gaze,134038031544305807,750,470
gaze,134038031544380649,746,464
gaze,134038031544468513,750,469
gaze,134038031544552778,747,474
gaze,134038031544635923,749,469
MouseMove,134038031544679152,858,121
gaze,134038031544719114,750,465
MouseMove,134038031544756755,858,121
gaze,134038031544802646,752,476
MouseMove,134038031544835713,858,122
gaze,134038031544885411,753,469
MouseMove,134038031544915205,858,123
gaze,134038031544967048,752,460
MouseMove,134038031544995327,858,125
gaze,134038031545055777,754,460
MouseMove,134038031545076025,858,126
gaze,134038031545135634,753,473
MouseMove,134038031545155219,858,128
gaze,134038031545222068,754,464
MouseMove,134038031545236109,858,129
gaze,134038031545296371,749,468
MouseMove,134038031545316147,858,132
gaze,134038031545372301,752,471
MouseMove,134038031545396121,858,135
gaze,134038031545434005,754,477
MouseMove,134038031545478421,858,139
gaze,134038031545516083,753,470
MouseMove,134038031545555324,858,145
MouseMove,134038031545635310,858,151
gaze,134038031545637253,755,466
MouseMove,134038031545716361,858,159
gaze,134038031545720259,750,471
MouseMove,134038031545795409,858,170
gaze,134038031545801997,751,475
MouseMove,134038031545875987,858,179
gaze,134038031545887443,752,468
MouseMove,134038031545955842,860,189
gaze,134038031545968173,750,460
MouseMove,134038031546036365,862,202
gaze,134038031546054543,753,470
MouseMove,134038031546115499,863,214
gaze,134038031546135366,754,468
MouseMove,134038031546195230,865,229
gaze,134038031546222249,753,464
MouseMove,134038031546274989,866,244
gaze,134038031546302933,753,467
MouseMove,134038031546356748,866,260
gaze,134038031546388318,733,455
MouseMove,134038031546435613,866,282
gaze,134038031546464013,644,426
MouseMove,134038031546517355,866,309
gaze,134038031546551043,566,399
MouseMove,134038031546596935,866,328
gaze,134038031546635820,519,374
MouseMove,134038031546678256,866,345
gaze,134038031546720761,529,372
MouseMove,134038031546756013,864,358
gaze,134038031546823886,541,367
MouseMove,134038031546835522,863,370
gaze,134038031546887160,531,354
MouseMove,134038031546915434,862,381
gaze,134038031546969237,534,353
MouseMove,134038031546995940,859,390
gaze,134038031547051822,522,349
MouseMove,134038031547075803,857,399
gaze,134038031547136854,534,346
MouseMove,134038031547155546,854,403
gaze,134038031547219872,529,346
MouseMove,134038031547236896,853,408
gaze,134038031547301530,533,343
MouseMove,134038031547317340,852,410
gaze,134038031547384346,530,355
MouseMove,134038031547396835,850,412
gaze,134038031547444094,527,348
MouseMove,134038031547475925,849,413
gaze,134038031547515781,536,342
MouseMove,134038031547555900,846,416
gaze,134038031547598661,532,339
MouseMove,134038031547636449,845,417
MouseMove,134038031547717263,841,421
gaze,134038031547719314,533,353
MouseMove,134038031547795895,838,424
gaze,134038031547803919,531,344
MouseMove,134038031547875549,834,428
gaze,134038031547884767,537,358
MouseMove,134038031547956283,829,435
gaze,134038031547972258,533,357
MouseMove,134038031548036814,824,441
gaze,134038031548052871,530,357
MouseMove,134038031548116787,819,446
gaze,134038031548137808,529,349
MouseMove,134038031548197087,816,450
gaze,134038031548217796,530,340
MouseMove,134038031548275124,814,452
gaze,134038031548304630,527,352
MouseMove,134038031548355652,813,453
gaze,134038031548385926,531,345
MouseMove,134038031548435576,811,456
gaze,134038031548471006,532,346
MouseMove,134038031548516291,810,457
gaze,134038031548544941,533,345
MouseMove,134038031548596100,809,458
gaze,134038031548633015,536,349
MouseMove,134038031548675561,807,461
gaze,134038031548720227,533,351
MouseMove,134038031548755588,806,462
gaze,134038031548801896,534,349
MouseMove,134038031548836877,804,464
gaze,134038031548888718,532,343
MouseMove,134038031548916357,803,465
gaze,134038031548972785,532,343
MouseMove,134038031548997325,800,467
gaze,134038031549054631,531,343
MouseMove,134038031549075698,798,468
gaze,134038031549134356,537,335
MouseMove,134038031549157022,797,469
gaze,134038031549221493,532,344
MouseMove,134038031549235253,796,469
gaze,134038031549301365,492,352
MouseMove,134038031549316730,795,469
gaze,134038031549383458,456,374
MouseMove,134038031549396164,794,469
gaze,134038031549459547,445,368
MouseMove,134038031549475433,793,469
gaze,134038031549523365,459,370
MouseMove,134038031549555700,793,469
gaze,134038031549594442,456,370
gaze,134038031549676400,449,373
gaze,134038031549798571,455,374
MouseMove,134038031549876673,792,469
gaze,134038031549882238,454,365
gaze,134038031549965274,453,368
MouseMove,134038031550036240,791,469
gaze,134038031550051752,449,371
gaze,134038031550132034,451,371
MouseMove,134038031550195889,790,469
gaze,134038031550216414,455,369
MouseMove,134038031550275734,790,468
gaze,134038031550298449,453,372
MouseMove,134038031550355923,790,468
gaze,134038031550381905,459,373
MouseMove,134038031550436541,790,465
gaze,134038031550465197,459,362
MouseMove,134038031550516274,790,464
gaze,134038031550547551,459,370
MouseMove,134038031550594986,789,462
gaze,134038031550626907,454,368
MouseMove,134038031550677271,789,460
gaze,134038031550711173,454,366
MouseMove,134038031550756495,789,457
gaze,134038031550799347,454,370
MouseMove,134038031550836623,788,454
gaze,134038031550881519,455,368
MouseMove,134038031550915784,788,453
gaze,134038031550965508,458,362
MouseMove,134038031550997773,788,452
gaze,134038031551048755,453,361
MouseMove,134038031551076924,788,451
gaze,134038031551132501,454,367
MouseMove,134038031551156055,788,450
gaze,134038031551220286,488,367
MouseMove,134038031551235823,788,448
gaze,134038031551303136,538,372
MouseMove,134038031551317186,788,448
gaze,134038031551390328,541,359
MouseMove,134038031551396599,788,447
gaze,134038031551470520,549,371
MouseMove,134038031551475899,788,446
gaze,134038031551547340,543,375
MouseMove,134038031551556780,788,445
gaze,134038031551611367,549,373
MouseMove,134038031551635358,788,445
gaze,134038031551681449,543,378
gaze,134038031551764747,543,368
gaze,134038031551909855,549,378
gaze,134038031551968172,554,374
gaze,134038031552055943,551,370
gaze,134038031552135154,549,372
gaze,134038031552220858,546,371
gaze,134038031552301319,549,380
gaze,134038031552388191,558,378
gaze,134038031552468505,554,375
gaze,134038031552553091,548,382
gaze,134038031552635216,547,379
gaze,134038031552710052,549,373
MouseMove,134038031552756330,788,444
gaze,134038031552803233,554,371
gaze,134038031552885049,551,390
MouseMove,134038031552916001,788,443
gaze,134038031552970229,559,381
gaze,134038031553052869,619,373
gaze,134038031553137361,677,376
gaze,134038031553218770,676,373
gaze,134038031553304371,676,369
MouseMove,134038031553315351,788,442
gaze,134038031553385380,681,380
gaze,134038031553470554,685,386
MouseMove,134038031553476272,788,442
gaze,134038031553551106,684,377
MouseMove,134038031553555876,788,441
gaze,134038031553625306,683,372
gaze,134038031553684267,682,376
MouseMove,134038031553716256,788,440
gaze,134038031553763686,681,374
MouseMove,134038031553796304,788,438
MouseMove,134038031553875056,789,438
gaze,134038031553885509,686,399
MouseMove,134038031553956933,790,437
gaze,134038031553968892,687,372
MouseMove,134038031554035520,790,437
gaze,134038031554061935,690,385
gaze,134038031554135330,685,378
gaze,134038031554220351,685,381
MouseMove,134038031554276330,790,436
gaze,134038031554301010,680,376
MouseMove,134038031554356483,790,436
gaze,134038031554391697,686,404
MouseMove,134038031554436506,791,434
gaze,134038031554468904,684,391
MouseMove,134038031554516648,792,431
gaze,134038031554556691,688,405
gaze,134038031554634886,685,394
MouseMove,134038031554681055,792,430
gaze,134038031554715210,687,387
MouseMove,134038031554757461,792,430
gaze,134038031554797268,681,377
MouseMove,134038031554835287,792,429
gaze,134038031554885561,723,398
gaze,134038031554968012,777,385
MouseMove,134038031554995746,792,428
gaze,134038031555052269,767,392
gaze,134038031555135805,761,401
gaze,134038031555217434,763,410
gaze,134038031555304288,768,402
gaze,134038031555384927,770,415
gaze,134038031555472347,772,404
gaze,134038031555552171,771,409
gaze,134038031555632809,769,380
gaze,134038031555695925,771,403
gaze,134038031555764838,771,402
gaze,134038031555848023,768,405
gaze,134038031555994472,769,407
MouseMove,134038031556036449,792,427
gaze,134038031556051042,763,404
gaze,134038031556136574,770,413
gaze,134038031556219143,768,422
MouseMove,134038031556276658,793,427
gaze,134038031556304307,768,417
gaze,134038031556385446,773,400
MouseMove,134038031556435686,793,425
gaze,134038031556471307,772,414
gaze,134038031556552331,771,413
gaze,134038031556637053,772,422
gaze,134038031556721457,770,391
gaze,134038031556794852,769,416
gaze,134038031556886426,765,414
gaze,134038031556967128,766,410
MouseMove,134038031556995422,794,425
gaze,134038031557054066,767,416
gaze,134038031557137842,771,407
MouseMove,134038031557156364,795,425
gaze,134038031557220227,771,401
MouseMove,134038031557235188,795,424
gaze,134038031557301244,771,386
MouseMove,134038031557316091,795,424
gaze,134038031557388066,769,404
MouseMove,134038031557397188,796,423
gaze,134038031557468107,766,406
gaze,134038031557554247,773,410
gaze,134038031557634682,770,414
MouseMove,134038031557636060,796,422
gaze,134038031557711020,770,410
gaze,134038031557765704,768,417
gaze,134038031557847871,770,414
gaze,134038031557968122,767,423
gaze,134038031558053898,768,420
gaze,134038031558134953,766,421
gaze,134038031558220271,769,426
gaze,134038031558301768,766,417
gaze,134038031558388288,764,422
gaze,134038031558468032,767,389
gaze,134038031558553834,769,421
gaze,134038031558634852,765,408
gaze,134038031558721717,768,420
gaze,134038031558797008,772,417
gaze,134038031558884529,772,412
gaze,134038031558969542,764,419
gaze,134038031559052798,768,419
gaze,134038031559136230,773,418
gaze,134038031559218978,771,406
gaze,134038031559302809,770,421
gaze,134038031559385977,768,427
gaze,134038031559469318,771,437
gaze,134038031559551551,772,428
gaze,134038031559637415,773,426
gaze,134038031559714144,769,407
gaze,134038031559781562,772,408
gaze,134038031559849355,768,413
gaze,134038031559931957,769,419
gaze,134038031560053595,769,411
gaze,134038031560135662,769,416
gaze,134038031560220801,770,422
gaze,134038031560300776,776,427
gaze,134038031560388604,775,426
gaze,134038031560467917,775,435
gaze,134038031560554379,768,432
gaze,134038031560637429,776,429
gaze,134038031560721714,774,427
gaze,134038031560802422,767,421
gaze,134038031560883702,774,428
gaze,134038031560962916,771,434
gaze,134038031561053298,774,433
gaze,134038031561136162,772,431
gaze,134038031561219690,767,434
gaze,134038031561302563,776,459
gaze,134038031561386451,769,441
gaze,134038031561468999,772,426
gaze,134038031561555604,805,474
gaze,134038031561636418,758,707
gaze,134038031561708106,663,1026
gaze,134038031569396713,280,946
gaze,134038031569479567,318,755
gaze,134038031569562882,294,590
gaze,134038031569647925,385,495
gaze,134038031569729921,457,444
gaze,134038031569817201,455,415
gaze,134038031569884981,453,385
gaze,134038031569944404,447,372
gaze,134038031570025648,457,413
gaze,134038031570174284,452,438
gaze,134038031570236311,455,438
gaze,134038031570314914,455,439
gaze,134038031570395862,454,445
gaze,134038031570480976,447,436
gaze,134038031570561603,456,434
gaze,134038031570649075,464,430
gaze,134038031570729621,461,432
gaze,134038031570814480,457,438
gaze,134038031570895205,457,431
gaze,134038031570972591,457,428
gaze,134038031571063957,455,432
gaze,134038031571144555,455,429
gaze,134038031571232080,455,426
gaze,134038031571311674,459,426
gaze,134038031571396570,458,426
gaze,134038031571477460,444,413
gaze,134038031571564764,435,416
gaze,134038031571644458,438,411
gaze,134038031571729470,444,419
gaze,134038031571810911,442,414
gaze,134038031571886723,435,411
gaze,134038031571941073,438,408
gaze,134038031572024105,448,415
gaze,134038031572106601,441,409
gaze,134038031572254895,443,409
gaze,134038031572312418,443,403
gaze,134038031572396966,447,393
gaze,134038031572476863,442,398
gaze,134038031572563055,441,400
gaze,134038031572643493,441,396
gaze,134038031572728274,450,402
gaze,134038031572810479,447,405
gaze,134038031572895806,444,401
gaze,134038031572975745,443,404
gaze,134038031573052427,477,402
gaze,134038031573145258,540,401
gaze,134038031573225486,533,382
gaze,134038031573311541,537,377
gaze,134038031573392621,537,379
gaze,134038031573478503,544,386
gaze,134038031573558599,547,386
gaze,134038031573644174,536,382
gaze,134038031573725276,542,377
gaze,134038031573812163,541,377
gaze,134038031573891211,537,384
gaze,134038031573968311,543,384
gaze,134038031574022629,539,380
gaze,134038031574106401,538,365
gaze,134038031574188823,535,366
gaze,134038031574337784,534,377
gaze,134038031574391856,534,368
gaze,134038031574477188,538,368
gaze,134038031574556713,539,369
gaze,134038031574644051,535,366
gaze,134038031574724309,535,358
gaze,134038031574810869,530,342
gaze,134038031574890061,535,351
gaze,134038031574975502,532,348
gaze,134038031575057551,532,353
gaze,134038031575133375,538,359
gaze,134038031575225699,537,360
gaze,134038031575307114,536,345
gaze,134038031575394421,535,363
gaze,134038031575474431,532,359
gaze,134038031575557865,532,360
gaze,134038031575641425,536,347
gaze,134038031575725801,539,354
gaze,134038031575806897,537,366
gaze,134038031575892661,536,339
gaze,134038031575973273,537,358
gaze,134038031576049494,534,367
gaze,134038031576104217,538,333
gaze,134038031576185978,533,351
gaze,134038031576268806,534,364
gaze,134038031576416879,540,362
gaze,134038031576473300,534,354
gaze,134038031576559092,533,356
gaze,134038031576638895,531,361
gaze,134038031576725624,536,362
gaze,134038031576806093,579,361
gaze,134038031576891663,652,337
gaze,134038031576972935,678,322
gaze,134038031577059524,684,312
gaze,134038031577139366,682,326
gaze,134038031577214565,687,325
gaze,134038031577307161,687,327
gaze,134038031577388848,689,313
gaze,134038031577473935,689,320
gaze,134038031577555184,691,317
gaze,134038031577641567,687,320
gaze,134038031577721695,685,333
gaze,134038031577808712,682,319
gaze,134038031577888489,685,333
gaze,134038031577975977,689,348
gaze,134038031578063252,687,347
gaze,134038031578130738,685,339
gaze,134038031578186133,692,330
gaze,134038031578266723,683,337
gaze,134038031578351495,690,354
gaze,134038031578498361,684,349
gaze,134038031578554456,688,353
gaze,134038031578641393,686,353
gaze,134038031578721286,688,359
gaze,134038031578807087,685,347
gaze,134038031578887155,686,363
gaze,134038031578973682,687,374
gaze,134038031579054671,688,368
gaze,134038031579139732,686,386
gaze,134038031579219652,680,378
gaze,134038031579296576,683,389
gaze,134038031579389724,681,369
gaze,134038031579471814,680,426
gaze,134038031579555158,618,744
KeyDown,134038031582596461,160
KeyDown,134038031584915589,73
KeyUp,134038031585636689,73
KeyUp,134038031586195689,160
KeyDown,134038031587478875,84
KeyUp,134038031588195756,84
KeyDown,134038031588515733,32
KeyUp,134038031589077389,32
KeyDown,134038031591156260,79
KeyUp,134038031591875502,79
KeyDown,134038031593156339,67
KeyUp,134038031593716158,67
KeyDown,134038031594596113,67
KeyUp,134038031595315673,67
KeyDown,134038031595716322,85
KeyUp,134038031596356172,85
gaze,134038031597387561,340,1183
gaze,134038031597482219,399,742
gaze,134038031597553609,495,537
KeyDown,134038031597636148,82
gaze,134038031597651192,493,520
gaze,134038031597729854,490,575
gaze,134038031597816955,499,551
gaze,134038031597897372,492,531
gaze,134038031597982472,491,521
gaze,134038031598071787,486,520
gaze,134038031598150964,493,521
KeyUp,134038031598196250,82
gaze,134038031598229684,493,530
gaze,134038031598315971,492,524
gaze,134038031598396384,495,518
gaze,134038031598473059,490,519
gaze,134038031598527724,492,527
gaze,134038031598609736,493,523
gaze,134038031598692408,481,523
gaze,134038031598838889,501,524
gaze,134038031598896120,488,531
gaze,134038031598983654,497,522
gaze,134038031599067630,492,518
gaze,134038031599154703,495,520
gaze,134038031599231091,487,516
gaze,134038031599312675,494,514
gaze,134038031599398661,494,521
gaze,134038031599480876,486,524
KeyDown,134038031599557089,83
gaze,134038031599562288,477,513
gaze,134038031599637821,439,434
gaze,134038031599732252,437,436
gaze,134038031599814058,444,446
gaze,134038031599897968,445,441
gaze,134038031599979107,441,434
gaze,134038031600065909,437,437
KeyUp,134038031600117246,83
gaze,134038031600145472,442,427
gaze,134038031600231862,436,432
gaze,134038031600312484,441,428
gaze,134038031600399051,438,427
gaze,134038031600478091,445,424
KeyDown,134038031600515964,32
gaze,134038031600554203,434,429
gaze,134038031600609282,438,418
gaze,134038031600691868,437,423
gaze,134038031600776256,436,422
gaze,134038031600921947,444,423
gaze,134038031600980304,440,424
gaze,134038031601064764,444,421
KeyUp,134038031601077053,32
gaze,134038031601148035,442,425
gaze,134038031601232909,440,421
gaze,134038031601313455,441,422
gaze,134038031601398728,443,434
gaze,134038031601480047,441,425
gaze,134038031601565047,442,432
gaze,134038031601645634,444,433
gaze,134038031601721986,443,433
gaze,134038031601814616,440,430
gaze,134038031601895533,443,435
gaze,134038031601981514,440,426
gaze,134038031602065120,445,424
gaze,134038031602147497,443,424
gaze,134038031602228834,444,429
gaze,134038031602315642,447,437
gaze,134038031602397145,447,432
gaze,134038031602484192,441,430
gaze,134038031602562281,442,439
gaze,134038031602639357,452,448
gaze,134038031602693137,438,442
gaze,134038031602775331,413,702
gaze,134038031602841248,178,1205
KeyDown,134038031608035875,87
KeyUp,134038031608835756,87
KeyDown,134038031608839521,72
KeyUp,134038031609475662,72
KeyDown,134038031610196329,69
gaze,134038031611142186,327,1157
KeyDown,134038031611156485,82
gaze,134038031611232703,593,823
gaze,134038031611309968,385,662
gaze,134038031611397601,471,541
KeyUp,134038031611476513,69
gaze,134038031611476870,513,489
gaze,134038031611555941,525,416
gaze,134038031611607987,525,406
gaze,134038031611690805,531,422
gaze,134038031611774161,522,452
gaze,134038031611855235,516,461
gaze,134038031611939919,512,465
gaze,134038031612023044,514,453
gaze,134038031612105435,515,458
gaze,134038031612189486,523,460
gaze,134038031612270848,518,459
KeyUp,134038031612276053,82
gaze,134038031612357634,516,452
KeyDown,134038031612436815,69
gaze,134038031612440006,513,452
gaze,134038031612522976,520,453
gaze,134038031612605783,524,452
gaze,134038031612693879,522,449
gaze,134038031612773407,525,447
gaze,134038031612856507,520,452
gaze,134038031612937907,520,450
gaze,134038031613022456,515,444
gaze,134038031613103899,521,451
gaze,134038031613189134,519,450
gaze,134038031613340153,522,452
gaze,134038031613392602,496,443
KeyUp,134038031613396844,69
gaze,134038031613478460,500,437
gaze,134038031613558313,509,433
gaze,134038031613645793,506,439
gaze,134038031613725043,501,431
gaze,134038031613811013,499,443
gaze,134038031613891196,502,433
gaze,134038031613976012,505,438
gaze,134038031614056705,507,433
gaze,134038031614138785,509,430
gaze,134038031614227690,506,435
gaze,134038031614307688,512,434
gaze,134038031614393764,510,429
gaze,134038031614473571,510,432
gaze,134038031614561272,513,428
gaze,134038031614641294,507,429
gaze,134038031614728054,510,434
gaze,134038031614806754,508,432
gaze,134038031614893649,509,432
gaze,134038031614973008,512,428
gaze,134038031615050498,502,426
gaze,134038031615106175,513,443
gaze,134038031615186297,513,457
gaze,134038031615270190,513,480
gaze,134038031615416468,502,539
gaze,134038031615474779,501,754
gaze,134038031615559592,480,960
gaze,134038031615639331,475,1150
gaze,134038031615714346,524,1316
gaze,134038031621277234,467,873
gaze,134038031621420918,511,721
gaze,134038031621479782,411,541
gaze,134038031621567911,483,461
gaze,134038031621647323,484,396
gaze,134038031621732372,487,353
gaze,134038031621814377,483,369
gaze,134038031621897554,494,400
gaze,134038031621978076,495,424
gaze,134038031622067090,477,435
gaze,134038031622147159,494,436
gaze,134038031622222713,485,434
gaze,134038031622315295,478,428
gaze,134038031622395013,483,420
gaze,134038031622480689,483,418
gaze,134038031622562116,484,420
gaze,134038031622647903,479,425
gaze,134038031622729738,476,424
gaze,134038031622809742,481,419
gaze,134038031622889734,480,422
gaze,134038031622976035,480,414
gaze,134038031623059341,486,418
gaze,134038031623131532,484,423
gaze,134038031623191590,484,430
gaze,134038031623273892,494,427
gaze,134038031623362226,492,428
gaze,134038031623513517,487,423
gaze,134038031623562650,486,432
gaze,134038031623645702,486,428
gaze,134038031623730451,480,416
gaze,134038031623811302,482,430
gaze,134038031623897903,485,429
gaze,134038031623977529,485,417
gaze,134038031624061835,483,410
gaze,134038031624145992,482,411
gaze,134038031624230094,487,411
gaze,134038031624300841,486,421
gaze,134038031624397741,487,422
gaze,134038031624477676,491,426
gaze,134038031624561652,480,411
gaze,134038031624642811,482,422
gaze,134038031624733637,484,415
gaze,134038031624811087,486,415
gaze,134038031624897771,486,408
gaze,134038031624976878,486,405
gaze,134038031625060695,490,410
gaze,134038031625140558,493,406
gaze,134038031625218826,486,417
gaze,134038031625274733,484,406
gaze,134038031625356398,488,414
gaze,134038031625440608,482,408
gaze,134038031625584389,482,405
KeyDown,134038031625636352,8
gaze,134038031625643319,482,407
gaze,134038031625728611,486,410
gaze,134038031625810106,484,403
gaze,134038031625896177,486,408
gaze,134038031625976848,483,391
gaze,134038031626066042,487,390
KeyUp,134038031626117459,8
gaze,134038031626143396,488,403
gaze,134038031626229647,479,383
gaze,134038031626310933,487,396
gaze,134038031626385003,487,398
gaze,134038031626477180,485,388
gaze,134038031626558224,481,395
gaze,134038031626646564,487,397
gaze,134038031626726244,483,377
gaze,134038031626812242,483,392
gaze,134038031626893673,475,388
gaze,134038031626978245,479,392
gaze,134038031627059980,485,379
gaze,134038031627145544,483,392
KeyDown,134038031627155782,8
gaze,134038031627225249,480,394
gaze,134038031627300298,481,376
gaze,134038031627356230,479,383
gaze,134038031627438229,480,379
gaze,134038031627585627,486,394
KeyUp,134038031627635839,8
gaze,134038031627641343,483,378
gaze,134038031627728253,479,396
gaze,134038031627808604,479,390
gaze,134038031627894521,483,394
gaze,134038031627975743,479,380
gaze,134038031628062203,481,387
gaze,134038031628142467,483,393
gaze,134038031628228365,480,394
gaze,134038031628308567,482,391
gaze,134038031628382675,476,386
gaze,134038031628476537,481,383
gaze,134038031628557323,475,385
gaze,134038031628643770,478,392
KeyDown,134038031628676264,8
gaze,134038031628725212,479,402
gaze,134038031628811570,477,385
gaze,134038031628891183,483,406
gaze,134038031628977379,478,391
gaze,134038031629057300,479,387
gaze,134038031629144272,477,386
KeyUp,134038031629155964,8
gaze,134038031629224642,478,393
gaze,134038031629298061,476,384
gaze,134038031629354525,480,403
gaze,134038031629436803,481,388
gaze,134038031629519770,480,387
gaze,134038031629667741,475,407
gaze,134038031629723634,478,386
gaze,134038031629809634,484,408
gaze,134038031629890698,476,408
gaze,134038031629976436,483,397
gaze,134038031630056244,477,408
KeyDown,134038031630116970,8
gaze,134038031630144052,479,394
gaze,134038031630224375,479,406
gaze,134038031630310290,472,404
gaze,134038031630390758,482,420
gaze,134038031630466659,476,412
gaze,134038031630559374,481,425
gaze,134038031630640026,481,389
KeyUp,134038031630676264,8
gaze,134038031630728567,474,401
gaze,134038031630807145,481,417
gaze,134038031630892051,483,417
gaze,134038031630973907,485,418
gaze,134038031631059840,481,408
gaze,134038031631139539,480,411
gaze,134038031631227587,480,420
gaze,134038031631306151,482,420
gaze,134038031631385494,488,434
gaze,134038031631438488,485,432
gaze,134038031631520536,479,406
gaze,134038031631603655,487,425
gaze,134038031631752241,480,426
gaze,134038031631806559,479,429
gaze,134038031631893149,485,432
gaze,134038031631972469,484,419
gaze,134038031632059209,483,432
gaze,134038031632139215,487,431
gaze,134038031632225122,488,436
gaze,134038031632306190,482,439
gaze,134038031632393271,483,441
gaze,134038031632473220,487,507
gaze,134038031632548905,540,683
gaze,134038031632641659,604,884
gaze,134038031632728340,621,1076
gaze,134038031632798449,673,1257
KeyDown,134038031633636118,8
KeyUp,134038031634195970,8
KeyDown,134038031637240053,74
KeyUp,134038031638197206,74
KeyDown,134038031638215221,85
KeyDown,134038031638755573,83
KeyUp,134038031638995892,85
KeyDown,134038031639715766,84
KeyUp,134038031639955831,83
KeyUp,134038031640356150,84
KeyDown,134038031640755626,32
KeyUp,134038031641476787,32
KeyDown,134038031643396619,66
KeyUp,134038031643955893,66
KeyDown,134038031643958878,69
KeyUp,134038031644676426,69
KeyDown,134038031645796020,70
gaze,134038031646513916,364,1030
KeyUp,134038031646516627,70
gaze,134038031646608721,423,812
gaze,134038031646694744,507,550
gaze,134038031646771517,521,475
gaze,134038031646854978,523,500
gaze,134038031646939212,522,518
gaze,134038031647021035,525,486
gaze,134038031647104421,523,467
KeyDown,134038031647162215,79
gaze,134038031647187093,523,466
gaze,134038031647270724,522,468
gaze,134038031647355676,522,470
gaze,134038031647436827,530,486
gaze,134038031647520659,533,479
gaze,134038031647602721,526,481
KeyUp,134038031647636401,79
gaze,134038031647687385,529,477
gaze,134038031647776035,524,474
gaze,134038031647853115,530,476
KeyDown,134038031647956801,82
gaze,134038031648004128,527,469
gaze,134038031648059273,527,473
gaze,134038031648145449,527,465
gaze,134038031648224846,524,471
gaze,134038031648307877,523,480
gaze,134038031648390705,525,480
gaze,134038031648473292,523,482
gaze,134038031648561299,537,470
gaze,134038031648643965,550,456
gaze,134038031648727660,549,460
gaze,134038031648799778,549,463
gaze,134038031648894317,545,466
KeyDown,134038031648916504,69
gaze,134038031648977458,547,461
gaze,134038031649060782,550,462
KeyUp,134038031649075921,82
gaze,134038031649144859,552,454
gaze,134038031649232093,549,461
gaze,134038031649309384,547,447
gaze,134038031649396728,547,445
gaze,134038031649476803,545,456
KeyUp,134038031649557200,69
KeyDown,134038031649560832,32
gaze,134038031649561677,547,469
gaze,134038031649643014,550,460
gaze,134038031649717224,549,459
gaze,134038031649775427,552,444
gaze,134038031649855527,547,442
gaze,134038031649938252,551,456
KeyUp,134038031650036561,32
gaze,134038031650085767,550,441
gaze,134038031650142500,550,452
gaze,134038031650228772,551,456
gaze,134038031650313103,550,442
gaze,134038031650394930,546,435
gaze,134038031650475787,546,440
gaze,134038031650560767,553,459
gaze,134038031650643086,553,445
gaze,134038031650727980,579,438
gaze,134038031650808645,577,441
KeyDown,134038031650836190,84
gaze,134038031650883933,575,434
gaze,134038031650976515,573,430
gaze,134038031651057652,577,452
gaze,134038031651144499,580,440
gaze,134038031651224826,573,443
gaze,134038031651310944,581,451
gaze,134038031651392000,579,441
KeyUp,134038031651476499,84
gaze,134038031651478160,582,442
KeyDown,134038031651481206,72
gaze,134038031651559097,577,442
gaze,134038031651645259,569,443
gaze,134038031651724954,576,427
gaze,134038031651800508,578,431
gaze,134038031651854802,576,444
gaze,134038031651936633,579,447
gaze,134038031652022092,574,433
KeyUp,134038031652117321,72
gaze,134038031652170345,573,431
gaze,134038031652223885,571,434
gaze,134038031652311728,573,437
gaze,134038031652392788,576,425
KeyDown,134038031652436930,69
gaze,134038031652477086,580,428
gaze,134038031652557585,577,435
gaze,134038031652644201,570,425
gaze,134038031652725024,571,428
gaze,134038031652811008,575,415
gaze,134038031652890979,574,402
gaze,134038031652966686,569,404
gaze,134038031653060672,578,436
gaze,134038031653140573,574,419
KeyUp,134038031653156024,69
gaze,134038031653225689,573,433
gaze,134038031653306636,550,561
KeyDown,134038031653316173,32
gaze,134038031653394414,533,787
gaze,134038031653474405,491,983
gaze,134038031653559056,491,1193
gaze,134038031653629366,546,1352
KeyUp,134038031654117290,32
KeyDown,134038031656515721,80
KeyUp,134038031657156348,80
KeyDown,134038031657555727,82
KeyUp,134038031658276188,82
KeyDown,134038031658676320,79
KeyUp,134038031659396338,79
KeyDown,134038031660835837,71
KeyUp,134038031661476200,71
KeyDown,134038031662436429,82
KeyUp,134038031662915735,82
KeyDown,134038031664035720,65
KeyUp,134038031664916519,65
KeyDown,134038031664920277,77
KeyUp,134038031665555760,77
KeyDown,134038031666276474,32
KeyUp,134038031667156481,32
KeyDown,134038031668356577,69
KeyUp,134038031668995730,69
KeyDown,134038031669402245,78
KeyUp,134038031670116334,78
KeyDown,134038031670835732,68
KeyDown,134038031671716114,83
KeyUp,134038031671796345,68
KeyUp,134038031672516063,83
KeyDown,134038031673556755,32
KeyUp,134038031674276526,32
KeyDown,134038031677076759,73
KeyUp,134038031678116022,73
KeyDown,134038031678119602,78
KeyUp,134038031678915967,78
KeyDown,134038031679955643,32
KeyUp,134038031680756242,32
KeyDown,134038031681955639,87
KeyUp,134038031682596309,87
KeyDown,134038031683076083,72
KeyUp,134038031683876738,72
KeyDown,134038031683881535,65
KeyUp,134038031684515970,65
KeyDown,134038031685795675,84
KeyUp,134038031686436042,84
KeyDown,134038031688277508,69
KeyUp,134038031689077338,69
KeyDown,134038031690755611,86
gaze,134038031690961803,765,1386
gaze,134038031691043443,529,1062
gaze,134038031691188927,522,686
gaze,134038031691276501,644,584
KeyDown,134038031691317536,69
gaze,134038031691359032,715,512
gaze,134038031691443467,719,470
gaze,134038031691530052,719,429
KeyUp,134038031691556655,86
gaze,134038031691610148,715,403
gaze,134038031691691768,719,400
gaze,134038031691775074,725,402
gaze,134038031691858674,717,420
gaze,134038031691942497,716,433
KeyDown,134038031691955846,82
gaze,134038031692026487,713,434
gaze,134038031692109048,717,444
gaze,134038031692190843,719,442
gaze,134038031692277585,720,443
KeyUp,134038031692356352,69
gaze,134038031692357844,719,448
gaze,134038031692440863,722,451
gaze,134038031692523953,714,450
gaze,134038031692605931,714,446
gaze,134038031692692132,719,441
gaze,134038031692838713,721,450
gaze,134038031692895485,723,448
KeyUp,134038031692919936,82
gaze,134038031692979946,723,447
gaze,134038031693062345,781,461
gaze,134038031693148034,821,464
gaze,134038031693227112,825,462
gaze,134038031693316315,822,466
gaze,134038031693396587,823,471
KeyDown,134038031693478032,32
gaze,134038031693479301,823,456
gaze,134038031693560487,822,468
gaze,134038031693637054,823,450
gaze,134038031693729929,826,452
gaze,134038031693810930,826,460
gaze,134038031693900763,828,464
gaze,134038031693975338,827,463
gaze,134038031694062735,826,445
KeyUp,134038031694115878,32
gaze,134038031694142940,828,442
gaze,134038031694232748,829,457
gaze,134038031694310802,828,445
gaze,134038031694394841,829,443
gaze,134038031694475938,821,448
gaze,134038031694552388,828,453
gaze,134038031694608730,828,440
gaze,134038031694689403,831,444
gaze,134038031694772805,829,441
gaze,134038031694919594,825,443
gaze,134038031695027502,825,438
gaze,134038031695065375,830,441
gaze,134038031695143101,828,447
gaze,134038031695230042,832,440
gaze,134038031695310365,829,446
gaze,134038031695395124,826,438
gaze,134038031695475869,824,438
gaze,134038031695561730,826,434
gaze,134038031695643156,829,436
gaze,134038031695718045,852,433
gaze,134038031695811615,847,436
gaze,134038031695892559,850,435
gaze,134038031695978710,853,432
gaze,134038031696065649,849,437
gaze,134038031696146186,848,444
gaze,134038031696225829,848,442
gaze,134038031696312785,849,442
gaze,134038031696392985,852,440
gaze,134038031696479921,850,442
gaze,134038031696559073,856,439
gaze,134038031696635311,850,440
gaze,134038031696690784,847,435
gaze,134038031696771379,850,438
gaze,134038031696918177,852,433
gaze,134038031696975491,851,437
gaze,134038031697062380,849,436
gaze,134038031697143695,854,434
gaze,134038031697228882,853,429
gaze,134038031697309317,851,412
gaze,134038031697395313,854,423
gaze,134038031697475430,854,430
gaze,134038031697561805,852,417
gaze,134038031697641522,847,416
gaze,134038031697718341,848,419
gaze,134038031697810413,851,419
gaze,134038031697891300,851,425
gaze,134038031697979187,850,409
gaze,134038031698058282,845,416
gaze,134038031698145181,844,410
KeyDown,134038031698196704,70
gaze,134038031698225593,849,401
gaze,134038031698312925,848,410
gaze,134038031698392487,845,407
gaze,134038031698478929,844,416
gaze,134038031698558454,846,410
gaze,134038031698634310,841,384
gaze,134038031698691168,847,413
gaze,134038031698771517,844,378
KeyUp,134038031698836951,70
gaze,134038031698854445,846,408
gaze,134038031699002427,845,399
gaze,134038031699058418,849,409
KeyDown,134038031699076808,73
gaze,134038031699146011,847,404
gaze,134038031699224982,842,367
gaze,134038031699311625,846,399
gaze,134038031699391476,845,380
gaze,134038031699477233,850,376
gaze,134038031699558605,849,416
gaze,134038031699644958,846,397
gaze,134038031699725491,842,403
KeyUp,134038031699796455,73
gaze,134038031699800896,846,368
gaze,134038031699893233,843,399
gaze,134038031699974774,846,374
gaze,134038031700061538,844,375
gaze,134038031700141411,847,393
gaze,134038031700228430,846,391
gaze,134038031700308799,848,412
gaze,134038031700399884,856,392
gaze,134038031700475269,865,386
gaze,134038031700561762,859,386
gaze,134038031700642188,862,398
gaze,134038031700718104,858,416
gaze,134038031700773352,859,404
gaze,134038031700854427,858,401
gaze,134038031700937635,856,387
gaze,134038031701085850,853,402
gaze,134038031701141073,860,404
gaze,134038031701228334,864,414
gaze,134038031701308396,867,373
gaze,134038031701396520,861,399
KeyDown,134038031701476385,76
gaze,134038031701477940,861,380
gaze,134038031701562006,866,408
gaze,134038031701642848,866,390
gaze,134038031701729124,859,440
gaze,134038031701808521,865,421
gaze,134038031701885051,856,416
gaze,134038031701976566,863,393
gaze,134038031702058717,860,418
KeyUp,134038031702115925,76
gaze,134038031702145332,862,419
gaze,134038031702223951,865,415
gaze,134038031702312167,861,394
gaze,134038031702392336,866,410
gaze,134038031702478781,858,398
KeyDown,134038031702516030,69
gaze,134038031702561308,864,396
gaze,134038031702644726,864,418
gaze,134038031702731513,862,403
gaze,134038031702802356,856,400
gaze,134038031702855954,858,409
gaze,134038031702938190,860,418
gaze,134038031703021600,863,419
KeyUp,134038031703155688,69
gaze,134038031703168054,856,426
gaze,134038031703225483,865,406
gaze,134038031703311739,864,418
gaze,134038031703392471,859,436
gaze,134038031703479074,861,421
gaze,134038031703558099,858,410
KeyDown,134038031703636208,32
gaze,134038031703649600,865,430
gaze,134038031703726221,860,424
gaze,134038031703813132,863,432
gaze,134038031703892201,862,436
gaze,134038031703969092,858,429
gaze,134038031704059710,860,413
gaze,134038031704142952,856,429
gaze,134038031704227601,859,433
gaze,134038031704307926,859,416
KeyUp,134038031704356685,32
gaze,134038031704395487,860,407
gaze,134038031704473657,866,431
gaze,134038031704561521,859,403
gaze,134038031704642044,871,429
gaze,134038031704729229,893,436
gaze,134038031704807494,889,426
gaze,134038031704884533,886,429
gaze,134038031704939600,883,425
gaze,134038031705022379,891,409
gaze,134038031705103926,885,422
gaze,134038031705251017,887,408
gaze,134038031705308417,886,424
gaze,134038031705394265,884,426
gaze,134038031705474395,883,434
gaze,134038031705560452,885,438
gaze,134038031705641255,884,423
gaze,134038031705725933,884,420
gaze,134038031705809383,887,418
gaze,134038031705891899,884,433
gaze,134038031705975242,884,435
gaze,134038031706048149,884,433
gaze,134038031706143147,887,430
gaze,134038031706225744,883,432
gaze,134038031706308854,888,443
gaze,134038031706392330,889,415
gaze,134038031706475903,887,443
gaze,134038031706558612,886,425
gaze,134038031706644025,884,422
gaze,134038031706725901,889,452
gaze,134038031706808929,890,438
gaze,134038031706891812,887,412
gaze,134038031706964221,888,429
gaze,134038031707022904,887,430
gaze,134038031707105015,886,421
gaze,134038031707187713,884,424
gaze,134038031707336385,888,437
gaze,134038031707390927,890,434
gaze,134038031707476897,888,424
gaze,134038031707556991,888,438
gaze,134038031707644498,887,428
gaze,134038031707725595,888,432
KeyDown,134038031707796539,67
gaze,134038031707810374,888,418
gaze,134038031707891898,885,445
gaze,134038031707978241,885,431
gaze,134038031708058236,888,431
gaze,134038031708134623,887,424
gaze,134038031708227055,885,433
gaze,134038031708308790,886,434
gaze,134038031708394967,887,432
KeyUp,134038031708435764,67
gaze,134038031708475630,883,445
gaze,134038031708561107,884,426
gaze,134038031708641724,884,412
gaze,134038031708728710,886,425
gaze,134038031708808486,883,427
gaze,134038031708894339,883,433
gaze,134038031708974415,887,449
gaze,134038031709050152,886,419
gaze,134038031709106382,880,407
gaze,134038031709186754,885,445
gaze,134038031709336465,888,453
gaze,134038031709393672,884,426
gaze,134038031709483039,884,423
KeyDown,134038031709556919,65
gaze,134038031709558796,880,434
gaze,134038031709644692,886,438
gaze,134038031709725385,877,438
gaze,134038031709811993,884,407
gaze,134038031709891130,887,428
gaze,134038031709978168,909,453
gaze,134038031710058290,900,439
gaze,134038031710134302,904,436
gaze,134038031710227739,902,445
KeyUp,134038031710276231,65
gaze,134038031710307431,903,441
gaze,134038031710395261,906,428
gaze,134038031710475411,903,440
gaze,134038031710561528,901,448
gaze,134038031710641698,902,442
gaze,134038031710729131,902,426
gaze,134038031710808133,898,431
gaze,134038031710895397,894,425
gaze,134038031710974260,901,445
KeyDown,134038031710996358,76
gaze,134038031711051523,901,441
gaze,134038031711106301,899,439
gaze,134038031711187551,902,433
gaze,134038031711311920,896,420
gaze,134038031711393306,900,441
KeyUp,134038031711477026,76
gaze,134038031711477586,897,438
gaze,134038031711558981,896,429
gaze,134038031711646161,898,443
gaze,134038031711724702,902,446
gaze,134038031711811610,902,428
gaze,134038031711894247,898,433
gaze,134038031711977625,899,432
gaze,134038031712058233,901,439
gaze,134038031712140248,899,439
KeyDown,134038031712197227,76
gaze,134038031712221420,908,432
gaze,134038031712310302,903,435
gaze,134038031712392436,905,447
gaze,134038031712477852,895,432
gaze,134038031712558115,904,437
gaze,134038031712646134,895,441
gaze,134038031712725168,896,438
gaze,134038031712811121,899,417
gaze,134038031712893566,895,430
gaze,134038031712974573,893,448
gaze,134038031713057699,894,433
KeyUp,134038031713075870,76
gaze,134038031713119601,902,450
KeyDown,134038031713156092,83
gaze,134038031713187718,918,433
gaze,134038031713271089,921,417
gaze,134038031713419058,913,426
gaze,134038031713474608,919,422
gaze,134038031713560410,921,426
gaze,134038031713642880,916,419
gaze,134038031713726292,917,438
gaze,134038031713809532,920,433
gaze,134038031713893664,920,421
KeyUp,134038031713956483,83
gaze,134038031713976597,917,428
gaze,134038031714058642,915,411
KeyDown,134038031714116433,32
gaze,134038031714144691,915,437
gaze,134038031714217296,918,430
gaze,134038031714311835,918,427
gaze,134038031714391945,915,439
gaze,134038031714476795,918,426
gaze,134038031714558992,919,420
gaze,134038031714642528,924,441
gaze,134038031714725402,918,424
KeyUp,134038031714756569,32
gaze,134038031714813470,916,428
gaze,134038031714891750,915,414
gaze,134038031714978531,915,415
gaze,134038031715059593,917,416
gaze,134038031715135117,917,421
gaze,134038031715189003,918,428
gaze,134038031715270819,919,413
gaze,134038031715393915,914,423
gaze,134038031715475635,915,421
gaze,134038031715560219,914,417
gaze,134038031715643285,916,412
gaze,134038031715724834,915,432
gaze,134038031715812414,918,421
gaze,134038031715892131,916,418
gaze,134038031715978855,912,434
gaze,134038031716064355,914,425
gaze,134038031716145698,917,419
gaze,134038031716220551,915,424
gaze,134038031716313279,921,420
gaze,134038031716396515,918,409
gaze,134038031716477099,916,437
gaze,134038031716561883,917,421
gaze,134038031716642018,937,438
gaze,134038031716728705,952,425
gaze,134038031716809362,942,421
gaze,134038031716894544,944,428
KeyDown,134038031716917277,70
gaze,134038031716975828,944,423
gaze,134038031717063116,943,423
gaze,134038031717137781,945,414
gaze,134038031717207000,947,416
gaze,134038031717272853,946,424
KeyUp,134038031717315902,70
gaze,134038031717394819,945,430
gaze,134038031717476811,942,428
gaze,134038031717561526,943,411
gaze,134038031717642240,947,418
gaze,134038031717730144,945,424
gaze,134038031717809385,940,425
gaze,134038031717894210,944,421
gaze,134038031717976085,949,419
gaze,134038031718061530,944,432
gaze,134038031718142380,942,415
gaze,134038031718225943,950,429
gaze,134038031718304946,947,416
gaze,134038031718394407,945,431
gaze,134038031718475766,944,432
gaze,134038031718561897,948,422
gaze,134038031718641911,949,430
gaze,134038031718729737,946,425
gaze,134038031718809239,952,436
gaze,134038031718894194,942,425
KeyDown,134038031718916406,85
gaze,134038031718975692,946,416
gaze,134038031719062224,945,442
gaze,134038031719138008,947,417
gaze,134038031719205249,945,441
gaze,134038031719271673,948,424
gaze,134038031719357008,945,438
KeyUp,134038031719477061,85
gaze,134038031719479445,947,427
gaze,134038031719559745,948,413
gaze,134038031719645306,947,433
gaze,134038031719725300,947,430
gaze,134038031719812661,947,425
gaze,134038031719891402,949,435
gaze,134038031719978819,949,427
gaze,134038031720058855,944,432
gaze,134038031720146302,944,442
gaze,134038031720224639,947,429
gaze,134038031720307270,947,426
gaze,134038031720386906,945,435
gaze,134038031720476427,945,422
gaze,134038031720560055,952,437
gaze,134038031720644096,949,435
gaze,134038031720729362,941,434
gaze,134038031720810289,949,423
gaze,134038031720892591,942,444
gaze,134038031720976218,946,429
gaze,134038031721059487,943,442
gaze,134038031721142832,946,415
gaze,134038031721221572,966,430
gaze,134038031721286168,964,434
KeyDown,134038031721316076,78
gaze,134038031721357112,958,432
gaze,134038031721479135,960,433
gaze,134038031721560213,963,431
gaze,134038031721646971,964,427
gaze,134038031721726574,958,428
gaze,134038031721812791,955,420
gaze,134038031721894626,955,431
KeyUp,134038031721955613,78
gaze,134038031721976917,963,424
gaze,134038031722059125,959,419
gaze,134038031722145720,958,421
gaze,134038031722225258,956,430
gaze,134038031722307513,958,436
gaze,134038031722387667,959,427
gaze,134038031722477300,959,421
gaze,134038031722559176,957,428
gaze,134038031722642298,956,433
gaze,134038031722727426,958,420
gaze,134038031722809847,961,412
gaze,134038031722893590,966,433
gaze,134038031722977130,959,419
gaze,134038031723059625,954,419
KeyDown,134038031723076041,67
gaze,134038031723147219,962,418
gaze,134038031723220149,963,417
gaze,134038031723289814,964,420
gaze,134038031723357350,962,414
KeyUp,134038031723476537,67
gaze,134038031723478073,961,437
gaze,134038031723559566,961,427
gaze,134038031723645807,958,428
gaze,134038031723725272,958,428
gaze,134038031723812797,964,423
gaze,134038031723892378,966,429
gaze,134038031723979385,963,415
gaze,134038031724058956,964,410
gaze,134038031724146050,964,418
gaze,134038031724228090,958,440
gaze,134038031724306369,962,417
gaze,134038031724388970,964,419
gaze,134038031724476961,966,427
gaze,134038031724557778,966,430
gaze,134038031724644962,961,413
gaze,134038031724725401,965,424
gaze,134038031724812573,959,423
gaze,134038031724892253,963,407
gaze,134038031724977882,963,412
gaze,134038031725059835,965,419
gaze,134038031725145676,969,411
gaze,134038031725219826,975,421
gaze,134038031725287360,972,399
gaze,134038031725355304,979,413
gaze,134038031725478384,976,416
gaze,134038031725558727,976,393
gaze,134038031725645741,975,403
gaze,134038031725724933,978,418
gaze,134038031725812406,975,412
gaze,134038031725892063,975,408
gaze,134038031725978335,980,425
gaze,134038031726059012,976,417
gaze,134038031726147398,977,407
gaze,134038031726224915,977,419
gaze,134038031726307161,974,416
KeyDown,134038031726356184,69
gaze,134038031726387461,978,416
gaze,134038031726478073,977,404
gaze,134038031726560649,979,413
gaze,134038031726642328,976,418
gaze,134038031726726660,977,433
gaze,134038031726808939,979,428
KeyUp,134038031726836761,69
gaze,134038031726892463,979,416
gaze,134038031726976756,979,430
gaze,134038031727058939,976,428
gaze,134038031727145714,980,423
gaze,134038031727220120,979,404
gaze,134038031727288034,976,401
gaze,134038031727358338,976,429
KeyDown,134038031727396363,73
gaze,134038031727482697,980,426
gaze,134038031727559944,981,416
gaze,134038031727644741,981,407
gaze,134038031727725612,980,411
gaze,134038031727812275,977,400
gaze,134038031727892020,975,425
gaze,134038031727978604,977,435
KeyUp,134038031728036583,73
gaze,134038031728058642,975,430
gaze,134038031728146174,978,430
gaze,134038031728225579,976,419
gaze,134038031728308345,978,411
gaze,134038031728387832,978,406
KeyDown,134038031728437653,79
gaze,134038031728477677,980,418
gaze,134038031728558753,977,409
KeyUp,134038031728596207,79
gaze,134038031728645036,981,415
gaze,134038031728726581,977,419
gaze,134038031728812475,975,419
gaze,134038031728891669,978,407
gaze,134038031728978380,977,418
gaze,134038031729058176,975,398
gaze,134038031729145780,983,436
gaze,134038031729220142,980,415
gaze,134038031729287949,978,430
gaze,134038031729355677,975,410
gaze,134038031729439102,983,425
gaze,134038031729560714,979,432
gaze,134038031729644885,984,429
gaze,134038031729725445,977,426
gaze,134038031729811137,973,409
gaze,134038031729891864,983,434
gaze,134038031729977149,988,424
gaze,134038031730060105,978,434
gaze,134038031730145472,980,418
gaze,134038031730226361,973,425
gaze,134038031730312062,977,433
gaze,134038031730388239,981,444
KeyDown,134038031730437123,8
gaze,134038031730480738,979,423
gaze,134038031730559783,982,415
gaze,134038031730642074,979,442
gaze,134038031730726916,979,423
gaze,134038031730809943,979,421
KeyUp,134038031730836189,8
gaze,134038031730893138,978,414
gaze,134038031730976140,971,427
gaze,134038031731060136,979,420
gaze,134038031731143115,974,414
gaze,134038031731226448,974,434
gaze,134038031731304199,974,422
gaze,134038031731372803,977,427
gaze,134038031731440658,977,420
gaze,134038031731562510,975,421
gaze,134038031731644146,976,407
gaze,134038031731728701,977,427
KeyDown,134038031731796284,8
gaze,134038031731809323,979,427
gaze,134038031731894758,980,409
gaze,134038031731976202,980,404
gaze,134038031732061210,982,425
gaze,134038031732143153,977,430
gaze,134038031732225937,976,423
KeyUp,134038031732276730,8
gaze,134038031732311449,982,430
gaze,134038031732387672,979,411
gaze,134038031732473779,974,434
gaze,134038031732559902,972,433
gaze,134038031732643423,976,411
gaze,134038031732732184,975,434
gaze,134038031732814214,980,429
gaze,134038031732892971,977,418
gaze,134038031732976310,978,434
gaze,134038031733059796,978,431
gaze,134038031733143006,975,437
gaze,134038031733226323,976,433
KeyDown,134038031733236409,8
gaze,134038031733304878,975,418
gaze,134038031733370159,982,413
gaze,134038031733439004,975,428
gaze,134038031733560426,969,421
gaze,134038031733645102,975,430
gaze,134038031733726003,976,414
KeyUp,134038031733795943,8
gaze,134038031733812100,976,418
gaze,134038031733892800,974,430
gaze,134038031733977446,974,420
gaze,134038031734066862,978,416
gaze,134038031734145906,982,435
gaze,134038031734225484,971,437
gaze,134038031734314515,978,418
gaze,134038031734388839,978,424
gaze,134038031734474124,975,425
gaze,134038031734559837,970,415
KeyDown,134038031734596217,84
gaze,134038031734643327,975,425
gaze,134038031734726223,975,426
gaze,134038031734810643,973,418
gaze,134038031734893735,980,417
gaze,134038031734976587,979,415
gaze,134038031735059968,978,427
gaze,134038031735142556,974,434
gaze,134038031735226694,975,415
KeyUp,134038031735236592,84
gaze,134038031735304277,977,427
gaze,134038031735369876,980,424
gaze,134038031735439081,978,420
gaze,134038031735521693,979,405
gaze,134038031735669265,980,428
gaze,134038031735726181,977,434
gaze,134038031735812534,976,427
gaze,134038031735892335,973,439
KeyDown,134038031735957114,73
gaze,134038031735978192,973,414
gaze,134038031736060136,977,420
gaze,134038031736146345,974,433
gaze,134038031736226366,977,435
gaze,134038031736314288,972,441
gaze,134038031736393527,979,431
KeyDown,134038031736436393,79
gaze,134038031736468704,972,419
gaze,134038031736561169,977,416
KeyUp,134038031736595713,73
gaze,134038031736642629,977,430
gaze,134038031736730244,972,434
gaze,134038031736809656,978,414
gaze,134038031736895518,979,420
gaze,134038031736975941,976,427
gaze,134038031737061083,974,442
gaze,134038031737143146,974,408
gaze,134038031737226755,977,433
KeyUp,134038031737238912,79
gaze,134038031737310070,980,440
gaze,134038031737382483,980,426
gaze,134038031737441311,989,428
gaze,134038031737521917,1004,422
gaze,134038031737605345,1002,432
gaze,134038031737752298,997,429
gaze,134038031737808434,999,421
gaze,134038031737895102,1003,415
gaze,134038031737975476,995,428
gaze,134038031738061710,999,412
gaze,134038031738143438,1001,407
gaze,134038031738227835,997,434
gaze,134038031738309786,1000,438
gaze,134038031738394576,1002,411
gaze,134038031738475770,1002,428
gaze,134038031738551150,995,419
gaze,134038031738643866,998,416
KeyDown,134038031738676385,78
gaze,134038031738726059,1000,436
gaze,134038031738812300,1000,435
gaze,134038031738892375,1003,424
gaze,134038031738976841,999,426
gaze,134038031739058640,1003,430
gaze,134038031739144634,1003,431
gaze,134038031739226438,1005,427
gaze,134038031739312345,1010,414
KeyUp,134038031739315492,78
gaze,134038031739397141,1003,416
gaze,134038031739469123,1001,427
gaze,134038031739524008,1007,415
gaze,134038031739606172,1005,419
gaze,134038031739753449,1008,405
gaze,134038031739809560,1002,420
gaze,134038031739894750,1002,425
gaze,134038031739975749,1002,424
gaze,134038031740060995,1005,439
KeyDown,134038031740119172,83
gaze,134038031740143736,1009,435
gaze,134038031740226433,1009,424
gaze,134038031740309861,1005,426
gaze,134038031740392396,1006,420
gaze,134038031740476971,1005,420
gaze,134038031740549901,1005,438
gaze,134038031740644897,1003,432
gaze,134038031740725369,1006,419
KeyUp,134038031740756735,83
gaze,134038031740811924,1002,436
gaze,134038031740892407,1006,421
gaze,134038031740979334,1003,419
gaze,134038031741060043,1007,414
gaze,134038031741145665,1005,410
gaze,134038031741226618,1004,415
gaze,134038031741312446,1001,404
gaze,134038031741393704,1003,412
gaze,134038031741466988,1001,412
gaze,134038031741523982,1004,407
gaze,134038031741605444,1010,409
KeyDown,134038031741636572,32
gaze,134038031741752867,1024,429
gaze,134038031741811452,1017,435
gaze,134038031741895534,1018,428
gaze,134038031741975600,1019,433
gaze,134038031742062374,1019,413
gaze,134038031742143699,1022,405
gaze,134038031742227908,1020,427
gaze,134038031742309230,1019,399
KeyUp,134038031742356937,32
gaze,134038031742394620,1022,416
gaze,134038031742475732,1020,420
gaze,134038031742551327,1021,434
gaze,134038031742644352,1018,417
gaze,134038031742726316,1015,426
gaze,134038031742812975,1018,422
gaze,134038031742892238,1023,403
gaze,134038031742978993,1021,410
gaze,134038031743060477,1019,417
gaze,134038031743144635,1019,416
gaze,134038031743226143,1023,407
gaze,134038031743311870,1019,404
gaze,134038031743394940,1021,419
gaze,134038031743467699,1015,436
gaze,134038031743522805,1017,423
gaze,134038031743604173,1020,410
KeyDown,134038031743638368,70
gaze,134038031743688329,1018,414
gaze,134038031743836178,1020,422
gaze,134038031743892841,1019,410
gaze,134038031743979141,1016,408
gaze,134038031744059912,1018,419
gaze,134038031744144613,1022,419
gaze,134038031744225819,1021,435
KeyUp,134038031744276065,70
gaze,134038031744315293,1018,423
gaze,134038031744392749,1017,406
gaze,134038031744478469,1016,429
gaze,134038031744560250,1016,429
gaze,134038031744635588,1012,423
gaze,134038031744729735,1012,431
gaze,134038031744810271,1015,411
gaze,134038031744895448,1019,404
gaze,134038031744977082,1019,402
gaze,134038031745063159,1017,410
gaze,134038031745147308,1019,407
gaze,134038031745231133,1015,420
gaze,134038031745309206,1019,413
KeyDown,134038031745396369,82
gaze,134038031745396624,1010,418
gaze,134038031745476241,1014,428
gaze,134038031745552205,1015,409
gaze,134038031745607478,1009,398
gaze,134038031745689586,979,295
gaze,134038031745813220,963,256
gaze,134038031745893821,963,267
gaze,134038031745979323,966,266
KeyUp,134038031746037457,82
gaze,134038031746059486,966,270
gaze,134038031746147101,965,270
gaze,134038031746225972,966,269
gaze,134038031746312964,970,269
gaze,134038031746393636,969,263
gaze,134038031746479081,961,264
gaze,134038031746559804,961,266
gaze,134038031746641761,960,271
gaze,134038031746722019,964,271
KeyDown,134038031746756600,79
gaze,134038031746810906,965,266
gaze,134038031746892009,969,260
gaze,134038031746979895,967,255
gaze,134038031747060202,964,258
gaze,134038031747147626,966,256
gaze,134038031747226393,968,253
gaze,134038031747313486,963,256
gaze,134038031747392500,972,266
gaze,134038031747479966,970,256
gaze,134038031747554303,961,272
KeyUp,134038031747556256,79
gaze,134038031747622031,970,263
gaze,134038031747689624,961,268
gaze,134038031747811921,967,261
gaze,134038031747894858,966,263
gaze,134038031747977862,969,267
gaze,134038031748060277,967,272
gaze,134038031748147372,964,272
gaze,134038031748226825,967,266
gaze,134038031748329531,966,252
gaze,134038031748393836,969,260
gaze,134038031748484431,969,262
gaze,134038031748558438,967,272
gaze,134038031748641832,966,266
gaze,134038031748723060,962,259
gaze,134038031748811798,964,256
gaze,134038031748893244,981,256
KeyDown,134038031748915742,77
gaze,134038031748979746,995,223
gaze,134038031749059936,985,206
gaze,134038031749147513,983,216
gaze,134038031749227190,983,214
gaze,134038031749313269,988,213
gaze,134038031749393866,990,209
gaze,134038031749479265,988,212
gaze,134038031749574224,988,211
gaze,134038031749623410,984,224
gaze,134038031749691372,988,217
KeyUp,134038031749716659,77
gaze,134038031749812879,988,208
gaze,134038031749871551,988,227
gaze,134038031749978755,986,225
gaze,134038031750060583,982,223
gaze,134038031750145928,983,227
gaze,134038031750227126,984,209
gaze,134038031750312812,988,213
gaze,134038031750393047,1025,195
gaze,134038031750480314,1047,168
gaze,134038031750560934,1053,174
gaze,134038031750641437,1048,179
gaze,134038031750731371,1050,174
gaze,134038031750804751,1051,175
gaze,134038031750893951,1050,180
gaze,134038031750975620,1050,178
gaze,134038031751062612,1051,171
gaze,134038031751143538,1052,181
gaze,134038031751229705,1053,171
gaze,134038031751308955,1046,181
gaze,134038031751397408,1051,183
gaze,134038031751477489,1049,171
gaze,134038031751557048,1051,180
gaze,134038031751624543,1053,176
KeyDown,134038031751636457,32
gaze,134038031751704514,1050,176
gaze,134038031751813634,1054,172
gaze,134038031751874562,1053,176
gaze,134038031751958838,1049,170
gaze,134038031752063133,1047,178
gaze,134038031752148154,1044,177
gaze,134038031752228838,1048,171
gaze,134038031752310719,1046,173
KeyUp,134038031752356405,32
gaze,134038031752395597,1076,186
gaze,134038031752477166,1142,162
gaze,134038031752564059,1181,158
gaze,134038031752639739,1180,168
gaze,134038031752738361,1182,165
gaze,134038031752811374,1183,158
gaze,134038031752892542,1191,165
gaze,134038031752978200,1188,166
gaze,134038031753061405,1185,163
gaze,134038031753144427,1189,161
gaze,134038031753227670,1190,161
gaze,134038031753309722,1183,169
gaze,134038031753397091,1187,156
gaze,134038031753477382,1178,168
gaze,134038031753557367,1188,158
gaze,134038031753625055,1180,168
gaze,134038031753708386,1185,174
gaze,134038031753786597,1186,170
gaze,134038031753895365,1184,160
gaze,134038031753964310,1182,166
gaze,134038031754042220,1184,173
gaze,134038031754145960,1184,165
gaze,134038031754226241,1181,171
gaze,134038031754315391,1177,167
gaze,134038031754397195,1149,145
gaze,134038031754478850,1073,105
gaze,134038031754560282,1033,101
gaze,134038031754645915,1033,111
gaze,134038031754721113,1038,108
gaze,134038031754813253,1032,105
gaze,134038031754892848,1031,105
gaze,134038031754974452,1033,104
gaze,134038031755061637,1031,107
gaze,134038031755143957,1029,108
gaze,134038031755227905,1031,111
gaze,134038031755310423,1032,105
gaze,134038031755395280,1031,108
gaze,134038031755477572,1030,106
gaze,134038031755558831,1034,113
gaze,134038031755639634,1030,104
gaze,134038031755708163,1030,106
gaze,134038031755791967,1035,110
gaze,134038031755897188,1033,105
gaze,134038031755957038,1031,113
gaze,134038031756041909,1030,109
gaze,134038031756146827,1031,106
gaze,134038031756226638,1044,108
gaze,134038031756313525,1067,111
gaze,134038031756394183,1060,115
gaze,134038031756479094,1060,114
gaze,134038031756559290,1057,113
gaze,134038031756647285,1058,119
gaze,134038031756721512,1057,119
gaze,134038031756813124,1060,120
gaze,134038031756892948,1057,120
gaze,134038031756972358,1056,120
gaze,134038031757060547,1060,118
gaze,134038031757143709,1054,116
gaze,134038031757227095,1060,109
gaze,134038031757311292,1055,119
gaze,134038031757394503,1056,110
gaze,134038031757476371,1055,117
gaze,134038031757564940,1056,114
gaze,134038031757638563,1062,120
gaze,134038031757709934,1058,117
gaze,134038031757792169,1062,117
gaze,134038031757896116,1059,112
gaze,134038031757956306,1057,113
gaze,134038031758041095,1064,117
gaze,134038031758147329,1061,115
gaze,134038031758226082,1057,112
gaze,134038031758312174,1059,111
gaze,134038031758393987,1056,118
gaze,134038031758478849,1057,120
gaze,134038031758559690,1057,112
gaze,134038031758646410,1061,116
gaze,134038031758720897,1056,118
gaze,134038031758812814,1063,119
gaze,134038031758893785,1055,113
gaze,134038031758974297,1058,117
gaze,134038031759061020,1057,121
gaze,134038031759144437,1054,123
gaze,134038031759227874,1057,119
gaze,134038031759309986,1060,112
gaze,134038031759410470,1055,118
gaze,134038031759477378,1055,119
gaze,134038031759563897,1054,115
gaze,134038031759638284,1055,113
gaze,134038031759709316,1058,122
gaze,134038031759791472,1056,121
gaze,134038031759895447,1055,123
gaze,134038031759956305,1059,121
gaze,134038031760041313,1057,118
gaze,134038031760146265,1053,117
gaze,134038031760226372,1057,119
gaze,134038031760313592,1052,110
gaze,134038031760393549,1053,118
gaze,134038031760480520,1056,112
gaze,134038031760560933,1056,115
gaze,134038031760646569,1060,122
gaze,134038031760722051,1057,116
gaze,134038031760816894,1060,113
gaze,134038031760893818,1033,146
gaze,134038031760974238,960,209
gaze,134038031761061207,891,274
gaze,134038031761144464,796,355
gaze,134038031761228338,723,504
KeyDown,134038031763556020,83
KeyUp,134038031764196167,83
KeyDown,134038031765156385,69
KeyUp,134038031765795932,69
KeyDown,134038031766676606,65
KeyUp,134038031767636470,65
gaze,134038031767905354,1094,211
gaze,134038031767981924,1093,286
gaze,134038031768066666,1086,322
KeyDown,134038031768116140,84
gaze,134038031768148221,1083,305
gaze,134038031768233933,1091,309
gaze,134038031768313488,1090,326
gaze,134038031768400674,1088,321
gaze,134038031768475442,1091,314
gaze,134038031768548410,1088,312
gaze,134038031768628802,1089,300
gaze,134038031768707729,1092,304
KeyUp,134038031768757849,84
gaze,134038031768777336,1092,303
gaze,134038031768859376,1097,296
gaze,134038031768943751,1085,329
gaze,134038031769027009,1077,297
gaze,134038031769109380,1081,296
gaze,134038031769187948,1086,302
gaze,134038031769270763,1087,292
gaze,134038031769354765,1087,299
gaze,134038031769440162,1087,283
gaze,134038031769521474,1083,292
gaze,134038031769607527,1082,289
gaze,134038031769693221,1096,361
gaze,134038031769776035,1110,433
gaze,134038031769859848,1103,404
gaze,134038031769942100,1108,382
gaze,134038031770064960,1110,390
gaze,134038031770125664,1101,398
gaze,134038031770211391,1103,406
gaze,134038031770316150,1104,400
gaze,134038031770395903,1100,392
gaze,134038031770481000,1096,403
gaze,134038031770561629,1098,401
gaze,134038031770648692,1103,397
gaze,134038031770729225,1104,397
gaze,134038031770815874,1108,401
gaze,134038031770889043,1103,402
gaze,134038031770981960,1107,401
gaze,134038031771061220,1109,390
gaze,134038031771143841,1105,405
gaze,134038031771228912,1104,402
gaze,134038031771312145,1103,406
gaze,134038031771395284,1104,408
KeyDown,134038031771396710,190
gaze,134038031771477437,1107,396
gaze,134038031771562361,1119,412
gaze,134038031771644536,1118,399
gaze,134038031771732041,1114,391
gaze,134038031771806770,1121,379
gaze,134038031771878939,1125,400
gaze,134038031771959699,1115,426
KeyUp,134038031772037896,190
gaze,134038031772038103,1120,426
gaze,134038031772147565,1125,408
gaze,134038031772207416,1121,407
gaze,134038031772292735,1129,411
gaze,134038031772397439,1133,401
gaze,134038031772477993,1123,402
gaze,134038031772563463,1125,397
gaze,134038031772644420,1120,393
gaze,134038031772734110,1127,405
gaze,134038031772811990,1127,388
gaze,134038031772898309,1123,382
gaze,134038031772972922,1124,395
gaze,134038031773064698,1123,378
gaze,134038031773143729,1120,387
gaze,134038031773226551,1122,383
gaze,134038031773311825,1127,396
gaze,134038031773395160,1126,392
gaze,134038031773478094,1122,376
KeyDown,134038031773556433,67
gaze,134038031773561811,1124,392
gaze,134038031773644259,1124,364
gaze,134038031773732182,1124,377
gaze,134038031773811849,1127,366
gaze,134038031773893939,1125,376
gaze,134038031773959358,1123,369
KeyUp,134038031774036775,67
gaze,134038031774047145,1123,376
gaze,134038031774132694,1121,393
gaze,134038031774230493,1119,368
gaze,134038031774293495,1125,375
gaze,134038031774376282,1128,375
gaze,134038031774480603,1125,368
gaze,134038031774560494,1121,369
gaze,134038031774648139,1125,378
gaze,134038031774727420,1127,378
gaze,134038031774813353,1126,367
gaze,134038031774894883,1132,382
gaze,134038031774982147,1125,371
gaze,134038031775055295,1132,377
gaze,134038031775148188,1129,398
gaze,134038031775228317,1129,382
gaze,134038031775310410,1125,366
gaze,134038031775396634,1125,371
gaze,134038031775477647,1126,371
gaze,134038031775561738,1127,382
gaze,134038031775644326,1123,385
gaze,134038031775729152,1123,378
gaze,134038031775811748,1135,392
gaze,134038031775896918,1141,389
gaze,134038031775973818,1139,370
gaze,134038031776045097,1139,367
gaze,134038031776126244,1139,375
gaze,134038031776204416,1140,379
gaze,134038031776314930,1144,379
gaze,134038031776379914,1138,372
gaze,134038031776459774,1139,369
gaze,134038031776563898,1139,368
gaze,134038031776644541,1143,370
gaze,134038031776733067,1139,366
gaze,134038031776812019,1140,371
gaze,134038031776896650,1142,371
gaze,134038031776977085,1143,374
gaze,134038031777065096,1139,369
gaze,134038031777139110,1139,368
gaze,134038031777231011,1141,364
gaze,134038031777310982,1136,365
gaze,134038031777393867,1139,370
gaze,134038031777477543,1136,390
gaze,134038031777561680,1136,394
gaze,134038031777644773,1135,383
gaze,134038031777728772,1141,378
gaze,134038031777810983,1139,366
gaze,134038031777894255,1136,376
gaze,134038031777978231,1138,384
gaze,134038031778057362,1140,386
gaze,134038031778127255,1138,391
gaze,134038031778208387,1139,386
gaze,134038031778288146,1143,379
gaze,134038031778397322,1139,363
gaze,134038031778458350,1138,375
gaze,134038031778564443,1137,389
gaze,134038031778644319,1137,400
gaze,134038031778731443,1138,369
gaze,134038031778810690,1141,365
gaze,134038031778898008,1137,366
gaze,134038031778978027,1136,371
gaze,134038031779064325,1135,366
gaze,134038031779144116,1136,370
gaze,134038031779225830,1135,372
gaze,134038031779311390,1135,365
gaze,134038031779390253,1137,368
gaze,134038031779480176,1136,375
gaze,134038031779560897,1139,376
gaze,134038031779648198,1140,380
gaze,134038031779727135,1138,370
gaze,134038031779814888,1138,367
gaze,134038031779894739,1138,373
gaze,134038031779981163,1135,378
gaze,134038031780061040,1133,374
gaze,134038031780143317,1137,375
gaze,134038031780207724,1135,374
gaze,134038031780287368,1134,378
gaze,134038031780357269,1136,380
gaze,134038031780479577,1108,392
gaze,134038031780541150,993,425
gaze,134038031780646972,872,446
gaze,134038031780740131,756,411
gaze,134038031780816062,666,420
gaze,134038031780894888,594,417
gaze,134038031780980052,588,415
gaze,134038031781061052,596,428
gaze,134038031781149268,589,405
gaze,134038031781227094,589,415
gaze,134038031781309063,588,414
gaze,134038031781396642,589,414
gaze,134038031781472156,590,412
gaze,134038031781563024,585,405
gaze,134038031781643631,587,403
gaze,134038031781730777,591,393
gaze,134038031781811151,591,397
gaze,134038031781896908,584,402
gaze,134038031781977440,594,408
gaze,134038031782064552,591,408
gaze,134038031782144493,593,417
gaze,134038031782225391,590,405
gaze,134038031782292089,562,432
gaze,134038031782371367,480,474
gaze,134038031782442269,437,452
gaze,134038031782562531,439,437
gaze,134038031782645952,457,442
gaze,134038031782730457,449,441
gaze,134038031782812403,452,443
gaze,134038031782897594,438,433
gaze,134038031782977690,440,442
gaze,134038031783064162,440,439
gaze,134038031783144654,445,429
gaze,134038031783230237,442,432
gaze,134038031783311190,443,439
gaze,134038031783393648,437,453
gaze,134038031783474451,451,460
gaze,134038031783561382,446,442
gaze,134038031783644338,441,458
gaze,134038031783728672,445,449
gaze,134038031783810991,443,448
gaze,134038031783894483,445,446
gaze,134038031783978070,445,450
gaze,134038031784061459,512,480
gaze,134038031784146039,594,483
gaze,134038031784228202,610,458
gaze,134038031784308894,601,455
gaze,134038031784372192,603,457
gaze,134038031784441435,611,456
gaze,134038031784563683,616,459
gaze,134038031784623491,610,465
gaze,134038031784730044,615,467
gaze,134038031784811515,610,461
gaze,134038031784897154,617,455
gaze,134038031784978107,615,469
gaze,134038031785065051,609,459
gaze,134038031785145455,609,460
gaze,134038031785231131,609,470
gaze,134038031785311238,607,466
gaze,134038031785393797,610,472
gaze,134038031785478000,610,473
gaze,134038031785555958,607,464
gaze,134038031785645395,610,468
gaze,134038031785728134,613,479
gaze,134038031785812342,624,538
gaze,134038031785894029,702,687
gaze,134038031785980713,753,875
gaze,134038031786061270,812,1054
gaze,134038031786147626,871,1230
gaze,134038031789737726,967,934
gaze,134038031789820364,973,693
gaze,134038031789902065,975,570
gaze,134038031789989596,977,447
gaze,134038031790070073,985,474
gaze,134038031790157238,986,488
KeyDown,134038031790196127,190
gaze,134038031790235435,983,459
gaze,134038031790320034,985,446
gaze,134038031790395809,984,463
gaze,134038031790463899,984,461
gaze,134038031790533119,978,469
gaze,134038031790654749,977,455
KeyUp,134038031790677517,190
gaze,134038031790736475,983,468
gaze,134038031790820736,980,462
gaze,134038031790902135,981,466
gaze,134038031790988830,980,470
gaze,134038031791071579,979,464
gaze,134038031791155382,980,469
gaze,134038031791235364,978,463
gaze,134038031791321448,977,455
gaze,134038031791404406,982,463
gaze,134038031791483545,976,460
gaze,134038031791564152,980,467
gaze,134038031791654081,979,466
gaze,134038031791734968,973,467
gaze,134038031791821559,975,472
gaze,134038031791901283,982,468
gaze,134038031791988691,979,465
gaze,134038031792068027,981,465
gaze,134038031792154922,984,464
gaze,134038031792234308,976,473
gaze,134038031792322592,978,473
gaze,134038031792396125,975,466
gaze,134038031792463741,1002,477
gaze,134038031792530134,1041,485
gaze,134038031792614463,1042,470
gaze,134038031792736467,1039,468
gaze,134038031792817835,1033,468
gaze,134038031792903057,1039,482
gaze,134038031792984579,1038,477
gaze,134038031793070701,1040,459
gaze,134038031793151134,1040,470
gaze,134038031793235751,1037,461
gaze,134038031793316372,1038,462
gaze,134038031793404140,1033,470
gaze,134038031793482972,1039,462
gaze,134038031793566759,1043,467
gaze,134038031793645723,1043,474
gaze,134038031793733647,1041,470
gaze,134038031793816274,1037,470
gaze,134038031793899677,1044,467
gaze,134038031793984116,1037,463
gaze,134038031794067057,1061,456
gaze,134038031794152832,1131,452
gaze,134038031794232829,1132,456
gaze,134038031794320461,1131,472
gaze,134038031794398940,1134,453
gaze,134038031794480593,1136,467
gaze,134038031794541499,1140,464
gaze,134038031794611032,1147,454
gaze,134038031794694554,1137,465
gaze,134038031794815528,1139,461
gaze,134038031794899135,1138,452
gaze,134038031794981729,1143,464
gaze,134038031795063811,1141,451
gaze,134038031795151335,1134,456
gaze,134038031795230626,1135,468
gaze,134038031795317306,1136,458
gaze,134038031795398077,1139,445
gaze,134038031795483868,1140,459
gaze,134038031795565443,1140,468
gaze,134038031795646135,1138,471
gaze,134038031795727243,1133,461
gaze,134038031795816851,1146,435
gaze,134038031795896680,1141,452
gaze,134038031795984046,1141,440
gaze,134038031796064322,1143,457
gaze,134038031796151471,1144,441
gaze,134038031796230890,1144,459
gaze,134038031796317489,1139,459
gaze,134038031796398592,1142,439
gaze,134038031796483747,1141,436
gaze,134038031796559154,1141,440
gaze,134038031796626575,1137,446
gaze,134038031796694496,1141,443
gaze,134038031796777657,1138,442
gaze,134038031796897884,1139,440
gaze,134038031796979805,1137,464
gaze,134038031797065433,1140,450
gaze,134038031797147340,1137,466
gaze,134038031797232937,1137,460
MouseMove,134038031797236025,798,422
gaze,134038031797313622,1134,461
MouseMove,134038031797315752,801,422
MouseMove,134038031797397361,811,427
gaze,134038031797398620,1135,454
MouseMove,134038031797476683,834,434
gaze,134038031797479935,1133,445
MouseMove,134038031797556736,863,449
gaze,134038031797565844,1173,449
MouseMove,134038031797635829,901,476
gaze,134038031797646933,1240,447
MouseMove,134038031797716665,939,503
gaze,134038031797728000,1249,429
MouseMove,134038031797796023,988,535
gaze,134038031797808074,1247,449
MouseMove,134038031797875647,1026,562
gaze,134038031797896790,1251,440
MouseMove,134038031797959957,1066,587
gaze,134038031797978607,1253,431
MouseMove,134038031798036900,1094,608
gaze,134038031798066808,1265,416
MouseMove,134038031798116981,1117,618
gaze,134038031798145932,1262,436
MouseMove,134038031798196352,1127,624
gaze,134038031798232790,1254,437
MouseMove,134038031798276705,1131,625
gaze,134038031798313709,1254,429
MouseMove,134038031798356941,1133,626
gaze,134038031798404508,1254,437
MouseMove,134038031798436570,1133,626
gaze,134038031798480353,1262,435
MouseMove,134038031798517495,1134,627
gaze,134038031798566714,1257,435
MouseMove,134038031798596147,1137,627
gaze,134038031798640383,1258,430
MouseMove,134038031798676535,1144,630
gaze,134038031798712686,1257,437
MouseMove,134038031798756959,1153,633
gaze,134038031798775701,1255,443
MouseMove,134038031798836377,1167,634
gaze,134038031798857938,1264,443
MouseMove,134038031798915343,1180,634
gaze,134038031798979053,1257,426
MouseMove,134038031798996500,1194,634
gaze,134038031799063490,1257,436
MouseMove,134038031799076449,1210,631
gaze,134038031799145005,1258,437
MouseMove,134038031799157908,1226,627
MouseMove,134038031799235370,1238,622
gaze,134038031799235516,1251,435
gaze,134038031799312329,1248,439
MouseMove,134038031799316414,1248,617
MouseMove,134038031799395863,1256,614
gaze,134038031799398399,1255,432
MouseMove,134038031799476450,1267,612
gaze,134038031799478114,1255,439
MouseMove,134038031799556705,1277,611
gaze,134038031799565169,1254,432
MouseMove,134038031799636306,1286,609
gaze,134038031799648403,1253,433
MouseMove,134038031799716301,1293,608
gaze,134038031799732852,1255,444
MouseMove,134038031799796783,1299,607
gaze,134038031799809099,1254,449
MouseMove,134038031799875896,1305,603
gaze,134038031799893451,1249,447
MouseMove,134038031799957514,1309,600
gaze,134038031799978656,1254,439
MouseMove,134038031800035939,1313,595
gaze,134038031800063132,1260,432
MouseMove,134038031800115929,1318,588
gaze,134038031800145454,1258,442
MouseMove,134038031800195772,1322,580
gaze,134038031800230767,1253,451
MouseMove,134038031800277181,1329,571
gaze,134038031800310845,1252,448
MouseMove,134038031800356560,1335,562
gaze,134038031800398635,1256,450
MouseMove,134038031800436724,1344,552
gaze,134038031800477803,1257,454
MouseMove,134038031800515908,1351,545
gaze,134038031800564819,1254,456
MouseMove,134038031800595334,1362,539
gaze,134038031800645528,1251,439
MouseMove,134038031800676884,1373,535
gaze,134038031800728613,1252,441
MouseMove,134038031800756716,1380,532
gaze,134038031800789401,1268,460
MouseMove,134038031800836145,1386,529
gaze,134038031800859923,1340,479
MouseMove,134038031800917150,1392,526
gaze,134038031800943280,1383,485
MouseMove,134038031800997383,1394,524
gaze,134038031801064494,1372,467
MouseMove,134038031801076623,1396,522
gaze,134038031801151667,1369,468
MouseMove,134038031801155521,1396,521
gaze,134038031801229096,1367,468
MouseMove,134038031801236289,1397,519
MouseMove,134038031801316321,1397,517
gaze,134038031801317369,1367,472
MouseMove,134038031801396900,1399,515
gaze,134038031801396881,1375,466
MouseMove,134038031801475613,1400,514
gaze,134038031801482481,1374,466
MouseMove,134038031801556518,1400,511
gaze,134038031801563080,1381,465
MouseMove,134038031801636880,1401,510
gaze,134038031801650302,1373,468
gaze,134038031801731484,1378,462
gaze,134038031801815847,1378,460
MouseMove,134038031801876585,1401,509
gaze,134038031801889763,1374,465
gaze,134038031801977555,1379,464
gaze,134038031802062333,1375,479
gaze,134038031802147295,1380,471
gaze,134038031802228490,1378,469
MouseMove,134038031802277454,1403,507
gaze,134038031802315990,1375,472
gaze,134038031802395977,1373,462
MouseMove,134038031802435481,1403,507
gaze,134038031802482539,1370,475
MouseMove,134038031802515843,1405,507
gaze,134038031802561641,1365,476
MouseMove,134038031802595340,1405,506
gaze,134038031802650081,1374,468
MouseMove,134038031802677177,1406,506
gaze,134038031802729305,1368,475
gaze,134038031802812350,1369,474
MouseMove,134038031802837224,1406,506
gaze,134038031802872641,1367,470
gaze,134038031802942880,1370,487
MouseMove,134038031802996281,1406,505
gaze,134038031803026312,1372,481
MouseMove,134038031803077402,1406,505
MouseMove,134038031803156833,1407,503
gaze,134038031803173548,1378,478
gaze,134038031803229040,1389,482
MouseMove,134038031803235421,1407,501
MouseMove,134038031803316344,1410,497
gaze,134038031803316531,1383,476
MouseMove,134038031803396412,1410,496
gaze,134038031803396692,1383,483
MouseMove,134038031803480385,1413,492
gaze,134038031803483364,1383,481
MouseMove,134038031803556170,1414,490
gaze,134038031803561723,1387,482
MouseMove,134038031803636082,1416,488
gaze,134038031803649748,1386,470
MouseMove,134038031803715980,1419,485
gaze,134038031803728786,1388,477
MouseMove,134038031803796871,1421,483
gaze,134038031803816685,1392,475
MouseMove,134038031803876407,1422,481
gaze,134038031803895498,1390,477
MouseMove,134038031803956439,1423,478
gaze,134038031803972654,1386,479
MouseMove,134038031804037275,1424,477
gaze,134038031804065853,1387,483
MouseMove,134038031804120695,1424,474
gaze,134038031804147092,1389,477
MouseMove,134038031804196904,1424,473
gaze,134038031804231552,1386,481
MouseMove,134038031804277889,1424,470
gaze,134038031804314689,1387,481
MouseMove,134038031804356257,1424,467
gaze,134038031804399170,1382,481
MouseMove,134038031804436413,1425,466
gaze,134038031804478634,1381,487
MouseMove,134038031804516470,1425,464
gaze,134038031804566057,1383,477
MouseMove,134038031804595764,1428,461
gaze,134038031804646006,1388,473
gaze,134038031804736957,1389,471
gaze,134038031804812836,1378,469
gaze,134038031804886779,1375,485
gaze,134038031804943863,1389,486
gaze,134038031805025597,1388,478
gaze,134038031805174341,1389,471
gaze,134038031805229516,1391,480
LeftMouseDown,134038031805237851
gaze,134038031805317185,1383,475
gaze,134038031805404899,1384,472
gaze,134038031805482742,1384,472
gaze,134038031805563465,1391,478
gaze,134038031805649654,1391,486
gaze,134038031805729831,1389,477
LeftMouseUp,134038031805797383
gaze,134038031805816182,1387,473
gaze,134038031805895562,1384,480
gaze,134038031805975447,1381,478
gaze,134038031806064921,1393,469
gaze,134038031806147128,1387,466
gaze,134038031806229840,1386,473
gaze,134038031806314048,1389,475
gaze,134038031806397194,1389,473
gaze,134038031806479377,1385,478
gaze,134038031806565849,1380,478
MouseMove,134038031806596621,1428,462
gaze,134038031806645913,1380,470
MouseMove,134038031806676627,1428,465
gaze,134038031806732036,1384,468
MouseMove,134038031806755920,1427,469
gaze,134038031806813260,1386,472
MouseMove,134038031806836480,1426,470
gaze,134038031806887452,1387,466
MouseMove,134038031806915909,1426,471
gaze,134038031806942568,1388,471
MouseMove,134038031806995668,1426,474
gaze,134038031807025661,1387,467
MouseMove,134038031807076452,1426,474
gaze,134038031807109340,1387,471
MouseMove,134038031807157893,1426,475
MouseMove,134038031807236698,1426,477
gaze,134038031807255765,1386,476
gaze,134038031807312911,1392,467
MouseMove,134038031807316715,1426,477
MouseMove,134038031807397439,1426,479
gaze,134038031807399392,1392,475
MouseMove,134038031807476299,1426,480
gaze,134038031807479499,1388,470
MouseMove,134038031807557358,1426,480
gaze,134038031807566352,1386,472
gaze,134038031807645859,1386,485
gaze,134038031807732646,1386,490
gaze,134038031807812821,1387,484
gaze,134038031807897980,1383,487
gaze,134038031807978646,1386,482
gaze,134038031808057366,1383,480
gaze,134038031808148131,1384,481
gaze,134038031808228517,1385,481
gaze,134038031808316183,1383,483
gaze,134038031808396916,1392,474
gaze,134038031808484574,1385,482
gaze,134038031808562820,1389,485
gaze,134038031808649075,1383,487
gaze,134038031808729872,1383,480
LeftMouseDown,134038031808761335
gaze,134038031808817433,1383,485
gaze,134038031808895441,1388,473
gaze,134038031808973204,1388,469
gaze,134038031809026695,1391,469
gaze,134038031809109719,1391,470
gaze,134038031809255638,1383,469
gaze,134038031809312291,1384,469
LeftMouseUp,134038031809316795
gaze,134038031809400149,1384,474
gaze,134038031809479761,1383,487
gaze,134038031809564908,1384,484
gaze,134038031809646334,1382,486
gaze,134038031809732424,1380,484
gaze,134038031809812966,1381,490
gaze,134038031809898422,1381,484
gaze,134038031809978999,1386,485
gaze,134038031810056520,1386,474
gaze,134038031810147435,1387,469
gaze,134038031810229024,1384,478
gaze,134038031810315577,1388,474
gaze,134038031810396664,1382,486
gaze,134038031810483424,1380,484
gaze,134038031810562370,1383,478
gaze,134038031810649967,1388,474
gaze,134038031810738449,1388,479
gaze,134038031810818222,1386,470
gaze,134038031810896829,1382,478
gaze,134038031810972140,1376,478
gaze,134038031811028264,1375,486
gaze,134038031811108605,1386,481
gaze,134038031811192225,1384,490
gaze,134038031811338967,1385,482
gaze,134038031811397374,1386,487
gaze,134038031811481460,1351,507
gaze,134038031811562195,1211,615
gaze,134038031811650067,1056,751
gaze,134038031811729615,896,915
gaze,134038031811818492,741,1071
gaze,134038031811896142,611,1222
gaze,134038031811972431,504,1364
MouseMove,134038031814275856,1426,481
MouseMove,134038031814436169,1426,482
MouseMove,134038031814676797,1426,483
MouseMove,134038031814756054,1426,483
MouseMove,134038031815075449,1426,484
MouseMove,134038031816276290,1426,485
MouseMove,134038031816356005,1426,486
gaze,134038031816475477,637,1251
MouseMove,134038031816517061,1426,486
gaze,134038031816570484,823,1057
MouseMove,134038031816596786,1425,487
gaze,134038031816650999,953,794
gaze,134038031816735652,1058,677
gaze,134038031816817544,1146,524
gaze,134038031816903591,1194,434
gaze,134038031816984681,1180,453
gaze,134038031817059018,1179,457
gaze,134038031817115966,1190,426
gaze,134038031817196593,1189,419
gaze,134038031817342608,1185,416
gaze,134038031817400946,1180,434
gaze,134038031817486676,1185,419
gaze,134038031817566854,1178,437
gaze,134038031817654718,1178,433
gaze,134038031817734713,1182,432
gaze,134038031817821589,1180,437
gaze,134038031817900012,1180,437
gaze,134038031817985683,1185,437
gaze,134038031818066541,1182,426
gaze,134038031818143435,1187,421
gaze,134038031818234433,1180,431
gaze,134038031818318431,1179,427
gaze,134038031818402317,1174,433
gaze,134038031818482917,1215,436
gaze,134038031818570108,1320,456
gaze,134038031818650412,1395,457
gaze,134038031818742712,1408,485
gaze,134038031818818616,1379,485
gaze,134038031818902060,1397,480
gaze,134038031818982282,1401,474
gaze,134038031819059063,1404,482
gaze,134038031819114807,1395,485
gaze,134038031819196486,1395,479
gaze,134038031819280662,1394,482
MouseMove,134038031819399356,1425,488
KeyDown,134038031819400213,52
gaze,134038031819424123,1387,487
MouseMove,134038031819476912,1424,488
gaze,134038031819483523,1395,475
gaze,134038031819568996,1389,479
gaze,134038031819651139,1387,471
gaze,134038031819739602,1383,476
gaze,134038031819818296,1383,477
gaze,134038031819901966,1387,476
gaze,134038031819982928,1388,481
gaze,134038031820076115,1383,473
gaze,134038031820149905,1390,474
gaze,134038031820226451,1385,470
KeyUp,134038031820277693,52
gaze,134038031820317233,1378,485
gaze,134038031820399303,1387,474
gaze,134038031820485185,1385,483
gaze,134038031820566401,1380,471
gaze,134038031820651539,1386,468
gaze,134038031820733148,1387,484
gaze,134038031820820257,1391,474
gaze,134038031820904443,1393,468
gaze,134038031820984905,1387,474
gaze,134038031821068259,1383,473
gaze,134038031821143790,1385,471
gaze,134038031821195191,1385,474
gaze,134038031821278372,1386,470
gaze,134038031821362206,1384,480
gaze,134038031821509146,1387,466
gaze,134038031821565876,1382,473
gaze,134038031821651971,1380,472
gaze,134038031821731398,1385,472
gaze,134038031821818205,1381,475
gaze,134038031821898678,1388,468
gaze,134038031821986153,1392,485
gaze,134038031822065016,1383,462
gaze,134038031822151723,1385,487
gaze,134038031822230677,1384,480
gaze,134038031822307836,1386,466
gaze,134038031822399110,1380,480
gaze,134038031822482729,1388,479
gaze,134038031822565557,1381,483
MouseMove,134038031822595980,1424,489
gaze,134038031822648735,1383,477
gaze,134038031822731820,1385,468
gaze,134038031822818671,1386,478
gaze,134038031822898020,1378,480
gaze,134038031822985987,1385,479
gaze,134038031823066715,1377,475
gaze,134038031823149904,1387,488
gaze,134038031823221380,1389,478
gaze,134038031823281622,1384,481
gaze,134038031823362210,1379,473
gaze,134038031823444655,1383,482
gaze,134038031823591169,1384,476
gaze,134038031823647102,1388,479
gaze,134038031823734590,1383,482
gaze,134038031823815361,1390,477
gaze,134038031823900920,1382,477
gaze,134038031823981970,1390,477
gaze,134038031824068449,1385,484
gaze,134038031824148101,1384,485
gaze,134038031824234842,1388,476
gaze,134038031824315039,1381,482
gaze,134038031824395278,1393,482
gaze,134038031824483335,1388,490
gaze,134038031824564410,1397,466
gaze,134038031824650230,1384,402
gaze,134038031824731497,1377,276
gaze,134038031824818121,1383,219
gaze,134038031824897993,1384,243
gaze,134038031824983541,1387,255
gaze,134038031825064841,1387,245
gaze,134038031825151352,1383,232
gaze,134038031825232485,1385,241
gaze,134038031825310171,1384,238
gaze,134038031825366012,1381,244
gaze,134038031825445958,1384,240
gaze,134038031825527352,1379,240
gaze,134038031825674965,1385,240
gaze,134038031825731848,1383,244
gaze,134038031825818286,1390,248
gaze,134038031825896872,1383,239
gaze,134038031825983786,1384,238
gaze,134038031826064607,1380,238
gaze,134038031826151486,1386,256
gaze,134038031826230573,1399,257
gaze,134038031826317464,1393,267
gaze,134038031826398113,1385,267
gaze,134038031826474089,1384,265
gaze,134038031826566892,1389,263
gaze,134038031826648547,1389,263
gaze,134038031826733182,1379,267
gaze,134038031826813625,1390,266
gaze,134038031826899524,1377,265
gaze,134038031826979167,1267,294
gaze,134038031827066540,1094,314
gaze,134038031827147180,939,339
gaze,134038031827234276,794,377
gaze,134038031827317893,665,420
gaze,134038031827390792,554,407
gaze,134038031827445102,551,422
gaze,134038031827527522,574,430
gaze,134038031827609832,555,398
gaze,134038031827755451,557,411
gaze,134038031827813400,553,428
gaze,134038031827900508,558,420
gaze,134038031827980118,558,416
gaze,134038031828068047,554,413
gaze,134038031828147001,555,417
gaze,134038031828232355,568,433
gaze,134038031828313154,553,415
gaze,134038031828401248,557,432
gaze,134038031828480116,564,430
gaze,134038031828555885,561,403
gaze,134038031828649567,553,416
gaze,134038031828729991,558,414
gaze,134038031828815200,560,428
gaze,134038031828894825,566,416
gaze,134038031828982318,563,416
gaze,134038031829062330,559,409
gaze,134038031829148677,562,412
gaze,134038031829228033,564,405
gaze,134038031829316734,547,418
gaze,134038031829396488,474,505
gaze,134038031829473565,419,537
gaze,134038031829527256,449,493
gaze,134038031829609067,453,496
gaze,134038031829691805,437,510
gaze,134038031829838013,443,519
gaze,134038031829896892,452,510
gaze,134038031829983415,441,520
gaze,134038031830062809,445,509
gaze,134038031830150635,448,522
gaze,134038031830228117,450,510
gaze,134038031830317136,443,508
gaze,134038031830396415,451,521
gaze,134038031830483619,447,500
gaze,134038031830562127,448,508
gaze,134038031830639204,449,521
gaze,134038031830731344,451,518
gaze,134038031830813709,443,503
gaze,134038031830898184,448,506
gaze,134038031830978457,450,516
gaze,134038031831066196,444,500
gaze,134038031831146479,445,509
gaze,134038031831232852,443,509
gaze,134038031831312460,445,511
gaze,134038031831398543,445,511
gaze,134038031831479400,443,515
gaze,134038031831556368,441,503
gaze,134038031831611602,439,516
gaze,134038031831692285,443,520
gaze,134038031831775308,489,509
gaze,134038031831920165,537,506
gaze,134038031831979895,552,506
gaze,134038031832072659,540,513
gaze,134038031832150883,542,501
gaze,134038031832232874,548,505
gaze,134038031832311585,541,492
gaze,134038031832398857,539,498
gaze,134038031832478578,541,518
gaze,134038031832565537,538,501
gaze,134038031832646008,536,488
gaze,134038031832720691,531,496
gaze,134038031832814338,530,504
gaze,134038031832895702,536,501
gaze,134038031832982355,542,501
gaze,134038031833062125,545,503
gaze,134038031833148312,535,493
gaze,134038031833228970,537,499
gaze,134038031833316413,539,493
gaze,134038031833395082,537,490
gaze,134038031833482972,535,494
gaze,134038031833562259,540,488
gaze,134038031833637881,540,499
gaze,134038031833693209,531,489
gaze,134038031833775300,528,494
gaze,134038031833857557,530,497
gaze,134038031834003304,531,495
gaze,134038031834062489,488,552
gaze,134038031834149745,473,549
gaze,134038031834228413,487,559
gaze,134038031834315437,479,540
gaze,134038031834398387,485,563
gaze,134038031834481882,485,554
gaze,134038031834562223,486,549
gaze,134038031834648925,485,535
gaze,134038031834729882,480,552
gaze,134038031834805977,482,558
gaze,134038031834896956,489,544
gaze,134038031834978891,482,555
gaze,134038031835065857,487,546
gaze,134038031835145772,486,566
gaze,134038031835231820,488,563
gaze,134038031835312807,486,547
gaze,134038031835400435,485,544
gaze,134038031835480283,487,559
gaze,134038031835567423,482,560
gaze,134038031835646423,482,547
gaze,134038031835721660,484,553
gaze,134038031835777181,486,552
gaze,134038031835858554,488,555
gaze,134038031835981166,486,554
gaze,134038031836062731,487,537
gaze,134038031836149895,483,554
gaze,134038031836229665,490,552
gaze,134038031836316492,483,559
gaze,134038031836397728,484,559
gaze,134038031836483883,488,543
gaze,134038031836573229,489,556
gaze,134038031836650035,486,559
gaze,134038031836728568,481,554
gaze,134038031836810762,488,557
gaze,134038031836890433,490,556
gaze,134038031836980982,491,562
gaze,134038031837062678,486,557
gaze,134038031837149407,447,573
gaze,134038031837229209,432,561
gaze,134038031837316534,441,579
gaze,134038031837396537,444,564
gaze,134038031837483117,437,579
gaze,134038031837562398,433,574
gaze,134038031837650012,442,580
gaze,134038031837730397,441,569
gaze,134038031837792323,443,580
gaze,134038031837860309,447,571
gaze,134038031837980782,435,580
gaze,134038031838042113,445,568
gaze,134038031838147227,443,579
gaze,134038031838228863,444,577
gaze,134038031838316560,445,574
gaze,134038031838398929,442,575
gaze,134038031838482161,440,571
gaze,134038031838563330,439,579
gaze,134038031838649051,446,576
gaze,134038031838729552,442,576
gaze,134038031838812902,477,581
gaze,134038031838896522,569,598
gaze,134038031838977042,625,589
gaze,134038031839065164,647,581
gaze,134038031839146535,645,584
gaze,134038031839231018,646,589
gaze,134038031839312441,646,586
gaze,134038031839400502,647,576
gaze,134038031839478895,646,568
gaze,134038031839565469,645,584
gaze,134038031839645728,647,576
gaze,134038031839727955,644,581
gaze,134038031839793432,649,586
gaze,134038031839873300,646,583
gaze,134038031839942520,645,577
gaze,134038031840062775,641,583
gaze,134038031840126569,645,584
gaze,134038031840232281,640,564
gaze,134038031840312237,651,587
gaze,134038031840397995,642,576
gaze,134038031840478310,648,573
gaze,134038031840565372,651,578
gaze,134038031840646638,644,578
gaze,134038031840732130,648,586
gaze,134038031840812391,642,590
gaze,134038031840894901,645,582
gaze,134038031840979218,651,587
gaze,134038031841057911,647,577
gaze,134038031841148234,644,579
gaze,134038031841228644,646,583
gaze,134038031841315931,646,594
gaze,134038031841395936,650,585
gaze,134038031841481970,662,582
gaze,134038031841563160,726,594
gaze,134038031841649624,744,597
gaze,134038031841729560,762,582
gaze,134038031841811434,770,583
gaze,134038031841876920,763,575
gaze,134038031841956069,769,587
gaze,134038031842063475,770,599
gaze,134038031842124707,763,573
gaze,134038031842211264,772,594
MouseMove,134038031842277909,1422,489
gaze,134038031842315551,771,588
MouseMove,134038031842356598,1418,489
gaze,134038031842396699,769,561
MouseMove,134038031842437056,1415,489
gaze,134038031842483010,771,600
MouseMove,134038031842516039,1414,489
gaze,134038031842562443,773,586
gaze,134038031842649966,769,596
gaze,134038031842728536,766,585
gaze,134038031842815932,767,577
MouseMove,134038031842835951,1415,489
gaze,134038031842892047,765,580
MouseMove,134038031842917335,1418,489
gaze,134038031842984167,764,584
MouseMove,134038031842996964,1419,489
gaze,134038031843062164,762,585
MouseMove,134038031843076873,1420,489
gaze,134038031843146765,760,586
gaze,134038031843229181,762,594
gaze,134038031843312407,765,595
gaze,134038031843397153,763,588
gaze,134038031843481630,769,601
gaze,134038031843565580,800,597
gaze,134038031843645837,863,590
gaze,134038031843732961,878,572
gaze,134038031843808045,878,573
gaze,134038031843879518,876,574
gaze,134038031843960471,881,599
gaze,134038031844039439,884,579
gaze,134038031844148151,880,580
gaze,134038031844209380,883,594
gaze,134038031844294757,884,589
gaze,134038031844401079,884,586
MouseWheel,134038031844437381,-120
gaze,134038031844479280,882,579
gaze,134038031844565795,879,582
gaze,134038031844645727,885,595
gaze,134038031844731623,888,580
gaze,134038031844811941,880,591
gaze,134038031844898011,878,586
gaze,134038031844973934,881,580
gaze,134038031845067162,879,588
gaze,134038031845145809,880,588
gaze,134038031845227705,881,591
gaze,134038031845312372,883,588
gaze,134038031845403042,883,583
gaze,134038031845484114,884,585
gaze,134038031845562853,883,593
gaze,134038031845647212,879,589
gaze,134038031845730323,881,585
gaze,134038031845813552,881,590
gaze,134038031845890747,882,583
gaze,134038031845963368,884,585
gaze,134038031846044521,889,577
gaze,134038031846123002,885,572
gaze,134038031846236176,878,570
gaze,134038031846292165,883,575
gaze,134038031846377739,877,566
gaze,134038031846481063,886,578
gaze,134038031846562967,885,571
gaze,134038031846649145,883,566
gaze,134038031846729406,880,554
gaze,134038031846814820,880,563
gaze,134038031846895059,881,568
MouseWheel,134038031846916309,-120
gaze,134038031846981445,875,558
gaze,134038031847057225,877,578
gaze,134038031847149874,882,577
gaze,134038031847227885,878,589
gaze,134038031847310163,898,548
gaze,134038031847397632,952,521
gaze,134038031847478960,965,487
gaze,134038031847567126,962,494
gaze,134038031847645678,961,507
gaze,134038031847732447,969,506
gaze,134038031847812341,967,520
gaze,134038031847898584,974,479
gaze,134038031847973026,971,495
gaze,134038031848051124,962,500
gaze,134038031848127249,962,493
gaze,134038031848205555,959,495
gaze,134038031848313544,965,498
gaze,134038031848377391,973,507
gaze,134038031848481764,969,500
gaze,134038031848561484,966,495
gaze,134038031848648061,970,517
gaze,134038031848728885,966,475
gaze,134038031848816541,967,493
gaze,134038031848896664,964,495
gaze,134038031848983069,963,491
gaze,134038031849063172,940,487
gaze,134038031849144646,841,456
gaze,134038031849229291,732,415
gaze,134038031849306991,626,415
gaze,134038031849398103,531,411
gaze,134038031849479751,474,420
gaze,134038031849565091,468,414
gaze,134038031849646075,473,414
gaze,134038031849732932,466,410
gaze,134038031849813419,461,412
gaze,134038031849899602,468,416
gaze,134038031849984660,466,414
gaze,134038031850060698,471,417
gaze,134038031850129680,471,413
gaze,134038031850204598,468,407
gaze,134038031850315035,472,417
gaze,134038031850375999,473,418
gaze,134038031850460147,478,420
gaze,134038031850564215,481,410
gaze,134038031850645719,479,411
gaze,134038031850732192,481,413
gaze,134038031850813334,475,416
gaze,134038031850898453,474,425
gaze,134038031850980802,476,425
gaze,134038031851066155,482,420
gaze,134038031851141423,475,415
gaze,134038031851233483,479,416
gaze,134038031851312416,484,419
gaze,134038031851394718,475,414
gaze,134038031851479828,478,414
gaze,134038031851563367,479,418
gaze,134038031851646132,478,413
gaze,134038031851729765,472,421
gaze,134038031851813612,466,422
gaze,134038031851894808,438,524
gaze,134038031851982831,420,603
gaze,134038031852058819,440,572
gaze,134038031852133301,440,558
gaze,134038031852211115,432,583
gaze,134038031852290502,433,573
gaze,134038031852396365,435,574
gaze,134038031852459482,438,583
gaze,134038031852565052,434,574
gaze,134038031852645775,430,570
gaze,134038031852731139,427,569
gaze,134038031852812753,429,567
gaze,134038031852898458,437,575
gaze,134038031852979512,440,574
gaze,134038031853066181,425,572
gaze,134038031853146074,432,565
gaze,134038031853227290,429,565
gaze,134038031853313678,432,569
gaze,134038031853392617,436,578
gaze,134038031853483284,437,576
gaze,134038031853563047,435,580
gaze,134038031853648820,435,574
gaze,134038031853729011,435,574
gaze,134038031853815477,445,583
gaze,134038031853890827,510,584
gaze,134038031853983367,525,572
gaze,134038031854063045,513,575
gaze,134038031854143909,514,580
gaze,134038031854209564,518,580
gaze,134038031854289250,523,583
gaze,134038031854401113,523,585
gaze,134038031854458358,515,583
gaze,134038031854543421,515,578
gaze,134038031854653219,519,570
gaze,134038031854730017,517,580
gaze,134038031854815235,516,592
gaze,134038031854895229,519,587
gaze,134038031854981720,518,590
gaze,134038031855063430,518,580
gaze,134038031855150900,515,573
gaze,134038031855224260,513,578
gaze,134038031855316902,515,585
gaze,134038031855396740,513,588
gaze,134038031855477574,514,582
gaze,134038031855565432,507,580
gaze,134038031855647153,510,572
gaze,134038031855732532,512,583
gaze,134038031855813652,512,593
gaze,134038031855898500,511,578
gaze,134038031855980036,509,576
gaze,134038031856067026,511,586
gaze,134038031856141771,516,594
gaze,134038031856213534,513,581
gaze,134038031856295558,505,591
gaze,134038031856373472,510,588
gaze,134038031856483415,514,591
gaze,134038031856542418,508,586
gaze,134038031856651335,510,579
gaze,134038031856731404,509,587
gaze,134038031856815841,507,594
gaze,134038031856894908,515,586
gaze,134038031856982553,512,588
gaze,134038031857063393,509,591
gaze,134038031857149994,479,611
gaze,134038031857230057,475,604
gaze,134038031857311196,495,594
gaze,134038031857401231,486,592
gaze,134038031857474769,488,600
gaze,134038031857565535,488,605
gaze,134038031857647073,491,610
gaze,134038031857733895,491,610
gaze,134038031857812430,490,597
gaze,134038031857898332,484,595
gaze,134038031857979191,481,591
gaze,134038031858066551,483,591
gaze,134038031858145959,481,596
gaze,134038031858227196,481,591
gaze,134038031858293382,479,596
gaze,134038031858373187,481,600
gaze,134038031858482112,475,601
gaze,134038031858542422,478,601
gaze,134038031858627365,475,529
gaze,134038031858732667,431,378
gaze,134038031858814549,432,346
gaze,134038031858900059,439,354
gaze,134038031858980019,435,362
gaze,134038031859065938,435,347
gaze,134038031859146323,434,354
gaze,134038031859231731,438,353
gaze,134038031859307471,433,354
gaze,134038031859400092,432,358
gaze,134038031859479713,433,355
gaze,134038031859561093,437,356
gaze,134038031859648496,441,353
gaze,134038031859730806,436,352
gaze,134038031859819120,433,353
gaze,134038031859896910,428,354
gaze,134038031859982835,436,350
gaze,134038031860064473,443,358
gaze,134038031860151047,439,358
gaze,134038031860224762,435,365
gaze,134038031860297968,437,361
gaze,134038031860378262,442,343
gaze,134038031860456743,438,349
gaze,134038031860566967,433,347
gaze,134038031860624958,450,356
gaze,134038031860733503,430,353
gaze,134038031860813677,442,347
gaze,134038031860899229,446,356
gaze,134038031860980832,432,347
gaze,134038031861065642,450,351
gaze,134038031861147378,438,358
gaze,134038031861233470,439,361
gaze,134038031861314147,442,356
gaze,134038031861395338,433,354
gaze,134038031861480578,445,353
gaze,134038031861558916,437,358
gaze,134038031861649282,446,362
gaze,134038031861731116,439,356
gaze,134038031861815728,442,354
gaze,134038031861901246,444,346
gaze,134038031861984166,441,352
gaze,134038031862064998,436,342
gaze,134038031862151257,501,373
gaze,134038031862229870,544,376
gaze,134038031862316910,543,352
gaze,134038031862377289,553,379
gaze,134038031862456445,555,370
gaze,134038031862565557,549,373
gaze,134038031862625348,554,361
gaze,134038031862711042,555,363
gaze,134038031862817520,560,372
gaze,134038031862896887,556,365
gaze,134038031862982788,556,366
gaze,134038031863063686,556,353
gaze,134038031863149904,554,359
gaze,134038031863230249,557,360
gaze,134038031863316534,554,365
gaze,134038031863392095,562,387
gaze,134038031863483720,554,366
gaze,134038031863562257,558,375
gaze,134038031863644379,560,381
gaze,134038031863730609,564,374
gaze,134038031863813366,558,377
gaze,134038031863897056,555,378
gaze,134038031863979063,585,362
gaze,134038031864065828,670,384
gaze,134038031864151028,703,361
gaze,134038031864230306,719,361
gaze,134038031864309674,719,353
gaze,134038031864377563,718,363
gaze,134038031864464221,716,367
gaze,134038031864540697,722,378
gaze,134038031864648307,720,361
gaze,134038031864710413,721,367
gaze,134038031864814957,722,366
gaze,134038031864895991,716,357
gaze,134038031864981017,720,364
gaze,134038031865063798,719,358
gaze,134038031865147405,720,352
gaze,134038031865230094,719,359
gaze,134038031865314352,722,357
gaze,134038031865400362,715,350
gaze,134038031865478427,719,352
gaze,134038031865565095,715,361
gaze,134038031865641572,720,360
gaze,134038031865731770,720,372
gaze,134038031865812276,720,366
gaze,134038031865899012,718,366
gaze,134038031865980272,719,363
gaze,134038031866067041,726,364
gaze,134038031866147100,809,413
gaze,134038031866233122,908,389
gaze,134038031866314243,977,380
gaze,134038031866397409,986,389
gaze,134038031866461534,979,372
gaze,134038031866540522,980,359
gaze,134038031866649645,986,379
gaze,134038031866711340,988,364
gaze,134038031866815199,985,369
gaze,134038031866896650,987,366
gaze,134038031866982969,985,368
gaze,134038031867063856,985,376
gaze,134038031867150273,988,382
gaze,134038031867229994,987,356
gaze,134038031867316462,978,357
gaze,134038031867398536,983,365
gaze,134038031867478025,981,387
gaze,134038031867564287,981,395
gaze,134038031867641898,986,384
gaze,134038031867732359,986,390
gaze,134038031867814956,981,402
gaze,134038031867900275,981,359
gaze,134038031867979777,983,381
gaze,134038031868066440,982,364
gaze,134038031868146560,982,361
gaze,134038031868232823,982,355
gaze,134038031868312780,982,369
gaze,134038031868395953,977,344
gaze,134038031868460555,990,355
gaze,134038031868539973,1043,377
gaze,134038031868650571,1078,386
gaze,134038031868710812,1069,374
gaze,134038031868816912,1077,374
gaze,134038031868897560,1070,378
gaze,134038031868981570,1071,379
gaze,134038031869063241,1074,379
gaze,134038031869148737,1073,364
gaze,134038031869234480,1074,372
gaze,134038031869316538,1067,381
gaze,134038031869396410,1072,368
gaze,134038031869477892,1077,362
gaze,134038031869564458,1077,371
gaze,134038031869641830,1073,396
gaze,134038031869732399,1081,377
gaze,134038031869814268,1081,368
gaze,134038031869899324,1077,382
gaze,134038031869980023,1157,370
gaze,134038031870068022,1236,378
gaze,134038031870147700,1264,374
gaze,134038031870236820,1267,381
gaze,134038031870314324,1262,374
gaze,134038031870394456,1261,368
gaze,134038031870461867,1278,379
gaze,134038031870539808,1268,379
gaze,134038031870650233,1273,381
gaze,134038031870710809,1271,372
gaze,134038031870798124,1268,371
gaze,134038031870900068,1271,367
gaze,134038031870981614,1271,365
gaze,134038031871067783,1269,369
gaze,134038031871147700,1269,365
gaze,134038031871233073,1271,363
gaze,134038031871314326,1273,366
gaze,134038031871401027,1269,357
gaze,134038031871475976,1273,368
gaze,134038031871568368,1272,379
gaze,134038031871647223,1262,384
gaze,134038031871728947,1264,365
gaze,134038031871814153,1270,381
gaze,134038031871898296,1267,371
gaze,134038031871981955,1274,369
gaze,134038031872064202,1265,376
gaze,134038031872150870,1265,371
gaze,134038031872231373,1268,366
gaze,134038031872317797,1271,375
gaze,134038031872392873,1273,360
gaze,134038031872464872,1273,366
gaze,134038031872544147,1272,359
gaze,134038031872623769,1272,375
gaze,134038031872733006,1267,372
gaze,134038031872792968,1273,360
gaze,134038031872899949,1272,354
gaze,134038031872979773,1275,359
gaze,134038031873066627,1268,365
gaze,134038031873147543,1265,368
gaze,134038031873234300,1210,375
gaze,134038031873314804,1099,401
gaze,134038031873402308,1030,376
gaze,134038031873481204,1046,399
gaze,134038031873561250,1067,374
gaze,134038031873646576,1059,376
gaze,134038031873725725,1049,389
gaze,134038031873815659,1049,382
gaze,134038031873897434,1056,373
gaze,134038031873982956,1047,374
gaze,134038031874064548,1049,355
gaze,134038031874150977,1042,382
gaze,134038031874230378,1051,373
gaze,134038031874318329,1050,395
gaze,134038031874397677,1053,388
gaze,134038031874481392,1051,379
gaze,134038031874543843,1049,374
gaze,134038031874625396,1054,389
gaze,134038031874732807,1053,382
gaze,134038031874795358,1032,405
gaze,134038031874878276,897,441
gaze,134038031874983980,763,397
gaze,134038031875064341,651,374
gaze,134038031875151294,551,357
gaze,134038031875231451,486,361
gaze,134038031875316261,498,368
gaze,134038031875397628,519,367
gaze,134038031875484357,499,355
gaze,134038031875559479,496,349
gaze,134038031875651525,501,364
gaze,134038031875731708,500,350
gaze,134038031875811895,497,366
gaze,134038031875898140,500,358
gaze,134038031875981735,506,368
gaze,134038031876064874,499,352
gaze,134038031876150674,503,363
gaze,134038031876230963,500,364
gaze,134038031876317674,499,359
gaze,134038031876397130,502,369
gaze,134038031876479143,510,360
gaze,134038031876546011,500,369
gaze,134038031876629630,504,357
gaze,134038031876707738,504,360
gaze,134038031876814471,503,373
gaze,134038031876877708,507,361
gaze,134038031876962033,506,367
gaze,134038031877065153,505,350
gaze,134038031877147726,508,381
gaze,134038031877230548,504,368
gaze,134038031877314547,571,377
gaze,134038031877400966,643,387
MouseMove,134038031877476751,1420,488
gaze,134038031877479580,655,379
MouseMove,134038031877556774,1417,485
gaze,134038031877567260,663,384
MouseMove,134038031877636720,1399,480
gaze,134038031877643979,660,379
MouseMove,134038031877716126,1372,472
gaze,134038031877734287,669,394
MouseMove,134038031877796606,1341,460
gaze,134038031877813864,668,371
MouseMove,134038031877876537,1315,447
gaze,134038031877894564,665,371
MouseMove,134038031877955498,1302,440
gaze,134038031877980949,666,374
MouseMove,134038031878035648,1298,440
gaze,134038031878064360,665,374
MouseMove,134038031878115921,1297,440
gaze,134038031878147721,663,382
gaze,134038031878230541,668,373
gaze,134038031878313528,666,382
gaze,134038031878398616,669,364
gaze,134038031878485295,661,357
gaze,134038031878558874,665,376
gaze,134038031878629412,666,368
gaze,134038031878713178,668,383
gaze,134038031878791850,667,375
gaze,134038031878897411,664,375
gaze,134038031878960212,667,360
gaze,134038031879065066,700,360
gaze,134038031879147249,767,377
MouseMove,134038031879236947,1296,439
gaze,134038031879236921,768,371
gaze,134038031879313683,765,376
MouseMove,134038031879315566,1298,432
MouseMove,134038031879396557,1308,420
gaze,134038031879398414,762,367
MouseMove,134038031879476558,1321,407
gaze,134038031879480520,772,380
MouseMove,134038031879556246,1331,397
gaze,134038031879565063,765,377
MouseMove,134038031879639812,1336,395
gaze,134038031879647687,777,373
MouseMove,134038031879716311,1340,392
gaze,134038031879727321,767,370
MouseMove,134038031879795724,1341,391
gaze,134038031879815893,769,369
MouseMove,134038031879876953,1342,391
gaze,134038031879892103,766,382
MouseMove,134038031879956401,1342,391
gaze,134038031879983149,767,378
gaze,134038031880067897,771,374
gaze,134038031880150382,764,373
gaze,134038031880233421,769,375
gaze,134038031880313376,768,369
MouseMove,134038031880356868,1343,391
gaze,134038031880397136,763,367
MouseMove,134038031880436982,1343,391
gaze,134038031880480028,761,365
gaze,134038031880561972,767,368
gaze,134038031880647262,765,370
MouseMove,134038031880676404,1344,391
gaze,134038031880711939,766,372
gaze,134038031880789997,770,371
MouseMove,134038031880837537,1345,391
gaze,134038031880897003,765,364
MouseMove,134038031880916514,1346,391
gaze,134038031880959107,707,370
MouseMove,134038031880996339,1347,389
gaze,134038031881065562,659,361
gaze,134038031881148584,664,355
MouseMove,134038031881156005,1348,389
gaze,134038031881230807,656,357
gaze,134038031881312491,655,356
gaze,134038031881402386,661,359
MouseMove,134038031881475480,1348,389
gaze,134038031881480781,655,348
gaze,134038031881565054,661,357
MouseMove,134038031881635788,1349,389
gaze,134038031881647075,656,358
MouseMove,134038031881716539,1350,388
gaze,134038031881727430,660,354
MouseMove,134038031881797478,1351,388
gaze,134038031881814838,656,354
MouseMove,134038031881876426,1352,388
gaze,134038031881890887,660,366
MouseMove,134038031881956281,1354,388
gaze,134038031881982984,660,375
MouseMove,134038031882037752,1356,387
gaze,134038031882064380,728,389
MouseMove,134038031882115943,1359,386
gaze,134038031882150230,905,422
MouseMove,134038031882196681,1363,386
gaze,134038031882243343,1066,381
MouseMove,134038031882276974,1366,386
gaze,134038031882317159,1196,346
MouseMove,134038031882356915,1371,386
gaze,134038031882397620,1303,355
MouseMove,134038031882436878,1372,386
gaze,134038031882482846,1347,367
MouseMove,134038031882515923,1374,386
gaze,134038031882563962,1316,361
MouseMove,134038031882595503,1375,386
gaze,134038031882647150,1334,369
gaze,134038031882713165,1335,361
gaze,134038031882790792,1346,355
gaze,134038031882897867,1329,356
gaze,134038031882959641,1334,356
gaze,134038031883066258,1330,351
gaze,134038031883151125,1334,352
gaze,134038031883233680,1328,356
gaze,134038031883314274,1328,347
MouseMove,134038031883397909,1377,386
gaze,134038031883400641,1338,353
MouseMove,134038031883476860,1377,386
gaze,134038031883480890,1332,354
gaze,134038031883566208,1329,349
gaze,134038031883646620,1328,350
MouseMove,134038031883716084,1378,385
gaze,134038031883728884,1327,358
gaze,134038031883818600,1334,362
gaze,134038031883892898,1330,343
gaze,134038031883981635,1325,356
gaze,134038031884065769,1324,353
MouseMove,134038031884116515,1378,385
gaze,134038031884148135,1322,347
MouseMove,134038031884197059,1378,385
gaze,134038031884231327,1327,357
MouseMove,134038031884277021,1378,386
gaze,134038031884314792,1324,357
gaze,134038031884397970,1326,354
gaze,134038031884484004,1324,356
gaze,134038031884563185,1318,353
gaze,134038031884648777,1318,358
LeftMouseDown,134038031884679075
gaze,134038031884720756,1324,359
gaze,134038031884790815,1322,349
gaze,134038031884860663,1322,351
gaze,134038031884982611,1326,358
gaze,134038031885068336,1327,355
gaze,134038031885150956,1323,352
gaze,134038031885231109,1322,355
gaze,134038031885316443,1321,346
gaze,134038031885397747,1322,358
LeftMouseUp,134038031885477773
gaze,134038031885483167,1323,353
gaze,134038031885564471,1321,365
gaze,134038031885650684,1325,365
gaze,134038031885730548,1321,362
gaze,134038031885812206,1323,369
gaze,134038031885892984,1321,366
gaze,134038031885982522,1324,362
gaze,134038031886063594,1322,362
gaze,134038031886150802,1324,362
gaze,134038031886230378,1322,369
gaze,134038031886317683,1320,371
gaze,134038031886398854,1322,360
gaze,134038031886482829,1326,366
gaze,134038031886564686,1325,357
gaze,134038031886651464,1311,364
gaze,134038031886726809,1183,415
gaze,134038031886793412,1013,446
gaze,134038031886860034,866,386
gaze,134038031886981984,750,357
gaze,134038031887064814,678,373
gaze,134038031887150658,670,377
gaze,134038031887229880,698,372
gaze,134038031887315295,682,368
gaze,134038031887398560,674,365
gaze,134038031887482333,677,353
gaze,134038031887564492,671,355
gaze,134038031887650218,675,365
gaze,134038031887731723,679,382
gaze,134038031887811654,680,360
gaze,134038031887893226,673,356
gaze,134038031887982040,674,368
gaze,134038031888064144,682,381
gaze,134038031888150432,672,374
gaze,134038031888230202,675,366
MouseMove,134038031888276272,1378,386
gaze,134038031888316518,677,362
MouseMove,134038031888356815,1378,387
gaze,134038031888397860,686,382
MouseMove,134038031888437488,1378,388
gaze,134038031888482927,676,348
MouseMove,134038031888516471,1378,389
gaze,134038031888563274,677,353
MouseMove,134038031888595816,1378,389
gaze,134038031888649768,679,359
MouseMove,134038031888676627,1378,390
gaze,134038031888725632,677,373
gaze,134038031888797328,679,367
gaze,134038031888860669,679,360
gaze,134038031888943372,677,363
gaze,134038031889065471,675,344
gaze,134038031889148769,678,360
gaze,134038031889234709,753,390
gaze,134038031889313922,790,398
gaze,134038031889397831,788,399
gaze,134038031889480743,796,375
MouseMove,134038031889555896,1378,391
gaze,134038031889563716,794,396
gaze,134038031889648595,795,388
MouseMove,134038031889716419,1379,391
gaze,134038031889730143,799,390
gaze,134038031889817265,797,372
gaze,134038031889892226,793,367
gaze,134038031889979537,798,375
gaze,134038031890077341,801,394
gaze,134038031890150235,800,365
gaze,134038031890230043,800,379
MouseMove,134038031890276538,1380,392
gaze,134038031890316549,792,376
gaze,134038031890397702,790,361
MouseMove,134038031890436066,1380,393
gaze,134038031890482158,795,375
gaze,134038031890564270,795,374
MouseMove,134038031890595823,1381,394
gaze,134038031890649231,794,389
gaze,134038031890730171,797,365
gaze,134038031890812149,795,383
gaze,134038031890874767,794,360
gaze,134038031890943853,796,360
gaze,134038031891064101,792,355
gaze,134038031891148453,791,370
gaze,134038031891231575,793,360
gaze,134038031891314585,798,376
gaze,134038031891398512,796,383
gaze,134038031891481037,827,401
gaze,134038031891564662,876,366
gaze,134038031891648001,874,365
gaze,134038031891730093,882,375
gaze,134038031891817010,888,362
gaze,134038031891892041,883,370
gaze,134038031891979160,884,375
gaze,134038031892065284,891,378
gaze,134038031892147530,888,379
gaze,134038031892232220,891,384
gaze,134038031892316982,885,370
gaze,134038031892399405,884,380
gaze,134038031892480032,886,383
gaze,134038031892565835,885,386
gaze,134038031892646570,886,382
gaze,134038031892734877,886,356
gaze,134038031892813200,889,373
gaze,134038031892874968,887,363
gaze,134038031892943011,891,388
gaze,134038031893064216,891,365
gaze,134038031893147494,890,367
gaze,134038031893230910,891,388
gaze,134038031893314520,888,363
gaze,134038031893398733,885,368
gaze,134038031893481251,885,364
gaze,134038031893563946,891,359
gaze,134038031893647029,885,369
gaze,134038031893730595,889,381
gaze,134038031893814752,884,371
gaze,134038031893890976,886,367
gaze,134038031893978820,892,374
gaze,134038031894065257,884,382
MouseMove,134038031894117347,1381,394
gaze,134038031894150853,886,382
gaze,134038031894229835,920,376
gaze,134038031894316589,959,395
gaze,134038031894398651,960,388
gaze,134038031894486587,960,378
gaze,134038031894564115,957,393
gaze,134038031894649333,960,386
gaze,134038031894733416,963,398
gaze,134038031894811191,960,382
gaze,134038031894873346,964,390
gaze,134038031894942610,955,388
MouseMove,134038031894996763,1381,395
gaze,134038031895064645,959,385
gaze,134038031895148368,960,363
gaze,134038031895230851,964,352
gaze,134038031895316838,957,353
gaze,134038031895397939,963,384
gaze,134038031895483990,958,380
gaze,134038031895565108,959,375
gaze,134038031895649378,957,370
gaze,134038031895731026,960,369
gaze,134038031895816598,957,375
gaze,134038031895892501,965,374
gaze,134038031895979400,961,382
gaze,134038031896065205,956,373
gaze,134038031896148179,962,399
gaze,134038031896230622,962,386
gaze,134038031896314879,962,384
gaze,134038031896398503,958,366
gaze,134038031896480494,962,381
gaze,134038031896571860,966,409
gaze,134038031896647830,966,415
gaze,134038031896737669,961,397
gaze,134038031896813396,956,402
gaze,134038031896876784,923,475
gaze,134038031896944357,815,643
gaze,134038031897065334,694,831
gaze,134038031897149582,600,1002
gaze,134038031897230614,534,1148
gaze,134038031897315951,488,1310
gaze,134038031897397719,457,1491
KeyDown,134038031903476643,53
gaze,134038031904088232,1232,447
KeyUp,134038031904115834,53
gaze,134038031904169760,1232,442
gaze,134038031904254639,1230,449
gaze,134038031904337743,1230,446
gaze,134038031904421517,1234,444
gaze,134038031904507056,1228,452
gaze,134038031904585569,1229,444
gaze,134038031904620952,1230,445
gaze,134038031904698746,1233,439
gaze,134038031904783454,1236,448
gaze,134038031904864772,1238,454
gaze,134038031904948219,1301,425
gaze,134038031905031636,1352,390
gaze,134038031905114595,1334,405
gaze,134038031905198285,1325,413
gaze,134038031905344498,1332,408
gaze,134038031905401536,1335,410
gaze,134038031905488482,1333,406
gaze,134038031905567790,1330,404
gaze,134038031905654917,1335,402
gaze,134038031905735958,1337,402
gaze,134038031905820835,1339,402
gaze,134038031905901839,1342,393
MouseMove,134038031905956595,1382,396
gaze,134038031905987643,1343,398
MouseMove,134038031906037130,1383,396
gaze,134038031906067412,1342,386
MouseMove,134038031906117101,1385,398
gaze,134038031906144451,1339,391
MouseMove,134038031906195743,1386,401
gaze,134038031906235234,1332,377
MouseMove,134038031906277528,1388,404
gaze,134038031906317252,1329,393
MouseMove,134038031906357114,1390,408
gaze,134038031906402931,1332,388
MouseMove,134038031906436573,1392,411
gaze,134038031906484039,1335,385
MouseMove,134038031906516615,1393,412
gaze,134038031906570822,1338,379
MouseMove,134038031906596846,1393,413
gaze,134038031906651336,1340,380
MouseMove,134038031906677670,1393,414
gaze,134038031906736989,1340,385
gaze,134038031906817581,1341,387
MouseMove,134038031906836325,1396,416
gaze,134038031906902127,1349,378
MouseMove,134038031906915597,1396,417
gaze,134038031906982787,1348,385
MouseMove,134038031906996032,1396,418
gaze,134038031907060119,1347,386
MouseMove,134038031907077343,1396,419
gaze,134038031907114707,1341,364
MouseMove,134038031907155801,1396,419
gaze,134038031907194898,1347,386
MouseMove,134038031907236560,1396,420
gaze,134038031907279720,1344,380
MouseMove,134038031907316839,1396,422
gaze,134038031907425987,1337,374
gaze,134038031907486691,1344,369
gaze,134038031907568940,1346,372
gaze,134038031907649824,1347,371
gaze,134038031907736072,1353,369
gaze,134038031907816447,1346,380
gaze,134038031907903024,1345,379
gaze,134038031907982499,1346,370
gaze,134038031908070499,1350,371
gaze,134038031908150680,1342,372
gaze,134038031908226901,1342,364
gaze,134038031908318995,1342,388
gaze,134038031908400541,1348,371
gaze,134038031908485994,1316,370
gaze,134038031908566485,1202,344
gaze,134038031908652174,1091,304
gaze,134038031908732419,1000,273
gaze,134038031908820323,956,262
gaze,134038031908900248,960,258
gaze,134038031908986472,972,264
gaze,134038031909065405,959,252
gaze,134038031909142783,964,258
gaze,134038031909196949,961,263
gaze,134038031909279307,965,261
gaze,134038031909362956,963,256
gaze,134038031909508447,962,259
gaze,134038031909567125,962,265
gaze,134038031909654039,966,259
gaze,134038031909733374,962,261
gaze,134038031909820521,966,263
gaze,134038031909900616,958,270
gaze,134038031909987999,962,268
gaze,134038031910066532,962,269
gaze,134038031910153696,962,268
gaze,134038031910232905,960,265
gaze,134038031910308292,963,264
gaze,134038031910401025,1016,248
gaze,134038031910482381,1103,216
gaze,134038031910569262,1176,188
gaze,134038031910649898,1204,182
gaze,134038031910735559,1197,187
gaze,134038031910817024,1197,183
gaze,134038031910904221,1206,181
gaze,134038031910983443,1201,176
gaze,134038031911070557,1201,175
gaze,134038031911149637,1203,176
gaze,134038031911227825,1198,176
gaze,134038031911280786,1203,181
gaze,134038031911364146,1203,187
gaze,134038031911511371,1199,178
gaze,134038031911565953,1199,191
gaze,134038031911652105,1197,179
gaze,134038031911733364,1196,173
gaze,134038031911820769,1195,182
gaze,134038031911903595,1196,181
gaze,134038031911987216,1197,188
gaze,134038031912067146,1193,180
gaze,134038031912153435,1201,184
gaze,134038031912233948,1195,187
gaze,134038031912307989,1238,180
gaze,134038031912401162,1313,175
gaze,134038031912483322,1334,176
gaze,134038031912569376,1337,187
gaze,134038031912649641,1334,174
gaze,134038031912737145,1333,165
gaze,134038031912817267,1337,175
gaze,134038031912903489,1334,183
gaze,134038031912984097,1334,185
gaze,134038031913070461,1342,168
gaze,134038031913150406,1339,167
gaze,134038031913227105,1342,168
gaze,134038031913281014,1338,185
gaze,134038031913363493,1336,172
gaze,134038031913514843,1334,176
gaze,134038031913567928,1342,169
gaze,134038031913653315,1333,178
gaze,134038031913733401,1340,181
gaze,134038031913820067,1336,175
gaze,134038031913900030,1339,168
gaze,134038031913986263,1334,181
gaze,134038031914069014,1337,179
gaze,134038031914154628,1338,167
gaze,134038031914233177,1333,173
gaze,134038031914309306,1337,167
gaze,134038031914403248,1340,171
gaze,134038031914486417,1336,165
gaze,134038031914568705,1343,170
gaze,134038031914653355,1338,157
gaze,134038031914733426,1341,176
gaze,134038031914819666,1339,175
gaze,134038031914899746,1342,169
gaze,134038031914986065,1342,165
gaze,134038031915066468,1343,180
gaze,134038031915154528,1338,170
gaze,134038031915222294,1340,160
gaze,134038031915281873,1339,179
gaze,134038031915362471,1343,164
gaze,134038031915446011,1334,166
gaze,134038031915595396,1339,175
gaze,134038031915650000,1342,159
gaze,134038031915735962,1347,164
gaze,134038031915816862,1343,169
gaze,134038031915900793,1348,168
gaze,134038031915982446,1347,171
gaze,134038031916069254,1347,164
gaze,134038031916149704,1350,171
gaze,134038031916235388,1344,169
gaze,134038031916316758,1339,170
gaze,134038031916392157,1350,171
gaze,134038031916485127,1347,173
gaze,134038031916567657,1343,165
gaze,134038031916653558,1347,169
gaze,134038031916741671,1347,159
gaze,134038031916818949,1341,160
gaze,134038031916899223,1349,159
gaze,134038031916985936,1346,172
gaze,134038031917060907,1303,251
gaze,134038031917154839,1292,377
gaze,134038031917231622,1298,406
gaze,134038031917307512,1309,346
gaze,134038031917364102,1296,356
gaze,134038031917444621,1297,394
gaze,134038031917528359,1290,381
gaze,134038031917675761,1305,397
gaze,134038031917732915,1294,385
gaze,134038031917817849,1297,389
gaze,134038031917898970,1310,376
gaze,134038031917984275,1306,388
gaze,134038031918067347,1308,377
gaze,134038031918151231,1310,381
gaze,134038031918232021,1311,374
gaze,134038031918318352,1312,378
gaze,134038031918399047,1305,380
gaze,134038031918475952,1297,382
gaze,134038031918566915,1300,394
gaze,134038031918649490,1321,381
gaze,134038031918733215,1307,375
gaze,134038031918817481,1313,376
gaze,134038031918899749,1276,384
gaze,134038031918983133,1141,449
gaze,134038031919066731,977,440
gaze,134038031919149754,848,420
gaze,134038031919232108,728,404
gaze,134038031919316172,624,417
gaze,134038031919392947,562,414
gaze,134038031919450240,556,408
gaze,134038031919528186,566,410
gaze,134038031919675422,554,425
gaze,134038031919732375,549,418
gaze,134038031919818814,545,409
gaze,134038031919899204,547,409
gaze,134038031919984857,552,410
gaze,134038031920070092,554,418
gaze,134038031920151229,556,410
gaze,134038031920234854,556,412
gaze,134038031920315929,558,418
gaze,134038031920402883,558,411
gaze,134038031920471266,558,420
gaze,134038031920567908,562,393
gaze,134038031920648126,555,408
gaze,134038031920737084,550,409
gaze,134038031920815681,556,405
gaze,134038031920901975,554,404
gaze,134038031920982726,555,396
gaze,134038031921068538,558,409
gaze,134038031921153018,561,413
gaze,134038031921234978,553,401
gaze,134038031921314964,557,400
gaze,134038031921392428,558,396
gaze,134038031921446887,546,419
gaze,134038031921528343,528,466
gaze,134038031921684064,537,458
gaze,134038031921731388,551,449
gaze,134038031921819616,549,448
gaze,134038031921899667,527,457
gaze,134038031921984725,549,459
gaze,134038031922066353,541,465
gaze,134038031922152671,540,453
gaze,134038031922232971,550,462
gaze,134038031922319383,546,470
gaze,134038031922398771,545,462
gaze,134038031922475027,550,459
gaze,134038031922568599,537,449
gaze,134038031922649416,547,450
gaze,134038031922736128,538,466
gaze,134038031922816957,544,470
gaze,134038031922901559,549,457
gaze,134038031922982371,541,458
gaze,134038031923069468,541,472
gaze,134038031923150277,547,469
gaze,134038031923236710,550,466
gaze,134038031923316502,648,476
gaze,134038031923392769,702,490
gaze,134038031923447419,696,475
gaze,134038031923528818,693,482
gaze,134038031923676671,695,480
gaze,134038031923732635,707,489
gaze,134038031923817555,706,481
gaze,134038031923898690,701,486
gaze,134038031923986420,704,475
gaze,134038031924065395,699,485
gaze,134038031924152674,692,483
gaze,134038031924233013,698,485
gaze,134038031924318022,699,477
gaze,134038031924400597,698,477
gaze,134038031924478281,699,471
gaze,134038031924567192,704,493
gaze,134038031924650125,696,476
gaze,134038031924735794,700,457
gaze,134038031924816655,698,473
gaze,134038031924899737,700,487
gaze,134038031924982657,694,491
gaze,134038031925065942,704,486
gaze,134038031925150612,689,475
gaze,134038031925232055,701,490
gaze,134038031925318909,699,478
gaze,134038031925388899,692,462
gaze,134038031925449528,697,471
gaze,134038031925528484,697,471
gaze,134038031925611048,699,480
gaze,134038031925757292,703,489
gaze,134038031925816114,699,491
gaze,134038031925900714,697,477
gaze,134038031925985065,696,476
gaze,134038031926068789,698,482
gaze,134038031926149032,701,484
gaze,134038031926235213,697,484
gaze,134038031926316403,695,483
gaze,134038031926402936,691,478
gaze,134038031926482319,691,477
gaze,134038031926558649,688,478
gaze,134038031926651678,698,473
gaze,134038031926732528,690,493
gaze,134038031926819242,696,472
gaze,134038031926898553,697,482
gaze,134038031926984980,701,494
gaze,134038031927065483,690,472
gaze,134038031927152574,695,480
gaze,134038031927231193,697,491
gaze,134038031927318396,700,499
gaze,134038031927407940,687,492
gaze,134038031927477717,701,476
gaze,134038031927530220,691,479
gaze,134038031927612291,693,476
gaze,134038031927759381,693,474
gaze,134038031927815560,690,485
gaze,134038031927901319,614,530
gaze,134038031927983073,525,580
gaze,134038031928068800,481,579
gaze,134038031928149380,490,575
gaze,134038031928235377,505,579
gaze,134038031928316258,495,578
gaze,134038031928401173,490,569
gaze,134038031928482735,491,570
gaze,134038031928558305,494,574
gaze,134038031928651339,501,574
gaze,134038031928733615,498,572
gaze,134038031928818039,489,570
gaze,134038031928899638,491,575
gaze,134038031928984496,489,571
gaze,134038031929066529,492,567
gaze,134038031929152984,494,588
gaze,134038031929231417,497,584
gaze,134038031929317671,492,586
gaze,134038031929398810,491,582
gaze,134038031929474794,485,583
gaze,134038031929529843,491,587
gaze,134038031929612339,493,585
gaze,134038031929733737,495,589
gaze,134038031929815974,496,595
gaze,134038031929901823,499,593
gaze,134038031929983559,492,578
gaze,134038031930075611,495,575
gaze,134038031930153607,491,577
gaze,134038031930235421,498,591
gaze,134038031930315612,549,603
gaze,134038031930403127,542,595
gaze,134038031930482841,527,599
gaze,134038031930564541,536,586
gaze,134038031930646097,541,584
gaze,134038031930733542,538,590
gaze,134038031930817189,535,582
gaze,134038031930899136,541,583
gaze,134038031930984249,543,588
gaze,134038031931066148,537,578
gaze,134038031931151380,545,589
gaze,134038031931232326,543,586
gaze,134038031931318668,541,581
gaze,134038031931399954,535,586
gaze,134038031931481296,542,602
gaze,134038031931543017,546,594
gaze,134038031931613133,535,591
gaze,134038031931696326,538,597
gaze,134038031931841117,540,596
gaze,134038031931899748,543,587
gaze,134038031931986858,546,601
gaze,134038031932066743,540,576
gaze,134038031932153646,546,610
gaze,134038031932233546,545,584
gaze,134038031932318430,535,584
gaze,134038031932399904,538,593
gaze,134038031932485985,548,588
gaze,134038031932566723,544,598
gaze,134038031932641989,541,589
gaze,134038031932735264,547,588
gaze,134038031932816686,552,596
gaze,134038031932901761,550,585
gaze,134038031932983055,532,587
gaze,134038031933072593,547,594
gaze,134038031933150568,534,574
gaze,134038031933235980,551,597
gaze,134038031933317240,544,594
gaze,134038031933402284,542,597
gaze,134038031933483048,544,593
gaze,134038031933559682,521,588
gaze,134038031933613774,494,597
gaze,134038031933696575,501,604
gaze,134038031933842639,496,581
gaze,134038031933899511,506,591
gaze,134038031933986795,502,594
gaze,134038031934075781,498,588
gaze,134038031934151957,505,591
gaze,134038031934232760,499,589
gaze,134038031934320344,495,579
gaze,134038031934400390,499,581
gaze,134038031934489381,505,591
gaze,134038031934566409,502,596
gaze,134038031934642519,505,595
gaze,134038031934736119,500,585
gaze,134038031934817465,498,583
gaze,134038031934902087,506,600
gaze,134038031934983118,506,583
gaze,134038031935069707,497,591
gaze,134038031935148995,498,591
gaze,134038031935236183,492,599
gaze,134038031935316723,501,606
gaze,134038031935403452,502,598
gaze,134038031935485358,502,596
gaze,134038031935558768,505,606
gaze,134038031935614847,499,591
gaze,134038031935695649,495,591
gaze,134038031935779320,497,598
MouseMove,134038031935795927,1394,414
MouseMove,134038031935880260,1391,402
gaze,134038031935923843,502,601
MouseMove,134038031935956098,1387,391
gaze,134038031935982445,493,588
MouseMove,134038031936036758,1385,382
gaze,134038031936068571,500,598
MouseMove,134038031936116071,1385,372
gaze,134038031936150527,491,594
MouseMove,134038031936196398,1384,362
gaze,134038031936234466,500,602
MouseMove,134038031936277599,1384,350
gaze,134038031936316273,498,598
MouseMove,134038031936356532,1384,339
gaze,134038031936403481,493,597
MouseMove,134038031936436175,1384,331
gaze,134038031936483464,496,594
MouseMove,134038031936517974,1384,326
gaze,134038031936569707,499,597
MouseMove,134038031936597112,1384,323
gaze,134038031936649886,496,592
gaze,134038031936727753,502,606
MouseMove,134038031936756920,1383,321
gaze,134038031936818329,495,601
MouseMove,134038031936835693,1375,321
gaze,134038031936899780,495,592
MouseMove,134038031936916173,1357,326
gaze,134038031936985203,492,593
MouseMove,134038031936997137,1320,345
gaze,134038031937067479,493,591
MouseMove,134038031937075860,1278,368
gaze,134038031937152580,490,599
MouseMove,134038031937156255,1240,397
gaze,134038031937233184,498,589
MouseMove,134038031937235980,1211,423
MouseMove,134038031937316537,1183,446
gaze,134038031937318469,500,599
MouseMove,134038031937396883,1153,469
gaze,134038031937400464,487,587
MouseMove,134038031937476212,1127,490
gaze,134038031937486297,487,601
MouseMove,134038031937557196,1100,508
gaze,134038031937566624,495,583
MouseMove,134038031937636211,1078,526
gaze,134038031937641873,492,610
gaze,134038031937697788,490,589
MouseMove,134038031937717178,1058,539
gaze,134038031937780025,493,577
MouseMove,134038031937796388,1040,551
MouseMove,134038031937876085,1024,560
gaze,134038031937901551,492,588
MouseMove,134038031937956089,1011,567
gaze,134038031937983182,497,596
MouseMove,134038031938036433,1003,574
gaze,134038031938069855,488,610
MouseMove,134038031938116866,992,581
gaze,134038031938150139,490,589
MouseMove,134038031938196263,974,591
gaze,134038031938235545,486,581
MouseMove,134038031938276477,943,603
gaze,134038031938316486,488,606
MouseMove,134038031938357149,905,613
gaze,134038031938403140,497,601
MouseMove,134038031938438238,856,627
gaze,134038031938484262,495,591
MouseMove,134038031938516154,812,644
gaze,134038031938568706,498,604
MouseMove,134038031938595920,770,663
gaze,134038031938650678,486,578
MouseMove,134038031938676695,745,684
gaze,134038031938731565,490,598
MouseMove,134038031938756039,716,710
gaze,134038031938814942,488,601
MouseMove,134038031938836311,687,739
gaze,134038031938901336,496,604
MouseMove,134038031938916714,657,763
gaze,134038031938983936,491,597
MouseMove,134038031938996946,633,788
gaze,134038031939066466,493,608
MouseMove,134038031939077037,617,810
gaze,134038031939150984,490,588
MouseMove,134038031939155624,609,826
gaze,134038031939233453,488,616
MouseMove,134038031939235781,607,841
MouseMove,134038031939316329,607,858
gaze,134038031939315800,495,594
MouseMove,134038031939396407,609,871
gaze,134038031939400542,499,613
MouseMove,134038031939477304,613,882
gaze,134038031939483506,487,597
MouseMove,134038031939556821,616,896
gaze,134038031939567810,487,597
MouseMove,134038031939635791,619,908
gaze,134038031939646042,488,585
gaze,134038031939709888,491,610
MouseMove,134038031939716930,622,920
gaze,134038031939780837,491,616
MouseMove,134038031939799313,624,931
gaze,134038031939862619,494,611
MouseMove,134038031939876224,624,943
MouseMove,134038031939956687,624,959
gaze,134038031940010382,489,588
MouseMove,134038031940038218,624,971
gaze,134038031940067579,487,582
MouseMove,134038031940115945,624,981
gaze,134038031940151775,496,597
MouseMove,134038031940195556,624,992
gaze,134038031940232943,486,605
MouseMove,134038031940276145,624,1001
gaze,134038031940319516,491,587
MouseMove,134038031940360014,622,1011
gaze,134038031940400057,493,603
MouseMove,134038031940436367,619,1019
gaze,134038031940492207,489,597
MouseMove,134038031940515592,617,1028
gaze,134038031940565638,494,604
MouseMove,134038031940596046,616,1036
gaze,134038031940653198,496,601
MouseMove,134038031940677925,615,1040
gaze,134038031940732596,497,605
MouseMove,134038031940756728,614,1045
gaze,134038031940809734,499,610
MouseMove,134038031940837492,613,1046
gaze,134038031940902118,490,596
MouseMove,134038031940916923,613,1047
gaze,134038031940984206,486,601
gaze,134038031941069051,493,598
gaze,134038031941149927,486,590
gaze,134038031941235027,494,606
gaze,134038031941317056,496,651
gaze,134038031941402677,513,743
gaze,134038031941484038,540,765
gaze,134038031941570434,532,758
gaze,134038031941655258,520,749
MouseMove,134038031941716417,613,1048
gaze,134038031941727014,528,746
gaze,134038031941780663,536,755
MouseMove,134038031941796669,613,1048
gaze,134038031941862492,530,759
MouseMove,134038031941875883,613,1050
gaze,134038031942010215,540,762
MouseMove,134038031942036800,614,1050
gaze,134038031942071497,537,762
MouseMove,134038031942117119,615,1050
gaze,134038031942153822,538,765
MouseMove,134038031942197118,616,1051
gaze,134038031942233790,541,763
MouseMove,134038031942277286,619,1052
gaze,134038031942319071,534,758
MouseMove,134038031942356801,622,1052
gaze,134038031942399820,530,750
MouseMove,134038031942436973,627,1054
gaze,134038031942485508,538,773
MouseMove,134038031942516416,634,1054
gaze,134038031942566649,543,769
MouseMove,134038031942595282,638,1056
gaze,134038031942653263,542,767
MouseMove,134038031942676813,641,1056
gaze,134038031942734104,541,768
MouseMove,134038031942756750,644,1057
gaze,134038031942808169,541,765
MouseMove,134038031942835971,647,1057
gaze,134038031942901214,533,766
MouseMove,134038031942916853,649,1057
gaze,134038031942983717,542,794
MouseMove,134038031942997030,650,1057
gaze,134038031943070199,602,932
MouseMove,134038031943076695,653,1057
gaze,134038031943150463,632,1033
MouseMove,134038031943156329,654,1057
gaze,134038031943235236,645,1022
gaze,134038031943317000,621,989
gaze,134038031943404284,641,1006
gaze,134038031943483300,642,1018
gaze,134038031943569924,634,1024
gaze,134038031943649483,638,1023
gaze,134038031943725045,641,1017
gaze,134038031943780677,644,1011
gaze,134038031943861753,647,1017
gaze,134038031943945972,644,1035
gaze,134038031944092730,645,1018
gaze,134038031944150267,644,1027
gaze,134038031944240772,642,1031
gaze,134038031944350868,638,1036
LeftMouseDown,134038031944360094
gaze,134038031944403235,646,1020
gaze,134038031944485813,641,1022
gaze,134038031944569075,634,1012
gaze,134038031944650326,637,1010
gaze,134038031944735667,632,1024
gaze,134038031944816480,643,1044
gaze,134038031944891895,653,1034
gaze,134038031944984894,643,1019
LeftMouseUp,134038031944999074
gaze,134038031945066288,650,1047
gaze,134038031945153408,651,1018
gaze,134038031945233401,641,1041
gaze,134038031945318674,647,1033
MouseMove,134038031945396813,654,1057
gaze,134038031945400378,646,1026
gaze,134038031945484733,638,1015
gaze,134038031945566647,641,1015
gaze,134038031945651446,649,1016
MouseMove,134038031945717542,658,1056
gaze,134038031945733384,641,1022
MouseMove,134038031945797101,659,1055
gaze,134038031945809078,648,1025
gaze,134038031945864223,638,1036
MouseMove,134038031945876871,663,1053
gaze,134038031945946228,649,1039
MouseMove,134038031945958427,672,1050
MouseMove,134038031946042207,688,1043
gaze,134038031946093341,639,1032
MouseMove,134038031946117793,708,1036
gaze,134038031946150857,642,1033
MouseMove,134038031946196907,719,1031
gaze,134038031946235981,639,1054
MouseMove,134038031946277379,726,1027
gaze,134038031946317093,636,1034
MouseMove,134038031946358013,736,1021
gaze,134038031946403560,652,1038
MouseMove,134038031946436798,745,1016
gaze,134038031946484152,635,1042
MouseMove,134038031946517095,755,1012
gaze,134038031946569728,640,1038
MouseMove,134038031946597366,762,1010
gaze,134038031946650255,643,1036
MouseMove,134038031946678041,767,1007
gaze,134038031946736133,641,1022
MouseMove,134038031946756547,771,1005
gaze,134038031946816423,609,912
MouseMove,134038031946836025,773,1003
gaze,134038031946892206,577,689
MouseMove,134038031946917115,774,1003
gaze,134038031946986884,547,594
MouseMove,134038031946995787,774,1002
gaze,134038031947067491,560,601
MouseMove,134038031947075858,775,1002
gaze,134038031947152596,569,630
gaze,134038031947233489,564,606
gaze,134038031947319762,564,583
gaze,134038031947400539,560,591
MouseMove,134038031947478274,775,1001
gaze,134038031947487561,550,598
MouseMove,134038031947556602,776,1001
gaze,134038031947567116,558,594
gaze,134038031947654939,559,600
gaze,134038031947733868,557,593
gaze,134038031947809128,559,597
gaze,134038031947864819,559,602
gaze,134038031947949218,559,584
gaze,134038031948031161,557,584
LeftMouseDown,134038031948038134
gaze,134038031948176532,560,594
gaze,134038031948234646,555,598
gaze,134038031948319974,554,581
gaze,134038031948400929,561,581
gaze,134038031948486367,563,586
gaze,134038031948567107,559,594
LeftMouseUp,134038031948597266
gaze,134038031948652921,570,614
gaze,134038031948729049,615,772
gaze,134038031948821292,672,898
gaze,134038031948900122,701,923
gaze,134038031948977453,711,906
gaze,134038031949068312,702,912
MouseMove,134038031949076597,776,1000
gaze,134038031949150540,699,916
gaze,134038031949233268,707,909
gaze,134038031949317248,709,907
gaze,134038031949401228,705,908
gaze,134038031949483677,704,910
gaze,134038031949567100,710,922
gaze,134038031949650029,704,925
gaze,134038031949733379,700,923
gaze,134038031949818229,702,907
gaze,134038031949888907,700,917
gaze,134038031949949663,706,921
gaze,134038031950032573,706,922
gaze,134038031950154774,704,919
gaze,134038031950234821,704,917
gaze,134038031950319886,705,914
gaze,134038031950399594,701,919
gaze,134038031950486099,702,915
gaze,134038031950566154,699,920
gaze,134038031950653025,705,919
gaze,134038031950734112,699,927
gaze,134038031950820778,701,929
MouseMove,134038031950836476,778,1000
gaze,134038031950900444,704,921
MouseMove,134038031950916072,783,1000
gaze,134038031950982330,701,916
MouseMove,134038031950996499,782,999
gaze,134038031951063535,694,907
MouseMove,134038031951084498,774,990
gaze,134038031951152329,625,730
MouseMove,134038031951155899,751,975
gaze,134038031951234072,595,565
MouseMove,134038031951236815,719,960
MouseMove,134038031951316139,675,942
gaze,134038031951320851,545,367
MouseMove,134038031951396903,631,921
gaze,134038031951401080,513,316
MouseMove,134038031951475764,589,902
gaze,134038031951487564,488,272
MouseMove,134038031951555675,542,882
gaze,134038031951567416,504,284
MouseMove,134038031951640355,495,863
gaze,134038031951652523,499,279
MouseMove,134038031951716999,455,840
gaze,134038031951733867,491,260
MouseMove,134038031951796616,414,815
gaze,134038031951821414,498,265
MouseMove,134038031951876559,382,795
gaze,134038031951894765,490,265
MouseMove,134038031951955914,357,777
gaze,134038031951962752,486,261
gaze,134038031952031229,487,266
MouseMove,134038031952036501,331,753
MouseMove,134038031952116563,311,732
gaze,134038031952117160,490,265
MouseMove,134038031952196284,285,708
gaze,134038031952237100,487,273
MouseMove,134038031952277185,262,682
gaze,134038031952318426,484,266
MouseMove,134038031952356387,244,662
gaze,134038031952404544,490,256
MouseMove,134038031952436793,228,640
gaze,134038031952485332,485,263
MouseMove,134038031952515919,215,623
gaze,134038031952569807,492,272
MouseMove,134038031952596338,206,603
gaze,134038031952650424,491,265
MouseMove,134038031952677116,200,585
gaze,134038031952739193,491,260
MouseMove,134038031952756318,189,565
gaze,134038031952817430,488,274
MouseMove,134038031952836202,186,551
gaze,134038031952903988,489,275
MouseMove,134038031952916727,180,537
gaze,134038031952983920,478,267
MouseMove,134038031952996288,175,523
gaze,134038031953067042,399,234
MouseMove,134038031953076206,171,511
gaze,134038031953147237,324,228
MouseMove,134038031953157170,169,501
MouseMove,134038031953238091,167,494
gaze,134038031953238457,267,230
MouseMove,134038031953316976,165,486
gaze,134038031953318397,274,230
MouseMove,134038031953398431,164,480
gaze,134038031953405105,276,241
MouseMove,134038031953476588,162,473
gaze,134038031953484526,271,246
MouseMove,134038031953557302,161,466
gaze,134038031953570330,268,248
MouseMove,134038031953636044,160,459
gaze,134038031953650889,263,228
MouseMove,134038031953716674,159,449
gaze,134038031953737172,271,237
MouseMove,134038031953796423,157,440
gaze,134038031953818179,267,253
MouseMove,134038031953875742,156,433
gaze,134038031953904355,268,231
MouseMove,134038031953955845,154,424
gaze,134038031953978373,259,234
MouseMove,134038031954036044,154,416
gaze,134038031954048816,270,244
gaze,134038031954114592,268,233
MouseMove,134038031954118196,152,408
MouseMove,134038031954196736,151,398
gaze,134038031954236880,264,225
gaze,134038031954297401,264,221
MouseMove,134038031954313975,147,391
MouseMove,134038031954357842,145,383
gaze,134038031954402187,266,226
MouseMove,134038031954436600,143,377
gaze,134038031954486676,264,229
MouseMove,134038031954516805,141,370
gaze,134038031954569323,263,240
MouseMove,134038031954596230,141,366
gaze,134038031954650660,261,243
MouseMove,134038031954675874,141,364
gaze,134038031954737425,258,242
MouseMove,134038031954755881,141,361
gaze,134038031954817575,188,267
MouseMove,134038031954835803,141,358
gaze,134038031954903307,165,260
MouseMove,134038031954915510,141,356
gaze,134038031954983774,174,255
MouseMove,134038031954997034,141,354
gaze,134038031955066265,181,253
MouseMove,134038031955076424,141,353
gaze,134038031955151674,173,250
MouseMove,134038031955155953,141,351
gaze,134038031955229553,170,256
MouseMove,134038031955236801,141,348
MouseMove,134038031955317288,141,346
gaze,134038031955318389,180,260
MouseMove,134038031955397045,142,342
gaze,134038031955400988,180,253
MouseMove,134038031955476840,144,337
gaze,134038031955486716,180,243
MouseMove,134038031955556069,146,333
gaze,134038031955568032,183,244
MouseMove,134038031955638120,146,330
gaze,134038031955654970,175,242
MouseMove,134038031955717021,147,327
gaze,134038031955734950,177,252
MouseMove,134038031955796548,149,323
gaze,134038031955820919,180,246
MouseMove,134038031955876180,151,317
gaze,134038031955900016,184,247
MouseMove,134038031955955958,153,313
gaze,134038031955981814,185,245
MouseMove,134038031956035662,153,311
gaze,134038031956048174,175,248
MouseMove,134038031956116743,154,309
gaze,134038031956127814,172,250
MouseMove,134038031956195556,155,306
gaze,134038031956197183,173,249
MouseMove,134038031956277511,156,304
gaze,134038031956319158,179,250
MouseMove,134038031956369902,156,301
gaze,134038031956404288,182,246
MouseMove,134038031956436949,157,298
gaze,134038031956487834,185,234
MouseMove,134038031956518217,158,295
gaze,134038031956567878,179,242
MouseMove,134038031956597166,159,292
gaze,134038031956654673,180,249
MouseMove,134038031956678312,159,290
gaze,134038031956734909,181,255
MouseMove,134038031956756347,159,290
gaze,134038031956820186,180,263
MouseMove,134038031956836429,161,286
gaze,134038031956901235,167,259
MouseMove,134038031956916479,162,285
gaze,134038031956985917,146,255
MouseMove,134038031956997161,162,283
gaze,134038031957067307,161,255
MouseMove,134038031957076510,163,282
gaze,134038031957149514,156,243
MouseMove,134038031957156765,163,280
gaze,134038031957229839,156,244
MouseMove,134038031957236381,163,278
MouseMove,134038031957317264,164,277
gaze,134038031957318319,156,264
MouseMove,134038031957397049,165,276
gaze,134038031957407295,164,261
MouseMove,134038031957477784,165,276
gaze,134038031957484116,156,254
MouseMove,134038031957556454,166,275
gaze,134038031957568006,166,256
gaze,134038031957651983,162,253
MouseMove,134038031957717023,166,273
gaze,134038031957743466,162,266
MouseMove,134038031957797503,166,273
gaze,134038031957817660,170,256
MouseMove,134038031957876101,166,272
gaze,134038031957900924,170,256
MouseMove,134038031957955979,167,271
gaze,134038031957984208,171,257
MouseMove,134038031958036683,168,270
gaze,134038031958062709,169,257
MouseMove,134038031958116149,169,269
gaze,134038031958127096,163,252
MouseMove,134038031958195757,169,267
gaze,134038031958196749,161,253
MouseMove,134038031958276458,171,266
gaze,134038031958318676,165,267
MouseMove,134038031958356394,171,266
gaze,134038031958402218,163,261
MouseMove,134038031958435649,172,265
gaze,134038031958487511,146,250
MouseMove,134038031958516365,173,265
gaze,134038031958567622,155,250
MouseMove,134038031958597447,174,265
gaze,134038031958652866,155,262
gaze,134038031958734509,153,260
gaze,134038031958820759,157,261
gaze,134038031958901710,158,254
LeftMouseDown,134038031958918429
gaze,134038031958985562,165,252
gaze,134038031959069682,163,253
gaze,134038031959148118,161,254
gaze,134038031959229509,162,255
gaze,134038031959318504,160,257
gaze,134038031959400579,154,256
gaze,134038031959485967,156,254
gaze,134038031959568134,150,255
gaze,134038031959653589,151,255
gaze,134038031959735518,154,257
gaze,134038031959819632,154,257
LeftMouseUp,134038031959879295
gaze,134038031959900766,154,256
session_end
MouseMove,134038031959957835,174,264
MouseMove,134038031960117178,175,264
MouseMove,134038031960195739,177,264
MouseMove,134038031960275845,181,264
