MouseMove,134021641164635832,278,344
MouseMove,134021641164715482,281,343
MouseMove,134021641164801251,281,343
MouseMove,134021641164877896,283,343
MouseMove,134021641164955277,284,343
MouseMove,134021641165038159,288,342
MouseMove,134021641165114878,303,336
MouseMove,134021641165194679,331,324
MouseMove,134021641165275395,364,310
MouseMove,134021641165355251,400,297
session_start,638932873162166415,1757690516216,C:\Users\emory\Desktop\Participant16\ladybug
gaze,134021641165401517,253,342
MouseMove,134021641165436169,424,283
MouseMove,134021641165519008,442,275
gaze,134021641165531064,253,338
MouseMove,134021641165596549,460,265
gaze,134021641165650913,260,348
MouseMove,134021641165677301,477,254
MouseMove,134021641165756593,495,246
MouseMove,134021641165837398,509,236
MouseMove,134021641165916269,526,227
MouseMove,134021641165995551,538,221
MouseMove,134021641166076135,544,216
gaze,134021641166144315,253,342
MouseMove,134021641166155539,547,212
MouseMove,134021641166235174,548,210
gaze,134021641166251952,258,344
gaze,134021641166303762,260,348
MouseMove,134021641166316985,548,208
gaze,134021641166361409,257,340
MouseMove,134021641166400284,548,206
gaze,134021641166416585,253,343
gaze,134021641166470524,258,347
MouseMove,134021641166475761,548,206
gaze,134021641166538739,258,339
MouseMove,134021641166556209,548,204
MouseMove,134021641166635334,548,203
gaze,134021641166685499,258,348
MouseMove,134021641166718026,548,203
gaze,134021641166749502,270,336
MouseMove,134021641166796281,548,201
gaze,134021641166829417,397,308
MouseMove,134021641166876047,548,200
gaze,134021641166911070,577,258
MouseMove,134021641166955328,548,200
gaze,134021641166997838,734,239
MouseMove,134021641167036924,548,198
gaze,134021641167077790,810,195
gaze,134021641167163995,827,217
gaze,134021641167243924,819,203
gaze,134021641167330362,816,188
MouseMove,134021641167355662,548,198
gaze,134021641167409915,812,200
gaze,134021641167485163,804,184
MouseMove,134021641167515865,548,197
gaze,134021641167578567,813,177
MouseMove,134021641167595228,547,197
gaze,134021641167661273,802,178
MouseMove,134021641167676365,544,196
gaze,134021641167743990,806,185
MouseMove,134021641167755331,544,195
gaze,134021641167827622,813,180
MouseMove,134021641167835198,543,195
gaze,134021641167910642,808,192
gaze,134021641167995343,811,207
MouseMove,134021641167997808,541,193
MouseMove,134021641168075878,541,192
gaze,134021641168078539,802,194
MouseMove,134021641168156230,540,191
gaze,134021641168161492,815,202
MouseMove,134021641168235572,539,189
gaze,134021641168244946,801,199
MouseMove,134021641168316572,539,188
gaze,134021641168328088,806,179
MouseMove,134021641168397703,538,186
gaze,134021641168401039,804,199
gaze,134021641168457840,809,206
MouseMove,134021641168476130,538,184
gaze,134021641168539745,804,201
MouseMove,134021641168555936,538,183
MouseMove,134021641168635358,538,182
gaze,134021641168685404,717,207
MouseMove,134021641168715586,538,180
gaze,134021641168748848,599,154
MouseMove,134021641168795366,538,177
gaze,134021641168829107,607,160
MouseMove,134021641168875589,538,176
gaze,134021641168912744,607,159
MouseMove,134021641168955388,538,173
gaze,134021641168994284,609,144
MouseMove,134021641169036217,539,172
gaze,134021641169080202,609,156
MouseMove,134021641169115965,540,168
gaze,134021641169166539,608,144
MouseMove,134021641169197548,540,168
gaze,134021641169245710,617,154
MouseMove,134021641169276581,541,165
gaze,134021641169328334,604,155
MouseMove,134021641169357704,542,165
gaze,134021641169411201,604,160
MouseMove,134021641169436248,543,163
gaze,134021641169484285,613,161
MouseMove,134021641169516139,544,162
gaze,134021641169579427,604,164
MouseMove,134021641169596078,545,160
gaze,134021641169660432,610,169
MouseMove,134021641169675487,547,159
gaze,134021641169745690,608,166
MouseMove,134021641169755607,547,159
gaze,134021641169826767,611,167
MouseMove,134021641169834957,549,157
gaze,134021641169912761,609,162
MouseMove,134021641169915842,550,157
gaze,134021641169993945,615,163
MouseMove,134021641169995746,550,155
gaze,134021641170079191,612,156
gaze,134021641170166689,613,172
MouseMove,134021641170168279,551,155
MouseMove,134021641170175847,552,154
MouseMove,134021641170236586,552,154
gaze,134021641170245890,615,171
gaze,134021641170330715,613,167
gaze,134021641170401988,615,160
gaze,134021641170459458,607,149
gaze,134021641170539957,610,149
gaze,134021641170685464,593,147
MouseMove,134021641170715178,552,153
gaze,134021641170745193,542,132
gaze,134021641170829453,557,135
gaze,134021641170911352,548,135
MouseMove,134021641170955240,552,153
gaze,134021641170998546,558,131
gaze,134021641171078601,560,140
gaze,134021641171162872,559,134
gaze,134021641171244695,564,132
gaze,134021641171328763,560,139
gaze,134021641171411659,560,144
gaze,134021641171483609,560,144
gaze,134021641171579000,558,141
gaze,134021641171660898,559,141
gaze,134021641171744917,560,141
gaze,134021641171827975,557,147
gaze,134021641171910883,557,138
gaze,134021641171995392,552,128
gaze,134021641172081590,555,139
gaze,134021641172160995,558,128
gaze,134021641172247378,554,133
gaze,134021641172328286,554,133
gaze,134021641172409809,554,133
gaze,134021641172458831,559,135
gaze,134021641172541122,654,171
gaze,134021641172662779,795,166
gaze,134021641172746081,895,220
gaze,134021641172828326,970,253
gaze,134021641172910864,1029,296
gaze,134021641172995193,1077,285
gaze,134021641173078413,1076,296
LeftMouseDown,134021641173116460
gaze,134021641173160715,1088,304
gaze,134021641173244533,1079,310
gaze,134021641173329658,1075,318
gaze,134021641173411646,1071,292
gaze,134021641173489077,1075,268
gaze,134021641173574523,1068,291
gaze,134021641173662600,1073,272
gaze,134021641173744703,1071,309
gaze,134021641173828726,1068,305
gaze,134021641173911621,1075,298
gaze,134021641173995477,1063,315
LeftMouseUp,134021641173996909
gaze,134021641174078705,1070,317
gaze,134021641174160848,1066,306
gaze,134021641174249947,1066,310
gaze,134021641174328470,1065,303
gaze,134021641174406674,1068,319
gaze,134021641174470995,1073,293
gaze,134021641174541249,1074,318
gaze,134021641174623522,1066,300
gaze,134021641174744931,1064,321
gaze,134021641174832978,1069,283
gaze,134021641174911158,1157,319
gaze,134021641174995367,1252,293
gaze,134021641175080028,1284,270
gaze,134021641175162729,1284,276
gaze,134021641175244640,1284,262
MouseMove,134021641175275098,552,153
gaze,134021641175328423,1276,272
MouseMove,134021641175356581,552,155
gaze,134021641175410807,1285,252
MouseMove,134021641175436322,552,159
gaze,134021641175494279,1280,253
MouseMove,134021641175515923,552,161
gaze,134021641175572254,1279,250
MouseMove,134021641175595518,552,165
gaze,134021641175656884,1281,234
MouseMove,134021641175676517,552,172
gaze,134021641175745672,1271,260
MouseMove,134021641175755946,552,178
gaze,134021641175828404,1282,265
MouseMove,134021641175836096,552,188
gaze,134021641175911948,1277,269
MouseMove,134021641175916374,550,200
gaze,134021641175994686,1282,270
MouseMove,134021641175998064,549,209
MouseMove,134021641176075615,546,220
gaze,134021641176077840,1278,279
MouseMove,134021641176157111,543,231
gaze,134021641176160719,1271,287
MouseMove,134021641176236270,540,241
gaze,134021641176245167,1273,278
MouseMove,134021641176315708,538,248
gaze,134021641176327971,1285,240
MouseMove,134021641176396595,535,255
gaze,134021641176416719,1276,235
MouseMove,134021641176475850,534,261
gaze,134021641176488546,1269,272
gaze,134021641176554321,1265,281
MouseMove,134021641176556384,533,264
gaze,134021641176624890,1266,277
MouseMove,134021641176635990,533,266
MouseMove,134021641176716499,531,270
gaze,134021641176744461,1261,289
MouseMove,134021641176795896,530,271
gaze,134021641176828583,1267,285
MouseMove,134021641176878429,530,272
gaze,134021641176911255,1274,276
MouseMove,134021641176957016,529,273
gaze,134021641176995061,1265,309
MouseMove,134021641177036071,528,274
gaze,134021641177078713,1271,300
MouseMove,134021641177117473,527,274
gaze,134021641177160494,1272,267
MouseMove,134021641177196056,527,274
gaze,134021641177244598,1278,259
MouseMove,134021641177277746,525,276
gaze,134021641177327445,1283,268
MouseMove,134021641177355688,523,277
gaze,134021641177411135,1272,270
MouseMove,134021641177436719,521,278
gaze,134021641177494300,1275,261
MouseMove,134021641177516269,521,278
gaze,134021641177571732,1272,264
MouseMove,134021641177595437,520,279
gaze,134021641177657473,1271,279
MouseMove,134021641177677857,519,280
gaze,134021641177746044,1272,278
MouseMove,134021641177755569,518,281
gaze,134021641177827398,1268,281
MouseMove,134021641177835227,517,281
gaze,134021641177913044,1276,280
MouseMove,134021641177916023,516,282
gaze,134021641177994734,1248,292
MouseMove,134021641177997120,514,282
MouseMove,134021641178076306,514,282
gaze,134021641178080568,1206,302
MouseMove,134021641178155718,512,282
gaze,134021641178161457,1219,312
MouseMove,134021641178237175,511,282
gaze,134021641178246852,1207,323
MouseMove,134021641178315450,508,282
gaze,134021641178327884,1223,288
MouseMove,134021641178395552,508,282
gaze,134021641178413720,1217,306
MouseMove,134021641178475674,507,283
gaze,134021641178493313,1225,295
MouseMove,134021641178555728,506,283
gaze,134021641178556789,1218,296
gaze,134021641178625183,1218,287
MouseMove,134021641178635166,505,283
gaze,134021641178706897,1218,295
MouseMove,134021641178715753,501,285
MouseMove,134021641178802990,500,287
gaze,134021641178851630,1234,267
MouseMove,134021641178875735,498,287
gaze,134021641178910165,1226,277
MouseMove,134021641178959903,496,288
gaze,134021641178997420,1215,312
MouseMove,134021641179036388,494,289
gaze,134021641179077957,1090,345
MouseMove,134021641179117053,494,290
gaze,134021641179164060,867,325
MouseMove,134021641179196519,493,291
gaze,134021641179245846,693,309
gaze,134021641179330966,559,295
gaze,134021641179416042,520,320
MouseMove,134021641179435425,492,292
gaze,134021641179497364,531,302
gaze,134021641179578214,529,286
gaze,134021641179652299,543,289
MouseMove,134021641179676364,491,293
gaze,134021641179745735,541,280
gaze,134021641179827594,537,274
MouseMove,134021641179835984,490,295
gaze,134021641179910674,535,259
MouseMove,134021641179915639,490,296
MouseMove,134021641179998945,490,297
gaze,134021641179999089,548,294
MouseMove,134021641180077109,489,298
gaze,134021641180078676,542,280
MouseMove,134021641180155950,488,299
gaze,134021641180162471,547,289
MouseMove,134021641180235779,488,300
gaze,134021641180245209,545,278
MouseMove,134021641180316027,487,300
gaze,134021641180331766,554,299
MouseMove,134021641180396354,487,302
gaze,134021641180410973,546,288
MouseMove,134021641180475165,487,303
gaze,134021641180495980,546,288
MouseMove,134021641180556479,487,303
gaze,134021641180566287,545,286
gaze,134021641180625739,552,292
MouseMove,134021641180635727,487,305
gaze,134021641180706853,543,294
MouseMove,134021641180798764,487,305
gaze,134021641180851509,536,287
MouseMove,134021641180875671,486,306
gaze,134021641180910459,544,299
MouseMove,134021641180955388,486,306
gaze,134021641180996507,537,285
MouseMove,134021641181036662,486,308
gaze,134021641181078049,541,278
MouseMove,134021641181116128,485,310
gaze,134021641181162775,545,285
MouseMove,134021641181194931,484,310
gaze,134021641181247506,544,267
MouseMove,134021641181275514,484,311
gaze,134021641181329793,548,310
gaze,134021641181414337,456,285
gaze,134021641181495231,424,257
gaze,134021641181578562,420,268
gaze,134021641181651353,422,289
gaze,134021641181745704,424,278
gaze,134021641181827685,428,255
gaze,134021641181911622,420,252
gaze,134021641181995283,423,266
LeftMouseDown,134021641182076785
gaze,134021641182077990,431,276
gaze,134021641182161703,428,262
gaze,134021641182245491,421,252
gaze,134021641182328905,424,264
gaze,134021641182412341,433,257
gaze,134021641182495478,430,275
gaze,134021641182575154,432,285
gaze,134021641182625140,429,289
gaze,134021641182707374,435,275
gaze,134021641182791052,429,258
LeftMouseUp,134021641182877228
gaze,134021641182934991,427,289
gaze,134021641182995262,434,278
gaze,134021641183080551,426,275
gaze,134021641183161181,435,294
MouseMove,134021641183195363,485,312
gaze,134021641183246656,433,280
MouseMove,134021641183275677,491,312
gaze,134021641183328109,437,280
MouseMove,134021641183355972,494,312
gaze,134021641183413144,435,276
gaze,134021641183495174,436,277
gaze,134021641183580002,443,273
gaze,134021641183661416,437,272
gaze,134021641183735709,442,287
gaze,134021641183828884,437,269
gaze,134021641183911281,434,273
gaze,134021641183994955,436,268
gaze,134021641184087490,427,260
gaze,134021641184162186,425,270
gaze,134021641184245537,438,295
gaze,134021641184327979,441,290
gaze,134021641184411309,427,274
gaze,134021641184494397,434,268
gaze,134021641184578538,430,283
gaze,134021641184653016,433,255
gaze,134021641184708886,426,253
gaze,134021641184790889,430,266
gaze,134021641184911070,429,277
gaze,134021641184995998,437,277
gaze,134021641185078165,426,250
gaze,134021641185161741,436,276
gaze,134021641185244887,429,269
gaze,134021641185329232,437,271
gaze,134021641185413008,436,281
gaze,134021641185496389,425,260
gaze,134021641185578917,432,278
gaze,134021641185662581,436,278
gaze,134021641185741031,430,272
gaze,134021641185825206,441,280
gaze,134021641185913287,440,280
gaze,134021641185995058,434,271
gaze,134021641186080484,430,267
gaze,134021641186161290,435,293
gaze,134021641186247980,436,268
gaze,134021641186329012,427,265
gaze,134021641186414251,441,291
gaze,134021641186494606,428,266
gaze,134021641186581652,435,275
gaze,134021641186655961,435,268
gaze,134021641186724721,432,283
gaze,134021641186792585,459,267
gaze,134021641186913176,493,267
gaze,134021641186998689,510,235
gaze,134021641187079245,535,239
gaze,134021641187162802,546,218
gaze,134021641187245948,552,227
gaze,134021641187329528,553,246
gaze,134021641187412685,549,230
gaze,134021641187495993,547,241
gaze,134021641187578905,552,236
gaze,134021641187663014,543,231
gaze,134021641187739189,549,225
gaze,134021641187825355,550,214
gaze,134021641187912847,543,241
gaze,134021641187995847,552,247
gaze,134021641188083022,545,223
gaze,134021641188162733,554,242
gaze,134021641188245635,544,242
gaze,134021641188329014,544,224
gaze,134021641188413133,545,245
gaze,134021641188495012,546,242
gaze,134021641188581097,542,214
gaze,134021641188657016,548,252
gaze,134021641188724779,541,222
gaze,134021641188792433,546,243
gaze,134021641188874676,543,234
gaze,134021641189019407,548,229
gaze,134021641189078875,554,246
gaze,134021641189164320,545,235
gaze,134021641189245351,547,243
gaze,134021641189331476,542,212
gaze,134021641189411749,551,245
gaze,134021641189498023,541,219
gaze,134021641189579070,514,229
gaze,134021641189664372,508,232
gaze,134021641189744829,502,223
gaze,134021641189818985,500,220
gaze,134021641189915628,502,231
gaze,134021641189995383,512,235
gaze,134021641190078603,515,233
gaze,134021641190162478,513,241
gaze,134021641190245255,495,220
gaze,134021641190332204,508,224
gaze,134021641190412763,507,245
gaze,134021641190496758,505,223
gaze,134021641190578952,512,240
gaze,134021641190664463,512,242
gaze,134021641190735455,512,232
gaze,134021641190794282,510,242
gaze,134021641190874254,512,240
gaze,134021641190997217,503,241
gaze,134021641191079354,508,252
gaze,134021641191166863,555,262
gaze,134021641191246445,626,250
gaze,134021641191329650,671,259
gaze,134021641191413254,660,248
gaze,134021641191495188,664,256
gaze,134021641191578980,659,260
gaze,134021641191662783,655,244
gaze,134021641191746629,657,251
gaze,134021641191823918,663,255
gaze,134021641191908738,660,246
gaze,134021641191997635,657,250
gaze,134021641192080069,663,267
gaze,134021641192163031,657,250
gaze,134021641192246474,656,262
gaze,134021641192330078,663,286
gaze,134021641192418624,658,258
gaze,134021641192495530,657,240
gaze,134021641192579381,656,251
gaze,134021641192663491,656,232
gaze,134021641192740984,665,249
gaze,134021641192805279,655,259
gaze,134021641192874239,663,251
gaze,134021641192995379,655,244
gaze,134021641193080024,651,239
gaze,134021641193161481,654,226
gaze,134021641193246646,658,234
gaze,134021641193329144,651,234
gaze,134021641193412027,651,260
gaze,134021641193497232,586,269
gaze,134021641193579478,576,255
gaze,134021641193664204,581,260
gaze,134021641193745989,576,240
gaze,134021641193824011,565,256
gaze,134021641193908451,575,246
gaze,134021641193997113,576,240
gaze,134021641194083916,571,243
gaze,134021641194162481,572,248
gaze,134021641194245614,572,239
gaze,134021641194330588,577,262
gaze,134021641194412386,576,260
gaze,134021641194496335,579,254
gaze,134021641194579736,575,236
gaze,134021641194662667,573,250
gaze,134021641194740652,588,244
gaze,134021641194805878,587,257
gaze,134021641194874941,631,262
gaze,134021641194957799,749,279
gaze,134021641195079141,764,273
gaze,134021641195162764,762,250
gaze,134021641195245712,771,280
gaze,134021641195328449,774,283
gaze,134021641195412583,763,245
gaze,134021641195496012,766,278
gaze,134021641195578605,767,276
gaze,134021641195663407,765,248
gaze,134021641195746713,772,269
gaze,134021641195829466,763,266
gaze,134021641195906914,759,274
gaze,134021641195991269,759,255
gaze,134021641196080107,772,282
gaze,134021641196162503,770,279
gaze,134021641196245443,761,269
gaze,134021641196329127,771,262
gaze,134021641196413127,762,228
gaze,134021641196495580,768,263
gaze,134021641196578492,758,274
gaze,134021641196663663,756,263
gaze,134021641196746316,758,273
gaze,134021641196824402,767,262
gaze,134021641196888729,758,253
gaze,134021641196959218,770,286
MouseMove,134021641197036140,496,312
gaze,134021641197079398,758,262
gaze,134021641197162088,764,274
gaze,134021641197250534,765,281
gaze,134021641197328412,766,245
gaze,134021641197412746,761,263
gaze,134021641197495700,756,230
MouseMove,134021641197515672,496,311
gaze,134021641197579312,762,226
MouseMove,134021641197595329,497,311
gaze,134021641197663460,764,277
MouseMove,134021641197677891,500,308
gaze,134021641197745473,759,285
MouseMove,134021641197755368,500,308
gaze,134021641197828742,761,276
MouseMove,134021641197835666,502,308
gaze,134021641197906485,766,283
gaze,134021641197991269,765,282
gaze,134021641198080099,766,276
gaze,134021641198162728,764,278
gaze,134021641198246124,758,261
gaze,134021641198329472,760,282
gaze,134021641198412398,761,264
gaze,134021641198495119,761,277
gaze,134021641198578576,757,266
gaze,134021641198663263,757,253
gaze,134021641198745723,763,264
gaze,134021641198824571,760,253
gaze,134021641198889439,715,255
gaze,134021641198958559,703,270
gaze,134021641199078763,719,274
MouseMove,134021641199115656,502,307
gaze,134021641199142662,712,267
MouseMove,134021641199196252,503,304
gaze,134021641199247745,719,263
MouseMove,134021641199276386,504,292
gaze,134021641199328856,714,239
MouseMove,134021641199355360,504,271
gaze,134021641199414547,713,248
MouseMove,134021641199435224,504,244
gaze,134021641199495408,718,276
MouseMove,134021641199515085,504,214
gaze,134021641199581287,718,260
MouseMove,134021641199595735,494,191
gaze,134021641199663276,719,248
MouseMove,134021641199675883,486,180
gaze,134021641199747279,718,262
MouseMove,134021641199756793,477,170
gaze,134021641199828776,716,256
MouseMove,134021641199834832,470,166
gaze,134021641199912657,715,266
MouseMove,134021641199916262,466,165
MouseMove,134021641199996073,465,165
gaze,134021641199997034,707,254
gaze,134021641200087024,705,258
MouseMove,134021641200155638,464,165
gaze,134021641200164556,706,264
MouseMove,134021641200236888,464,169
gaze,134021641200246657,707,241
MouseMove,134021641200317197,466,178
gaze,134021641200332919,711,247
MouseMove,134021641200395615,469,189
gaze,134021641200412049,717,275
MouseMove,134021641200475886,475,200
gaze,134021641200497229,714,260
MouseMove,134021641200556832,479,210
gaze,134021641200578323,713,247
MouseMove,134021641200635723,481,217
gaze,134021641200664912,709,273
MouseMove,134021641200715450,485,223
gaze,134021641200745936,717,273
MouseMove,134021641200795405,491,231
gaze,134021641200825868,715,241
MouseMove,134021641200875318,497,237
gaze,134021641200895067,714,260
MouseMove,134021641200955708,504,243
gaze,134021641200971425,712,257
MouseMove,134021641201036402,514,247
gaze,134021641201079865,716,249
MouseMove,134021641201116195,525,251
gaze,134021641201142480,728,248
MouseMove,134021641201195717,535,254
gaze,134021641201227274,816,279
MouseMove,134021641201276239,544,256
gaze,134021641201331378,830,277
MouseMove,134021641201356236,550,258
gaze,134021641201420445,830,278
MouseMove,134021641201437147,556,259
gaze,134021641201497128,831,272
MouseMove,134021641201516181,559,259
gaze,134021641201578170,830,261
MouseMove,134021641201595427,563,260
gaze,134021641201665723,830,273
MouseMove,134021641201675044,570,261
gaze,134021641201746126,829,278
MouseMove,134021641201756090,576,261
gaze,134021641201829945,834,276
MouseMove,134021641201835403,579,261
gaze,134021641201906506,826,255
MouseMove,134021641201915398,582,261
MouseMove,134021641202000697,583,261
gaze,134021641202000801,823,222
gaze,134021641202079700,823,266
gaze,134021641202158319,825,285
gaze,134021641202248150,832,276
gaze,134021641202329127,832,280
MouseMove,134021641202395751,583,262
MouseWheel,134021641202399387,120
gaze,134021641202413823,826,277
gaze,134021641202495953,827,258
gaze,134021641202581753,827,257
MouseMove,134021641202636406,583,263
MouseWheel,134021641202642880,120
gaze,134021641202662661,824,268
gaze,134021641202748103,830,282
gaze,134021641202824624,830,278
MouseMove,134021641202875635,583,263
gaze,134021641202893398,827,267
MouseMove,134021641202955305,584,264
MouseWheel,134021641202959561,120
gaze,134021641202976346,827,279
MouseMove,134021641203041295,587,265
gaze,134021641203055589,827,278
MouseMove,134021641203116220,588,265
gaze,134021641203162184,822,245
MouseMove,134021641203195955,589,265
gaze,134021641203225743,826,274
MouseMove,134021641203275971,589,265
gaze,134021641203310040,821,260
MouseMove,134021641203355426,590,266
gaze,134021641203414544,824,282
gaze,134021641203495640,828,283
gaze,134021641203582053,823,239
gaze,134021641203663085,827,288
gaze,134021641203747826,838,273
gaze,134021641203829086,830,284
MouseMove,134021641203835661,590,266
MouseMove,134021641203915120,589,268
gaze,134021641203914543,834,296
gaze,134021641203989847,834,288
MouseMove,134021641203996783,589,269
MouseMove,134021641204076543,589,269
gaze,134021641204081816,828,277
MouseMove,134021641204157792,589,272
gaze,134021641204167294,834,267
MouseMove,134021641204235767,589,275
gaze,134021641204242655,827,285
MouseMove,134021641204317107,589,276
gaze,134021641204335880,727,301
MouseMove,134021641204396210,589,278
MouseWheel,134021641204400663,120
gaze,134021641204412585,555,281
MouseMove,134021641204475635,589,281
gaze,134021641204498511,489,270
MouseMove,134021641204556421,587,283
gaze,134021641204580082,475,258
MouseMove,134021641204636689,587,285
gaze,134021641204666921,492,279
MouseMove,134021641204715930,587,287
gaze,134021641204746286,486,260
MouseMove,134021641204796333,587,289
gaze,134021641204831707,494,251
MouseMove,134021641204875564,587,290
gaze,134021641204906923,498,262
MouseMove,134021641204955402,587,293
gaze,134021641204978808,488,236
MouseMove,134021641205035796,587,296
gaze,134021641205061241,486,227
MouseMove,134021641205117253,586,300
gaze,134021641205163317,496,233
MouseMove,134021641205195536,585,305
gaze,134021641205225664,492,249
MouseMove,134021641205275382,583,309
gaze,134021641205310248,490,246
MouseMove,134021641205358006,581,314
gaze,134021641205413762,512,256
MouseMove,134021641205436265,578,320
gaze,134021641205496659,494,249
MouseMove,134021641205515147,577,323
gaze,134021641205580087,493,242
MouseMove,134021641205596145,575,327
gaze,134021641205663520,496,241
MouseMove,134021641205676621,574,330
gaze,134021641205746968,505,256
MouseMove,134021641205756346,573,331
gaze,134021641205829616,494,239
MouseMove,134021641205836422,572,333
gaze,134021641205912451,506,247
MouseMove,134021641205916194,572,335
gaze,134021641205991360,506,245
MouseMove,134021641205995390,570,336
gaze,134021641206080071,506,233
MouseMove,134021641206157160,570,337
gaze,134021641206162249,499,248
gaze,134021641206240942,509,239
MouseMove,134021641206316379,570,337
gaze,134021641206330552,506,241
gaze,134021641206413019,508,255
gaze,134021641206496166,494,231
MouseMove,134021641206556743,569,338
gaze,134021641206579235,496,241
gaze,134021641206663111,509,252
gaze,134021641206754989,500,229
MouseMove,134021641206796761,569,339
gaze,134021641206830631,497,243
gaze,134021641206908136,494,239
MouseMove,134021641206957218,568,339
gaze,134021641206982241,504,265
MouseMove,134021641207036484,567,340
gaze,134021641207060682,511,259
MouseMove,134021641207115689,567,341
gaze,134021641207164143,508,270
gaze,134021641207225660,506,256
gaze,134021641207310068,505,230
gaze,134021641207394274,503,240
gaze,134021641207497936,504,226
gaze,134021641207578872,496,230
gaze,134021641207666737,495,258
MouseMove,134021641207677291,567,342
gaze,134021641207747132,476,230
MouseMove,134021641207756107,566,343
gaze,134021641207831813,467,166
MouseMove,134021641207836052,566,345
gaze,134021641207913258,473,155
MouseMove,134021641207916545,565,348
gaze,134021641207993417,467,138
MouseMove,134021641207995421,565,348
gaze,134021641208081694,467,135
MouseMove,134021641208156782,565,349
gaze,134021641208163058,466,128
gaze,134021641208248962,468,129
gaze,134021641208325019,463,147
gaze,134021641208416029,467,138
gaze,134021641208496545,465,131
gaze,134021641208582428,470,135
gaze,134021641208663722,469,130
gaze,134021641208748245,475,141
gaze,134021641208829021,473,142
gaze,134021641208909261,459,138
gaze,134021641208978553,467,147
gaze,134021641209061138,469,149
gaze,134021641209164634,472,153
gaze,134021641209240388,459,126
gaze,134021641209312296,475,146
gaze,134021641209395096,467,138
gaze,134021641209497952,466,154
gaze,134021641209579937,467,151
gaze,134021641209665108,470,144
gaze,134021641209746916,468,132
gaze,134021641209829370,473,154
gaze,134021641209913918,477,152
MouseWheel,134021641209915562,120
gaze,134021641209991213,469,151
MouseMove,134021641209996105,565,350
MouseMove,134021641210075734,564,350
gaze,134021641210082896,468,134
MouseMove,134021641210158720,563,350
gaze,134021641210163424,477,151
gaze,134021641210249700,466,140
gaze,134021641210327321,477,158
gaze,134021641210415597,562,167
gaze,134021641210496034,622,150
gaze,134021641210581441,616,170
gaze,134021641210664157,622,169
gaze,134021641210746581,623,150
gaze,134021641210829301,612,138
gaze,134021641210907087,615,165
gaze,134021641210978239,613,157
MouseMove,134021641211039708,562,351
gaze,134021641211061431,611,172
gaze,134021641211144474,611,155
gaze,134021641211247610,611,142
gaze,134021641211310667,606,153
gaze,134021641211401259,614,170
MouseMove,134021641211435451,562,351
gaze,134021641211477933,606,157
gaze,134021641211581213,613,162
MouseMove,134021641211597443,562,352
gaze,134021641211664510,615,170
gaze,134021641211746154,611,159
gaze,134021641211829496,615,164
gaze,134021641211913228,606,161
MouseMove,134021641211996719,562,352
gaze,134021641211996814,604,143
gaze,134021641212074639,607,166
MouseMove,134021641212075926,563,352
MouseMove,134021641212156046,566,352
gaze,134021641212162946,606,154
MouseMove,134021641212237587,568,352
gaze,134021641212246443,611,157
MouseMove,134021641212316095,570,352
gaze,134021641212330667,599,192
MouseMove,134021641212396224,572,352
gaze,134021641212408661,603,246
MouseMove,134021641212476590,574,352
gaze,134021641212497939,607,238
MouseMove,134021641212556712,577,352
gaze,134021641212585895,605,248
MouseMove,134021641212635442,579,352
gaze,134021641212664392,608,244
MouseMove,134021641212717005,583,352
gaze,134021641212748702,603,232
MouseMove,134021641212795908,586,351
gaze,134021641212829917,598,234
MouseMove,134021641212875189,592,351
gaze,134021641212908670,607,224
MouseMove,134021641212955474,594,350
gaze,134021641212987967,603,226
MouseMove,134021641213039494,597,350
gaze,134021641213057391,606,218
MouseMove,134021641213116045,598,350
gaze,134021641213140188,608,195
MouseMove,134021641213195276,599,350
gaze,134021641213243452,608,227
MouseMove,134021641213275326,600,350
gaze,134021641213323012,601,210
MouseMove,134021641213355551,602,349
gaze,134021641213390358,610,248
MouseMove,134021641213436903,602,349
gaze,134021641213477990,606,249
MouseMove,134021641213517225,605,348
gaze,134021641213581440,609,242
MouseMove,134021641213596111,605,348
gaze,134021641213664027,601,232
MouseMove,134021641213676554,607,347
gaze,134021641213742761,607,240
MouseMove,134021641213756429,608,347
gaze,134021641213830678,633,240
MouseMove,134021641213837439,610,346
gaze,134021641213912844,627,196
MouseMove,134021641213915366,610,346
gaze,134021641213999317,634,209
MouseMove,134021641214075249,611,346
gaze,134021641214074155,636,213
gaze,134021641214165340,643,203
gaze,134021641214246469,635,194
MouseMove,134021641214316495,612,346
gaze,134021641214331045,632,184
MouseMove,134021641214396140,613,346
gaze,134021641214408007,626,190
MouseMove,134021641214476709,615,344
gaze,134021641214497830,634,193
gaze,134021641214580283,632,198
MouseMove,134021641214636517,617,344
gaze,134021641214665400,636,202
MouseMove,134021641214716184,618,344
gaze,134021641214745839,635,220
MouseMove,134021641214796043,620,344
gaze,134021641214831997,636,201
MouseMove,134021641214876807,621,344
gaze,134021641214912765,625,207
gaze,134021641214993163,636,231
MouseMove,134021641215039862,622,344
gaze,134021641215061132,631,210
gaze,134021641215144189,640,218
gaze,134021641215227944,628,215
gaze,134021641215330926,644,234
gaze,134021641215394104,644,218
gaze,134021641215477527,636,211
gaze,134021641215581464,639,221
MouseMove,134021641215596047,623,344
gaze,134021641215663950,636,224
MouseMove,134021641215681852,623,344
gaze,134021641215749378,638,211
gaze,134021641215830196,641,216
MouseMove,134021641215835812,624,344
gaze,134021641215914247,639,218
MouseMove,134021641215916613,625,344
gaze,134021641215997130,637,213
gaze,134021641216079534,637,210
MouseMove,134021641216155629,626,344
gaze,134021641216158239,639,226
gaze,134021641216247163,639,230
MouseMove,134021641216316011,626,343
gaze,134021641216331717,672,192
gaze,134021641216408285,709,219
gaze,134021641216497328,703,200
MouseMove,134021641216555367,627,343
gaze,134021641216582940,704,204
gaze,134021641216665250,703,212
MouseMove,134021641216718070,627,343
gaze,134021641216745942,703,209
MouseMove,134021641216795942,628,342
gaze,134021641216830829,708,238
MouseMove,134021641216876471,629,342
gaze,134021641216922422,705,214
gaze,134021641216998613,704,228
gaze,134021641217074098,708,226
MouseMove,134021641217116214,629,342
gaze,134021641217143951,705,226
gaze,134021641217233194,701,221
gaze,134021641217305548,699,200
gaze,134021641217414113,702,208
MouseMove,134021641217436401,629,341
gaze,134021641217474940,697,219
gaze,134021641217560034,702,231
gaze,134021641217670221,711,219
gaze,134021641217746512,703,204
gaze,134021641217833399,704,216
gaze,134021641217913515,702,215
gaze,134021641217998934,708,227
MouseMove,134021641218075992,629,341
gaze,134021641218081750,710,233
gaze,134021641218163369,707,214
gaze,134021641218240403,713,228
gaze,134021641218330771,707,223
MouseMove,134021641218395608,630,340
gaze,134021641218413234,702,214
MouseMove,134021641218476115,630,340
gaze,134021641218490822,706,207
gaze,134021641218580923,639,207
MouseMove,134021641218636037,632,340
gaze,134021641218664276,585,231
MouseMove,134021641218716302,632,340
gaze,134021641218747679,560,218
MouseMove,134021641218795836,633,338
gaze,134021641218829692,552,200
MouseMove,134021641218875008,635,338
gaze,134021641218913030,562,209
MouseMove,134021641218955711,636,338
gaze,134021641218997429,556,207
gaze,134021641219079902,562,206
MouseMove,134021641219117154,638,337
gaze,134021641219158647,563,206
MouseMove,134021641219196241,639,336
gaze,134021641219230910,571,215
MouseMove,134021641219276342,639,336
gaze,134021641219311087,565,223
MouseMove,134021641219356577,641,334
gaze,134021641219392513,555,182
MouseMove,134021641219437317,641,333
gaze,134021641219495973,560,202
MouseMove,134021641219516074,642,333
gaze,134021641219561739,566,219
MouseMove,134021641219595328,644,332
gaze,134021641219665461,559,204
MouseMove,134021641219676447,645,331
gaze,134021641219747380,566,201
gaze,134021641219832976,566,201
MouseMove,134021641219835426,646,331
gaze,134021641219913407,562,200
MouseMove,134021641219916397,646,331
gaze,134021641219997239,561,213
gaze,134021641220079784,563,216
gaze,134021641220164410,570,217
gaze,134021641220246858,570,221
gaze,134021641220328482,565,214
gaze,134021641220413990,572,220
gaze,134021641220491152,573,204
gaze,134021641220581216,572,179
gaze,134021641220662976,567,207
gaze,134021641220750917,560,188
gaze,134021641220829551,566,200
gaze,134021641220915388,568,214
gaze,134021641220997703,563,204
gaze,134021641221081132,571,213
gaze,134021641221163334,565,204
gaze,134021641221241379,570,194
gaze,134021641221311730,560,188
gaze,134021641221390714,576,225
gaze,134021641221497105,571,212
gaze,134021641221559981,568,181
gaze,134021641221665678,576,185
gaze,134021641221747616,648,201
gaze,134021641221829873,671,229
gaze,134021641221913125,672,235
gaze,134021641221997225,680,222
gaze,134021641222080053,679,208
gaze,134021641222163238,670,213
gaze,134021641222247075,678,209
gaze,134021641222323813,678,219
gaze,134021641222414918,677,211
gaze,134021641222489895,684,226
gaze,134021641222582109,678,232
gaze,134021641222664331,680,213
gaze,134021641222747542,674,220
gaze,134021641222829503,672,233
gaze,134021641222912757,679,207
gaze,134021641222997321,673,196
MouseMove,134021641223035650,648,331
gaze,134021641223079913,675,217
MouseMove,134021641223115745,648,331
gaze,134021641223162783,674,225
gaze,134021641223242233,676,220
gaze,134021641223310770,667,203
gaze,134021641223390029,675,209
MouseMove,134021641223436925,649,330
gaze,134021641223459622,671,210
gaze,134021641223581390,679,237
gaze,134021641223644757,675,220
gaze,134021641223747428,671,202
gaze,134021641223829102,672,205
gaze,134021641223912924,682,215
gaze,134021641223997440,671,202
gaze,134021641224079588,677,219
gaze,134021641224162108,677,226
MouseMove,134021641224235569,651,330
gaze,134021641224246158,675,220
gaze,134021641224330373,677,229
gaze,134021641224407840,678,224
gaze,134021641224497548,683,217
gaze,134021641224574527,672,228
gaze,134021641224666228,670,208
gaze,134021641224747368,673,200
gaze,134021641224832561,677,229
gaze,134021641224913256,676,224
gaze,134021641224998342,675,210
gaze,134021641225079437,674,214
gaze,134021641225164439,669,209
gaze,134021641225247231,678,224
gaze,134021641225325229,681,224
gaze,134021641225394849,670,212
gaze,134021641225475043,672,231
gaze,134021641225580644,673,221
MouseMove,134021641225595230,651,330
gaze,134021641225644927,679,202
gaze,134021641225748091,677,203
gaze,134021641225830124,676,206
gaze,134021641225913193,676,213
gaze,134021641225997336,676,223
gaze,134021641226079911,675,221
gaze,134021641226163266,672,240
gaze,134021641226247100,672,275
gaze,134021641226330953,666,272
gaze,134021641226408392,663,270
gaze,134021641226498337,672,276
gaze,134021641226574863,671,304
gaze,134021641226665464,669,307
gaze,134021641226747018,660,280
gaze,134021641226832859,660,264
MouseMove,134021641226876072,652,330
gaze,134021641226914252,664,283
gaze,134021641227005969,667,274
gaze,134021641227080267,667,285
gaze,134021641227164939,675,305
gaze,134021641227248059,673,303
gaze,134021641227325275,672,307
gaze,134021641227394891,670,302
gaze,134021641227473527,663,263
gaze,134021641227581462,668,284
gaze,134021641227643810,669,301
gaze,134021641227747830,663,293
gaze,134021641227830196,663,287
gaze,134021641227913751,663,296
gaze,134021641227997636,663,295
gaze,134021641228086541,663,285
MouseMove,134021641228155621,652,330
gaze,134021641228163004,664,292
MouseMove,134021641228238987,644,330
gaze,134021641228247034,668,289
MouseMove,134021641228315444,637,327
gaze,134021641228331196,667,293
MouseMove,134021641228396962,629,326
gaze,134021641228408176,654,278
MouseMove,134021641228475276,621,323
gaze,134021641228498263,662,290
MouseMove,134021641228556322,611,319
gaze,134021641228574529,668,304
MouseMove,134021641228634968,600,314
gaze,134021641228674140,600,320
MouseMove,134021641228715826,589,310
gaze,134021641228751739,508,316
MouseMove,134021641228795834,579,304
gaze,134021641228836387,493,326
MouseMove,134021641228876347,572,300
gaze,134021641228914882,500,327
MouseMove,134021641228955587,566,296
gaze,134021641228999278,492,311
MouseMove,134021641229036199,563,294
gaze,134021641229081406,486,305
MouseMove,134021641229116942,562,291
gaze,134021641229165252,487,296
MouseMove,134021641229195665,562,290
gaze,134021641229248104,489,305
MouseMove,134021641229276457,562,288
gaze,134021641229327142,493,316
MouseMove,134021641229356206,562,285
gaze,134021641229396131,495,312
MouseMove,134021641229435948,562,284
gaze,134021641229473734,482,328
MouseMove,134021641229517438,563,281
gaze,134021641229582763,485,298
MouseMove,134021641229594988,571,281
gaze,134021641229643553,497,313
MouseMove,134021641229676197,581,281
gaze,134021641229748936,500,306
MouseMove,134021641229755843,591,283
gaze,134021641229831557,488,311
MouseMove,134021641229836454,602,287
MouseMove,134021641229915506,612,292
gaze,134021641229914653,500,316
MouseMove,134021641229996188,623,297
gaze,134021641229998705,500,315
MouseMove,134021641230083579,632,300
gaze,134021641230085511,488,293
MouseMove,134021641230156914,639,305
gaze,134021641230164840,494,325
MouseMove,134021641230235230,643,309
gaze,134021641230250695,493,299
MouseMove,134021641230315723,644,310
gaze,134021641230335080,499,310
MouseMove,134021641230397300,646,312
gaze,134021641230414265,494,297
MouseMove,134021641230475981,647,312
gaze,134021641230499484,494,312
gaze,134021641230570052,494,297
gaze,134021641230666680,496,310
gaze,134021641230748047,497,309
gaze,134021641230832086,488,305
MouseMove,134021641230876542,647,314
gaze,134021641230914125,496,296
MouseMove,134021641230956115,647,314
gaze,134021641230999178,496,318
gaze,134021641231081526,502,305
MouseMove,134021641231115556,647,315
gaze,134021641231164262,496,308
gaze,134021641231248122,499,310
MouseMove,134021641231276131,647,315
gaze,134021641231325266,493,318
MouseMove,134021641231357489,646,315
gaze,134021641231405149,501,316
MouseMove,134021641231436501,645,315
gaze,134021641231473814,500,320
MouseMove,134021641231516036,644,315
gaze,134021641231581569,502,309
MouseMove,134021641231596333,644,315
gaze,134021641231643137,501,310
MouseMove,134021641231675466,643,315
gaze,134021641231748437,500,316
MouseMove,134021641231755111,642,315
gaze,134021641231825812,497,319
MouseMove,134021641231835885,642,315
gaze,134021641231915908,495,312
gaze,134021641231997065,491,308
gaze,134021641232077798,493,292
gaze,134021641232160148,484,297
gaze,134021641232248646,495,291
gaze,134021641232331232,501,304
gaze,134021641232408776,501,309
gaze,134021641232498602,501,298
gaze,134021641232574093,511,295
gaze,134021641232667393,527,253
gaze,134021641232747489,553,238
gaze,134021641232831929,547,235
gaze,134021641232913214,542,252
gaze,134021641232999004,545,240
gaze,134021641233081113,538,242
MouseMove,134021641233115456,641,315
gaze,134021641233163718,548,250
MouseMove,134021641233196242,640,315
gaze,134021641233247912,552,255
MouseMove,134021641233276238,638,314
gaze,134021641233325520,546,237
MouseMove,134021641233356610,637,313
gaze,134021641233395771,548,238
MouseMove,134021641233435436,635,313
gaze,134021641233480378,546,256
MouseMove,134021641233516373,633,310
gaze,134021641233543795,543,258
MouseMove,134021641233597616,631,307
gaze,134021641233664511,550,236
MouseMove,134021641233675961,630,306
gaze,134021641233726070,545,214
MouseMove,134021641233755879,626,302
gaze,134021641233831954,536,244
MouseMove,134021641233835935,622,297
gaze,134021641233914063,538,255
MouseMove,134021641233915760,621,295
MouseMove,134021641233995878,617,291
gaze,134021641234001235,549,256
MouseMove,134021641234077332,614,287
gaze,134021641234080461,545,248
MouseMove,134021641234155787,611,285
gaze,134021641234164549,543,257
MouseMove,134021641234236234,608,281
gaze,134021641234247833,547,236
MouseMove,134021641234319338,604,279
gaze,134021641234330611,548,245
MouseMove,134021641234395818,601,276
gaze,134021641234415138,546,264
MouseMove,134021641234476531,596,273
gaze,134021641234492166,545,257
MouseMove,134021641234555846,595,272
gaze,134021641234582793,550,248
MouseMove,134021641234636405,591,269
gaze,134021641234659333,540,245
MouseMove,134021641234715481,591,269
gaze,134021641234748844,545,253
MouseMove,134021641234795945,590,268
gaze,134021641234830566,542,256
MouseMove,134021641234876046,590,267
gaze,134021641234914577,548,236
MouseMove,134021641234956496,590,266
gaze,134021641234996840,547,249
MouseMove,134021641235035556,589,263
gaze,134021641235082195,540,248
MouseMove,134021641235116026,589,261
gaze,134021641235163891,537,246
MouseMove,134021641235195358,589,258
gaze,134021641235247058,549,250
MouseMove,134021641235275131,588,256
gaze,134021641235331034,543,252
MouseMove,134021641235357543,587,255
gaze,134021641235410676,541,250
MouseMove,134021641235436559,587,253
gaze,134021641235484221,535,249
MouseMove,134021641235515723,586,251
gaze,134021641235556730,541,254
MouseMove,134021641235596252,585,251
gaze,134021641235665462,544,234
MouseMove,134021641235676052,585,250
gaze,134021641235727507,544,241
MouseMove,134021641235756460,584,249
gaze,134021641235812824,534,240
MouseMove,134021641235835657,582,248
gaze,134021641235915247,535,227
MouseMove,134021641235995387,582,248
gaze,134021641235996993,550,254
gaze,134021641236082413,559,232
MouseMove,134021641236156002,581,246
gaze,134021641236163160,561,251
MouseMove,134021641236240070,580,246
gaze,134021641236248907,563,243
gaze,134021641236330677,560,233
MouseMove,134021641236396615,579,244
gaze,134021641236415461,556,227
gaze,134021641236491054,558,244
gaze,134021641236583111,565,252
gaze,134021641236664940,558,247
gaze,134021641236743681,566,238
gaze,134021641236832058,551,247
gaze,134021641236914293,558,238
gaze,134021641237009486,556,236
MouseMove,134021641237036346,579,244
gaze,134021641237080605,553,248
MouseMove,134021641237117084,578,244
gaze,134021641237165199,566,235
gaze,134021641237248126,557,241
gaze,134021641237331862,554,257
MouseMove,134021641237358191,577,244
gaze,134021641237408666,559,247
MouseMove,134021641237435606,576,244
gaze,134021641237478013,552,237
gaze,134021641237562337,565,252
gaze,134021641237640992,551,243
gaze,134021641237748161,556,249
gaze,134021641237813664,555,259
gaze,134021641237896141,554,254
gaze,134021641237999358,561,261
MouseMove,134021641238077089,576,244
gaze,134021641238080854,554,258
gaze,134021641238165544,562,263
gaze,134021641238247385,555,247
gaze,134021641238330969,557,249
MouseMove,134021641238396601,575,244
gaze,134021641238414085,554,247
MouseMove,134021641238476391,574,244
gaze,134021641238497111,558,257
MouseMove,134021641238557088,573,244
gaze,134021641238575053,557,233
gaze,134021641238666262,552,252
MouseMove,134021641238715613,572,243
gaze,134021641238747158,566,258
gaze,134021641238826938,563,262
gaze,134021641238914502,560,253
MouseMove,134021641238956154,571,242
gaze,134021641238998182,551,250
gaze,134021641239081558,565,246
gaze,134021641239164756,553,259
gaze,134021641239247501,560,261
MouseMove,134021641239276113,570,241
gaze,134021641239330749,559,252
gaze,134021641239414424,565,265
gaze,134021641239491863,553,257
gaze,134021641239562057,569,250
MouseMove,134021641239596031,570,241
gaze,134021641239644547,560,249
gaze,134021641239724065,557,248
gaze,134021641239830837,552,241
gaze,134021641239893234,559,249
gaze,134021641239978864,566,256
gaze,134021641240083102,556,243
gaze,134021641240164090,553,242
MouseMove,134021641240236004,569,241
gaze,134021641240248416,556,253
gaze,134021641240333410,558,254
gaze,134021641240414608,553,254
gaze,134021641240498859,560,264
MouseMove,134021641240555427,568,241
gaze,134021641240575552,558,250
gaze,134021641240664489,547,233
gaze,134021641240748046,556,244
gaze,134021641240830270,557,258
gaze,134021641240907782,560,249
gaze,134021641241000022,555,261
gaze,134021641241081046,549,232
gaze,134021641241165845,550,233
LeftMouseDown,134021641241197769
gaze,134021641241248642,547,259
gaze,134021641241331836,545,252
gaze,134021641241414327,584,247
gaze,134021641241497851,592,250
gaze,134021641241574843,576,241
gaze,134021641241645368,583,251
gaze,134021641241729484,587,257
gaze,134021641241831590,579,262
gaze,134021641241896445,597,246
gaze,134021641241978610,589,266
gaze,134021641242083291,592,267
gaze,134021641242164732,589,264
gaze,134021641242248937,586,268
gaze,134021641242331633,584,262
gaze,134021641242415255,594,278
MouseMove,134021641242475884,566,241
gaze,134021641242497422,587,270
MouseMove,134021641242556158,562,241
gaze,134021641242580619,581,252
MouseMove,134021641242636110,558,241
gaze,134021641242658471,583,273
MouseMove,134021641242716593,553,241
gaze,134021641242748258,585,272
MouseMove,134021641242795522,547,241
gaze,134021641242829722,583,264
MouseMove,134021641242875673,543,241
gaze,134021641242909309,580,254
MouseMove,134021641242955515,537,241
gaze,134021641242999183,584,263
MouseMove,134021641243035736,533,241
gaze,134021641243081206,588,260
MouseMove,134021641243116233,530,241
gaze,134021641243164461,583,252
MouseMove,134021641243195412,526,241
gaze,134021641243248283,589,245
MouseMove,134021641243275219,525,241
gaze,134021641243331722,581,240
MouseMove,134021641243356003,522,241
gaze,134021641243417715,585,252
MouseMove,134021641243435600,519,241
gaze,134021641243498793,585,257
MouseMove,134021641243515727,517,241
gaze,134021641243576125,584,266
MouseMove,134021641243595414,514,241
gaze,134021641243646387,589,262
MouseMove,134021641243676137,508,239
gaze,134021641243729621,576,246
MouseMove,134021641243756077,504,238
gaze,134021641243830871,576,255
MouseMove,134021641243835008,497,237
gaze,134021641243894953,582,247
MouseMove,134021641243915360,493,237
gaze,134021641243978732,583,255
MouseMove,134021641243996677,487,236
gaze,134021641244061929,592,252
MouseMove,134021641244075752,483,236
MouseMove,134021641244155392,479,234
gaze,134021641244165815,588,254
MouseMove,134021641244235321,474,233
gaze,134021641244247065,583,246
MouseMove,134021641244317528,472,233
gaze,134021641244331965,586,251
MouseMove,134021641244397810,470,233
gaze,134021641244414517,578,243
MouseMove,134021641244475979,467,232
gaze,134021641244498283,586,250
MouseMove,134021641244555963,466,232
gaze,134021641244584245,587,249
MouseMove,134021641244637043,464,232
gaze,134021641244654857,586,241
MouseMove,134021641244716995,461,230
gaze,134021641244750101,528,258
MouseMove,134021641244795835,460,230
gaze,134021641244831570,441,264
MouseMove,134021641244876422,457,230
gaze,134021641244916474,436,242
MouseMove,134021641244960519,456,230
gaze,134021641244991670,428,243
MouseMove,134021641245035620,454,230
gaze,134021641245083044,439,247
MouseMove,134021641245115626,453,230
gaze,134021641245163991,436,248
MouseMove,134021641245195508,452,230
gaze,134021641245249041,437,258
MouseMove,134021641245277545,450,229
gaze,134021641245330996,437,251
MouseMove,134021641245355785,448,228
gaze,134021641245418234,428,246
MouseMove,134021641245436101,445,227
gaze,134021641245496999,435,259
MouseMove,134021641245517037,443,227
gaze,134021641245576834,431,262
MouseMove,134021641245595496,442,226
gaze,134021641245645918,440,247
MouseMove,134021641245679147,439,225
gaze,134021641245729685,442,251
MouseMove,134021641245757342,437,225
gaze,134021641245813414,436,259
MouseMove,134021641245836449,434,225
MouseMove,134021641245915225,434,225
gaze,134021641245915119,441,261
gaze,134021641245978371,433,256
MouseMove,134021641245995790,432,225
gaze,134021641246065389,435,246
MouseMove,134021641246076229,430,225
MouseMove,134021641246155818,428,225
gaze,134021641246165601,434,270
MouseMove,134021641246236490,428,225
gaze,134021641246247753,432,249
MouseMove,134021641246315862,426,223
gaze,134021641246331151,432,244
MouseMove,134021641246396552,424,223
gaze,134021641246413977,432,247
MouseMove,134021641246476696,424,223
gaze,134021641246498083,428,242
MouseMove,134021641246555813,422,223
gaze,134021641246581145,431,259
MouseMove,134021641246637690,421,223
gaze,134021641246665546,430,256
gaze,134021641246738082,406,249
MouseMove,134021641246796833,420,223
gaze,134021641246832143,379,240
MouseMove,134021641246877019,419,223
gaze,134021641246914604,392,243
MouseMove,134021641246955352,418,223
gaze,134021641246989059,394,243
MouseMove,134021641247036481,415,223
gaze,134021641247082447,383,231
MouseMove,134021641247115573,414,222
gaze,134021641247163393,394,246
MouseMove,134021641247195828,412,222
gaze,134021641247244009,385,236
MouseMove,134021641247275327,411,222
gaze,134021641247331635,386,237
MouseMove,134021641247357028,409,222
gaze,134021641247414803,389,231
MouseMove,134021641247436739,407,222
gaze,134021641247497916,387,237
MouseMove,134021641247516124,405,222
gaze,134021641247581768,385,234
MouseMove,134021641247595291,404,222
gaze,134021641247662396,387,248
MouseMove,134021641247676274,403,222
gaze,134021641247724767,386,244
MouseMove,134021641247755922,402,222
gaze,134021641247808067,384,248
MouseMove,134021641247835815,401,222
gaze,134021641247910899,390,232
gaze,134021641247974970,385,237
MouseMove,134021641247996488,401,222
gaze,134021641248058309,383,237
gaze,134021641248162102,389,257
MouseMove,134021641248235769,400,222
gaze,134021641248244045,385,247
MouseMove,134021641248316475,398,222
gaze,134021641248328203,390,250
MouseMove,134021641248398248,398,222
gaze,134021641248410241,392,249
MouseMove,134021641248475417,397,223
gaze,134021641248493883,384,237
MouseMove,134021641248555105,397,223
gaze,134021641248578980,383,234
MouseMove,134021641248636253,395,223
gaze,134021641248660943,386,246
MouseMove,134021641248718338,395,224
gaze,134021641248740283,393,256
MouseMove,134021641248796663,393,225
gaze,134021641248828186,380,238
MouseMove,134021641248876163,392,226
gaze,134021641248910682,382,245
MouseMove,134021641248957243,390,227
gaze,134021641248990470,388,240
MouseMove,134021641249035908,388,229
gaze,134021641249082188,378,243
MouseMove,134021641249115799,386,230
gaze,134021641249164677,382,247
MouseMove,134021641249195296,385,230
gaze,134021641249247707,382,223
MouseMove,134021641249275261,383,231
gaze,134021641249331177,379,243
MouseMove,134021641249355921,381,232
gaze,134021641249414236,376,231
MouseMove,134021641249439883,381,233
gaze,134021641249497502,375,237
MouseMove,134021641249517338,379,233
gaze,134021641249580934,376,234
MouseMove,134021641249595902,378,234
gaze,134021641249658515,376,238
gaze,134021641249728662,377,238
MouseMove,134021641249755788,378,234
gaze,134021641249812590,380,230
MouseMove,134021641249835386,376,234
gaze,134021641249910667,384,246
gaze,134021641249976361,383,229
MouseMove,134021641249996976,376,234
gaze,134021641250060835,385,244
MouseMove,134021641250077049,374,236
gaze,134021641250161827,381,231
MouseMove,134021641250236942,373,236
gaze,134021641250244269,383,246
MouseMove,134021641250315993,373,236
gaze,134021641250330703,382,222
MouseMove,134021641250396193,372,236
gaze,134021641250409932,378,238
MouseMove,134021641250475612,371,236
gaze,134021641250498981,376,226
gaze,134021641250575942,373,232
MouseMove,134021641250636430,370,236
gaze,134021641250666844,381,230
gaze,134021641250742093,376,249
gaze,134021641250833414,387,259
gaze,134021641250914612,382,242
gaze,134021641250993164,381,238
gaze,134021641251082548,385,231
gaze,134021641251164703,381,239
gaze,134021641251250036,381,248
gaze,134021641251331172,377,242
gaze,134021641251419615,378,240
gaze,134021641251497144,382,241
MouseMove,134021641251516538,369,236
gaze,134021641251581813,371,243
MouseMove,134021641251596536,367,237
gaze,134021641251660159,374,242
MouseMove,134021641251675632,366,237
gaze,134021641251729384,374,254
MouseMove,134021641251755559,366,237
gaze,134021641251811681,381,242
MouseMove,134021641251835824,364,237
MouseMove,134021641251915402,364,237
gaze,134021641251915871,378,244
gaze,134021641251977801,380,243
gaze,134021641252058707,372,245
gaze,134021641252166001,379,250
gaze,134021641252248032,380,233
gaze,134021641252332854,375,240
gaze,134021641252414636,374,236
gaze,134021641252498509,383,246
gaze,134021641252575848,385,236
gaze,134021641252660923,382,239
gaze,134021641252738989,386,244
gaze,134021641252828367,376,233
gaze,134021641252915597,374,222
gaze,134021641252991909,379,223
gaze,134021641253083732,385,246
gaze,134021641253164889,379,234
gaze,134021641253248819,378,242
gaze,134021641253326356,388,241
gaze,134021641253413301,391,240
gaze,134021641253499027,381,249
gaze,134021641253583551,385,238
gaze,134021641253660289,381,254
gaze,134021641253736425,386,244
gaze,134021641253811479,394,241
gaze,134021641253890954,395,254
gaze,134021641253999613,392,250
gaze,134021641254060801,397,178
gaze,134021641254136701,385,450
gaze,134021641254239175,422,1257
LeftMouseUp,134021641254796861
MouseMove,134021641255675776,363,237
MouseMove,134021641255755623,367,239
MouseMove,134021641255836048,390,242
MouseMove,134021641255915295,424,247
MouseMove,134021641255996110,459,256
MouseMove,134021641256075390,494,266
MouseMove,134021641256155218,521,274
MouseMove,134021641256235334,549,284
MouseMove,134021641256315129,578,297
MouseMove,134021641256395427,595,306
MouseMove,134021641256476267,614,315
MouseMove,134021641256555681,628,326
MouseMove,134021641256636078,641,333
KeyDown,134021641256717537,162
MouseMove,134021641256718035,651,339
MouseMove,134021641256795347,662,347
MouseMove,134021641256875554,669,354
MouseMove,134021641256955448,677,361
MouseMove,134021641257035925,686,369
MouseMove,134021641257115387,693,376
MouseMove,134021641257195299,701,383
MouseMove,134021641257275431,710,389
MouseMove,134021641257355482,717,395
MouseMove,134021641257435537,723,400
MouseMove,134021641257515202,726,402
MouseMove,134021641257595830,729,404
MouseMove,134021641257675836,731,405
MouseMove,134021641257835836,731,406
MouseMove,134021641258316315,732,406
MouseMove,134021641258395560,732,406
gaze,134021641258483597,714,897
gaze,134021641258582962,604,777
MouseMove,134021641258635348,731,408
gaze,134021641258656837,480,431
MouseMove,134021641258715209,731,408
gaze,134021641258749596,490,320
MouseMove,134021641258795865,729,409
gaze,134021641258832019,463,218
MouseMove,134021641258881407,729,409
gaze,134021641258916579,479,192
MouseMove,134021641258956436,727,411
gaze,134021641258995711,460,182
MouseMove,134021641259035861,726,412
gaze,134021641259083477,484,239
MouseMove,134021641259115250,726,413
gaze,134021641259165148,484,222
MouseMove,134021641259195671,725,414
gaze,134021641259245590,471,233
MouseMove,134021641259275335,724,415
KeyDown,134021641259276061,88
gaze,134021641259333601,491,240
gaze,134021641259415443,493,250
MouseMove,134021641259435490,722,415
gaze,134021641259500758,483,240
MouseMove,134021641259518974,721,415
gaze,134021641259582791,471,241
MouseMove,134021641259595063,720,415
gaze,134021641259672683,496,241
MouseMove,134021641259675448,720,415
gaze,134021641259748837,498,246
MouseMove,134021641259755422,719,416
gaze,134021641259832641,482,231
MouseMove,134021641259836817,718,416
gaze,134021641259911214,505,241
gaze,134021641259980304,500,247
gaze,134021641260064924,491,238
KeyUp,134021641260156498,162
gaze,134021641260167079,496,242
gaze,134021641260230025,493,228
gaze,134021641260313375,491,214
MouseMove,134021641260397898,717,416
KeyUp,134021641260398644,88
gaze,134021641260420258,492,224
MouseMove,134021641260476736,716,416
gaze,134021641260498492,484,229
MouseMove,134021641260555559,714,417
gaze,134021641260582522,490,236
MouseMove,134021641260636132,713,418
gaze,134021641260666252,494,247
MouseMove,134021641260715450,713,419
gaze,134021641260748896,490,237
MouseMove,134021641260795464,712,419
gaze,134021641260832518,489,247
MouseMove,134021641260876293,711,420
gaze,134021641260915758,495,237
MouseMove,134021641260955607,709,422
gaze,134021641260993894,499,249
MouseMove,134021641261035878,707,423
gaze,134021641261083186,488,246
MouseMove,134021641261116321,707,423
MouseWheel,134021641261122134,-120
gaze,134021641261165465,480,238
MouseMove,134021641261195935,705,424
gaze,134021641261245956,487,254
gaze,134021641261333264,493,235
MouseMove,134021641261357705,704,425
gaze,134021641261423994,481,233
MouseMove,134021641261436006,703,425
gaze,134021641261499456,484,238
MouseMove,134021641261516939,702,427
gaze,134021641261581799,492,236
MouseMove,134021641261597252,701,427
gaze,134021641261666384,482,239
MouseMove,134021641261676843,701,428
MouseWheel,134021641261681568,-120
gaze,134021641261748755,478,236
gaze,134021641261832097,481,235
gaze,134021641261910612,495,246
gaze,134021641261980910,494,249
gaze,134021641262063965,494,244
MouseMove,134021641262075366,700,428
MouseMove,134021641262156345,700,428
gaze,134021641262166874,487,255
gaze,134021641262230394,481,241
gaze,134021641262313743,495,237
gaze,134021641262419320,489,242
gaze,134021641262498232,485,240
gaze,134021641262584501,491,239
gaze,134021641262665774,494,252
gaze,134021641262749517,489,234
gaze,134021641262832174,488,235
gaze,134021641262915122,487,242
gaze,134021641262993171,487,246
gaze,134021641263084001,487,244
gaze,134021641263165871,482,232
gaze,134021641263252097,484,226
gaze,134021641263334206,475,231
gaze,134021641263415454,468,290
gaze,134021641263500201,452,358
gaze,134021641263581973,477,411
gaze,134021641263669104,462,442
gaze,134021641263749310,475,410
gaze,134021641263834551,471,423
gaze,134021641263909305,477,417
gaze,134021641263981196,473,435
MouseMove,134021641263996264,698,428
gaze,134021641264063883,465,416
MouseMove,134021641264075456,697,428
gaze,134021641264141800,468,403
MouseMove,134021641264236875,694,429
gaze,134021641264249055,470,418
gaze,134021641264309735,473,420
MouseMove,134021641264395633,691,431
gaze,134021641264396631,463,398
MouseMove,134021641264476616,691,431
gaze,134021641264500410,470,431
MouseMove,134021641264556450,688,431
gaze,134021641264583069,468,422
MouseMove,134021641264636222,687,432
gaze,134021641264675846,468,418
MouseMove,134021641264717040,684,433
gaze,134021641264748146,468,411
MouseMove,134021641264796374,682,434
gaze,134021641264833040,470,423
MouseMove,134021641264876420,680,436
gaze,134021641264914541,468,409
MouseMove,134021641264956793,679,436
gaze,134021641264999248,472,410
MouseMove,134021641265035958,674,440
gaze,134021641265077007,465,419
MouseMove,134021641265117190,672,441
gaze,134021641265173639,454,405
MouseMove,134021641265195812,670,443
gaze,134021641265247793,459,412
MouseMove,134021641265275441,667,444
gaze,134021641265328876,473,415
MouseMove,134021641265355779,664,446
gaze,134021641265416460,468,404
MouseMove,134021641265435717,661,448
gaze,134021641265498667,465,403
MouseMove,134021641265516577,660,448
gaze,134021641265582219,467,429
MouseMove,134021641265596232,657,450
MouseMove,134021641265676337,656,450
gaze,134021641265676109,471,412
gaze,134021641265749038,480,410
MouseMove,134021641265756084,656,450
MouseMove,134021641265837950,654,450
gaze,134021641265838186,473,429
gaze,134021641265915508,468,400
gaze,134021641265993401,470,424
gaze,134021641266064062,467,436
gaze,134021641266147972,478,415
gaze,134021641266250440,473,413
gaze,134021641266311801,473,418
MouseMove,134021641266397002,654,450
gaze,134021641266397070,472,414
gaze,134021641266500910,470,410
gaze,134021641266582518,473,413
gaze,134021641266667684,471,426
gaze,134021641266748778,481,424
gaze,134021641266834649,454,418
gaze,134021641266915777,469,419
gaze,134021641266999854,464,416
gaze,134021641267077280,473,422
gaze,134021641267166329,469,418
MouseWheel,134021641267196068,120
gaze,134021641267249058,474,431
gaze,134021641267326237,474,419
gaze,134021641267415967,469,411
gaze,134021641267499251,469,423
gaze,134021641267582266,471,423
gaze,134021641267665940,474,424
gaze,134021641267749389,472,416
gaze,134021641267832271,468,421
gaze,134021641267915422,469,416
gaze,134021641267993702,475,406
gaze,134021641268064533,472,416
gaze,134021641268146467,476,426
gaze,134021641268249772,473,411
gaze,134021641268311399,477,434
gaze,134021641268397061,471,419
gaze,134021641268500224,472,436
gaze,134021641268582267,480,428
gaze,134021641268669387,477,435
gaze,134021641268753244,465,432
gaze,134021641268831797,468,427
gaze,134021641268915625,471,437
gaze,134021641268999564,472,431
gaze,134021641269076337,473,425
gaze,134021641269165745,473,420
gaze,134021641269248651,466,427
gaze,134021641269328018,475,427
gaze,134021641269415811,471,441
gaze,134021641269498052,476,436
gaze,134021641269581702,469,427
gaze,134021641269665897,477,429
gaze,134021641269749411,476,430
gaze,134021641269831925,473,435
gaze,134021641269915641,467,421
gaze,134021641269992563,469,424
gaze,134021641270064850,479,447
gaze,134021641270147707,465,497
gaze,134021641270227079,438,533
gaze,134021641270333509,447,578
MouseMove,134021641270396696,653,450
gaze,134021641270399128,442,579
MouseMove,134021641270476259,653,450
gaze,134021641270479260,449,574
MouseMove,134021641270555958,651,450
gaze,134021641270583510,444,573
MouseMove,134021641270635880,649,451
gaze,134021641270666474,446,580
MouseMove,134021641270716671,647,452
gaze,134021641270752097,452,578
MouseMove,134021641270795956,645,453
gaze,134021641270831676,449,571
MouseMove,134021641270876086,643,455
gaze,134021641270915059,449,572
MouseMove,134021641270957002,643,455
gaze,134021641270999018,442,570
MouseMove,134021641271041339,642,457
gaze,134021641271083163,445,570
gaze,134021641271160091,451,585
MouseMove,134021641271196161,641,457
gaze,134021641271250009,447,565
gaze,134021641271332748,448,572
gaze,134021641271413784,451,582
gaze,134021641271499707,448,573
gaze,134021641271582033,453,562
gaze,134021641271666034,443,569
gaze,134021641271749077,450,567
gaze,134021641271833061,447,571
gaze,134021641271916209,458,570
gaze,134021641271998824,447,559
gaze,134021641272077784,447,566
gaze,134021641272147099,453,578
gaze,134021641272230369,450,575
gaze,134021641272333821,443,571
gaze,134021641272396965,452,565
gaze,134021641272480103,489,487
gaze,134021641272563698,491,691
gaze,134021641272656068,472,1120
gaze,134021641273334528,557,651
gaze,134021641273417984,533,526
gaze,134021641273494322,519,431
gaze,134021641273585515,512,389
gaze,134021641273666212,523,326
gaze,134021641273750311,520,330
gaze,134021641273831796,520,333
gaze,134021641273916920,535,365
gaze,134021641273999171,523,433
gaze,134021641274069130,531,708
gaze,134021641274136538,889,889
KeyDown,134021641278555935,162
KeyDown,134021641279756027,90
gaze,134021641279822693,566,818
gaze,134021641279918184,484,630
gaze,134021641280000145,468,417
gaze,134021641280085563,460,341
gaze,134021641280161846,454,232
gaze,134021641280232758,456,213
gaze,134021641280314562,445,209
gaze,134021641280419690,449,215
gaze,134021641280499278,459,244
gaze,134021641280579325,457,256
gaze,134021641280647393,457,258
gaze,134021641280733161,457,252
gaze,134021641280837541,471,263
KeyUp,134021641280876263,162
KeyUp,134021641280881457,90
gaze,134021641280916771,457,253
gaze,134021641281001461,461,256
gaze,134021641281084489,469,257
gaze,134021641281166992,467,261
gaze,134021641281246915,453,256
gaze,134021641281334901,449,263
gaze,134021641281418165,460,254
gaze,134021641281500299,470,280
gaze,134021641281584072,470,268
gaze,134021641281663580,462,253
gaze,134021641281752152,455,238
gaze,134021641281832758,460,252
gaze,134021641281917236,455,249
MouseMove,134021641281997413,640,458
gaze,134021641282001552,471,265
gaze,134021641282085312,466,254
gaze,134021641282162643,453,243
gaze,134021641282237158,445,235
gaze,134021641282315861,468,244
gaze,134021641282418844,466,235
gaze,134021641282499337,426,155
gaze,134021641282579176,431,175
gaze,134021641282647567,427,167
gaze,134021641282731897,438,159
gaze,134021641282813996,435,168
MouseMove,134021641282875293,639,458
gaze,134021641282918986,437,162
MouseMove,134021641282956499,638,458
gaze,134021641283000055,433,147
MouseMove,134021641283035860,637,458
gaze,134021641283084451,440,157
MouseMove,134021641283116004,637,458
gaze,134021641283167543,439,163
MouseMove,134021641283196581,635,458
gaze,134021641283245824,444,170
MouseMove,134021641283276164,634,457
gaze,134021641283334754,441,183
gaze,134021641283420296,445,196
MouseMove,134021641283436754,633,457
gaze,134021641283500627,438,169
MouseMove,134021641283515500,632,457
gaze,134021641283583322,453,194
gaze,134021641283666768,440,170
MouseMove,134021641283675501,631,456
gaze,134021641283745498,435,178
gaze,134021641283834743,435,137
gaze,134021641283916106,457,238
gaze,134021641284001563,499,305
gaze,134021641284083575,552,490
gaze,134021641284163213,581,682
gaze,134021641284233163,621,808
gaze,134021641284315936,689,954
gaze,134021641284419748,647,1126
KeyDown,134021641285515648,162
gaze,134021641287818158,716,1067
MouseMove,134021641287916467,631,456
gaze,134021641287918365,502,565
KeyDown,134021641287997341,67
MouseMove,134021641287998100,628,457
gaze,134021641287999874,505,459
MouseMove,134021641288077131,627,460
gaze,134021641288087196,491,397
MouseMove,134021641288156837,627,463
gaze,134021641288165795,490,418
MouseMove,134021641288236111,627,466
gaze,134021641288246546,497,450
gaze,134021641288314872,504,477
MouseMove,134021641288316155,627,470
MouseMove,134021641288396693,627,472
gaze,134021641288398381,494,480
MouseMove,134021641288476870,626,475
gaze,134021641288502560,493,475
MouseMove,134021641288557279,626,476
KeyUp,134021641288558055,162
gaze,134021641288584035,500,478
MouseMove,134021641288636190,626,478
gaze,134021641288669676,493,472
MouseMove,134021641288716612,626,480
gaze,134021641288748384,494,470
MouseMove,134021641288795330,626,482
gaze,134021641288815930,499,476
MouseMove,134021641288876963,626,483
gaze,134021641288899123,509,477
MouseMove,134021641288961682,626,485
KeyUp,134021641288962011,67
gaze,134021641289002839,503,486
MouseMove,134021641289036925,626,487
gaze,134021641289084591,494,468
MouseMove,134021641289116307,626,489
gaze,134021641289168205,486,474
MouseMove,134021641289196374,626,491
gaze,134021641289249282,505,473
MouseMove,134021641289275933,626,492
gaze,134021641289329744,497,481
MouseMove,134021641289357605,625,493
gaze,134021641289418293,499,469
MouseMove,134021641289435862,624,494
gaze,134021641289499415,489,479
gaze,134021641289584021,490,484
gaze,134021641289667393,505,488
MouseMove,134021641289676483,624,495
gaze,134021641289749878,510,484
gaze,134021641289827266,498,488
gaze,134021641289918875,490,477
gaze,134021641290001477,497,467
gaze,134021641290086446,496,487
gaze,134021641290167846,504,461
MouseMove,134021641290236379,624,496
gaze,134021641290245336,547,413
gaze,134021641290315821,555,416
MouseMove,134021641290318124,623,496
MouseMove,134021641290395765,621,496
gaze,134021641290400563,554,407
MouseMove,134021641290477163,618,496
gaze,134021641290501373,551,399
MouseMove,134021641290556443,616,496
gaze,134021641290582673,549,401
MouseMove,134021641290636356,614,496
gaze,134021641290668305,548,404
MouseMove,134021641290716592,611,495
gaze,134021641290746546,549,415
MouseMove,134021641290796224,609,494
gaze,134021641290814174,550,409
MouseMove,134021641290875801,604,491
gaze,134021641290897826,537,407
MouseMove,134021641290955568,601,488
gaze,134021641291002494,541,395
MouseMove,134021641291036930,598,486
gaze,134021641291083747,548,419
MouseMove,134021641291116040,597,484
gaze,134021641291171165,549,405
MouseMove,134021641291196709,595,481
gaze,134021641291250362,548,400
MouseMove,134021641291276325,594,480
gaze,134021641291328483,547,423
MouseMove,134021641291358465,593,478
gaze,134021641291418133,549,413
MouseMove,134021641291436897,593,477
gaze,134021641291499297,545,414
MouseMove,134021641291515701,593,477
gaze,134021641291584402,546,393
MouseMove,134021641291596727,593,475
gaze,134021641291667552,544,402
MouseMove,134021641291676130,592,473
gaze,134021641291749583,544,389
MouseMove,134021641291755390,591,472
gaze,134021641291827331,546,387
MouseMove,134021641291835947,590,470
MouseMove,134021641291915972,586,467
gaze,134021641291916692,547,403
MouseMove,134021641291997144,583,463
gaze,134021641291999973,546,376
MouseMove,134021641292079150,578,461
gaze,134021641292083345,548,386
MouseMove,134021641292156047,576,459
gaze,134021641292166736,547,390
MouseMove,134021641292236365,573,457
gaze,134021641292245122,544,395
gaze,134021641292314153,538,372
MouseMove,134021641292318002,570,456
MouseMove,134021641292404959,569,454
gaze,134021641292405053,540,383
MouseMove,134021641292476234,568,454
gaze,134021641292500358,538,352
MouseMove,134021641292556674,568,453
gaze,134021641292582897,558,275
MouseMove,134021641292635715,568,451
gaze,134021641292669895,558,265
MouseMove,134021641292717270,568,450
gaze,134021641292744297,557,262
MouseMove,134021641292796193,568,449
gaze,134021641292813628,560,251
MouseMove,134021641292876098,568,448
gaze,134021641292897153,556,243
MouseMove,134021641292955268,568,445
gaze,134021641292979592,547,252
MouseMove,134021641293036145,568,443
gaze,134021641293084932,554,245
MouseMove,134021641293116127,568,441
gaze,134021641293165325,565,266
MouseMove,134021641293195583,568,439
gaze,134021641293251087,558,260
MouseMove,134021641293275588,566,436
gaze,134021641293327503,551,263
MouseMove,134021641293357014,564,431
gaze,134021641293418607,555,266
MouseMove,134021641293435527,564,429
gaze,134021641293499838,548,259
MouseMove,134021641293516303,562,427
gaze,134021641293584421,548,253
MouseMove,134021641293595466,562,426
gaze,134021641293667382,545,246
MouseMove,134021641293675926,561,424
gaze,134021641293747975,540,231
MouseMove,134021641293755773,561,422
gaze,134021641293833913,549,256
MouseMove,134021641293836941,561,421
gaze,134021641293911094,551,256
MouseMove,134021641293915017,560,418
MouseMove,134021641293996415,557,413
gaze,134021641294000603,554,255
MouseMove,134021641294079258,555,409
gaze,134021641294081990,557,258
MouseMove,134021641294157382,554,405
gaze,134021641294168190,558,260
MouseMove,134021641294236863,553,403
gaze,134021641294243512,546,258
MouseMove,134021641294316671,552,400
gaze,134021641294316287,547,242
MouseMove,134021641294396167,549,395
gaze,134021641294397498,552,253
MouseMove,134021641294476385,548,392
gaze,134021641294480014,549,240
MouseMove,134021641294556126,547,390
gaze,134021641294583896,548,241
MouseMove,134021641294636845,545,387
gaze,134021641294665674,552,245
MouseMove,134021641294716967,545,386
gaze,134021641294750908,552,255
MouseMove,134021641294795315,544,385
gaze,134021641294826957,544,250
MouseMove,134021641294875441,544,383
gaze,134021641294898442,545,252
MouseMove,134021641294955646,542,382
gaze,134021641294979932,548,260
MouseMove,134021641295036338,542,381
gaze,134021641295084424,550,257
MouseMove,134021641295117307,542,380
gaze,134021641295168935,543,242
MouseMove,134021641295195489,541,378
gaze,134021641295251059,550,251
MouseMove,134021641295277368,540,377
gaze,134021641295332519,550,244
MouseMove,134021641295356544,540,374
gaze,134021641295413501,537,239
MouseMove,134021641295435657,539,370
gaze,134021641295500164,549,250
MouseMove,134021641295516162,539,367
gaze,134021641295582152,514,252
MouseMove,134021641295596560,539,365
gaze,134021641295667480,447,274
MouseMove,134021641295677692,538,362
gaze,134021641295749555,432,285
MouseMove,134021641295756104,538,360
gaze,134021641295832053,428,281
MouseMove,134021641295837680,538,358
gaze,134021641295910276,421,275
MouseMove,134021641295916937,537,356
MouseMove,134021641295995714,537,354
gaze,134021641296000337,420,288
MouseMove,134021641296075691,537,352
gaze,134021641296081522,420,266
MouseMove,134021641296155834,536,351
gaze,134021641296165071,421,279
MouseMove,134021641296235249,536,350
gaze,134021641296249404,429,279
MouseMove,134021641296316730,536,349
gaze,134021641296326839,431,275
gaze,134021641296405389,428,269
gaze,134021641296479845,430,276
gaze,134021641296583895,420,260
gaze,134021641296667207,423,265
gaze,134021641296751859,422,271
gaze,134021641296827120,426,275
MouseMove,134021641296935733,536,351
MouseMove,134021641296956576,536,357
gaze,134021641296975860,429,258
gaze,134021641296983209,426,260
MouseMove,134021641297131978,536,366
MouseMove,134021641297134672,536,375
gaze,134021641297169453,425,277
gaze,134021641297173491,421,274
MouseMove,134021641297196494,536,386
gaze,134021641297251245,427,278
MouseMove,134021641297277022,540,393
gaze,134021641297332633,442,309
MouseMove,134021641297356714,541,402
gaze,134021641297416922,469,377
MouseMove,134021641297435557,542,408
gaze,134021641297500647,492,400
MouseMove,134021641297516888,545,417
gaze,134021641297583493,490,428
MouseMove,134021641297595340,546,422
gaze,134021641297667263,500,452
MouseMove,134021641297676291,547,428
gaze,134021641297749852,499,451
MouseMove,134021641297757460,548,431
gaze,134021641297833995,492,450
MouseMove,134021641297836321,549,434
gaze,134021641297911128,490,457
MouseMove,134021641297915414,549,437
MouseMove,134021641297996157,549,439
gaze,134021641298002768,488,437
MouseMove,134021641298077200,549,439
gaze,134021641298083752,485,448
MouseMove,134021641298155278,549,440
gaze,134021641298165871,483,445
MouseMove,134021641298235616,549,442
gaze,134021641298249082,489,452
MouseMove,134021641298315835,549,446
gaze,134021641298326608,483,441
MouseMove,134021641298395502,547,450
gaze,134021641298397222,486,446
MouseMove,134021641298475693,545,455
gaze,134021641298480245,482,446
MouseMove,134021641298555170,544,459
gaze,134021641298583710,488,451
MouseMove,134021641298635583,541,466
gaze,134021641298666147,483,443
MouseMove,134021641298716759,538,472
gaze,134021641298750238,482,468
MouseMove,134021641298795536,535,480
gaze,134021641298827893,483,442
MouseMove,134021641298877224,532,488
gaze,134021641298897262,488,461
MouseMove,134021641298955241,529,493
gaze,134021641298987445,483,447
MouseMove,134021641299036485,528,498
gaze,134021641299084300,484,451
MouseMove,134021641299115623,525,502
gaze,134021641299165608,488,451
MouseMove,134021641299195976,525,505
gaze,134021641299250766,490,461
MouseMove,134021641299275648,523,508
gaze,134021641299333618,488,455
MouseMove,134021641299355991,522,509
gaze,134021641299412499,483,451
MouseMove,134021641299436281,521,511
gaze,134021641299500493,485,451
MouseMove,134021641299515652,519,512
gaze,134021641299583331,478,443
MouseMove,134021641299596040,517,515
gaze,134021641299666535,478,453
MouseMove,134021641299676468,515,519
gaze,134021641299749480,481,448
MouseMove,134021641299755448,511,523
gaze,134021641299833003,486,453
MouseMove,134021641299836788,511,525
gaze,134021641299911689,479,454
MouseMove,134021641299921536,508,529
MouseMove,134021641299999513,507,531
gaze,134021641300001402,487,470
MouseMove,134021641300076704,507,532
gaze,134021641300082828,482,469
MouseMove,134021641300155315,506,532
gaze,134021641300166152,487,474
MouseMove,134021641300236081,506,533
gaze,134021641300249388,486,466
gaze,134021641300327395,491,473
gaze,134021641300400506,489,472
gaze,134021641300480680,492,475
gaze,134021641300564369,490,482
gaze,134021641300676730,495,466
gaze,134021641300750250,462,491
gaze,134021641300830574,417,492
MouseMove,134021641300875250,505,533
gaze,134021641300898351,415,481
MouseMove,134021641300955819,504,534
gaze,134021641300984898,414,483
gaze,134021641301065518,415,483
MouseMove,134021641301117132,503,535
gaze,134021641301167862,425,495
MouseMove,134021641301196125,503,535
gaze,134021641301250751,424,493
gaze,134021641301340404,412,494
gaze,134021641301416968,423,495
gaze,134021641301494182,389,508
gaze,134021641301583732,328,517
gaze,134021641301667686,353,526
gaze,134021641301750343,352,509
LeftMouseDown,134021641301758105
gaze,134021641301832932,351,516
gaze,134021641301916598,345,518
gaze,134021641301994718,360,510
gaze,134021641302084688,350,508
gaze,134021641302166501,354,518
gaze,134021641302251586,347,516
gaze,134021641302334313,356,520
gaze,134021641302413684,345,505
gaze,134021641302481816,355,514
LeftMouseUp,134021641302557645
gaze,134021641302564530,350,515
gaze,134021641302668435,354,514
gaze,134021641302749433,361,515
gaze,134021641302834160,354,522
gaze,134021641302910441,352,519
gaze,134021641302982747,355,515
gaze,134021641303065784,359,520
gaze,134021641303168220,352,520
gaze,134021641303249627,351,516
gaze,134021641303334933,358,523
gaze,134021641303417710,351,522
gaze,134021641303495762,354,516
gaze,134021641303584522,350,519
gaze,134021641303667555,353,514
gaze,134021641303751637,349,511
gaze,134021641303833490,354,516
gaze,134021641303921737,355,515
gaze,134021641303994103,358,528
gaze,134021641304085859,346,520
gaze,134021641304166821,358,532
gaze,134021641304251756,354,522
gaze,134021641304333965,349,510
gaze,134021641304413719,356,485
gaze,134021641304483131,465,568
gaze,134021641304554494,724,984
KeyDown,134021641309516163,13
KeyUp,134021641309996940,13
gaze,134021641310574237,127,861
gaze,134021641310652487,580,677
gaze,134021641310733874,434,646
KeyDown,134021641310796252,162
gaze,134021641310815035,410,568
gaze,134021641310899241,406,506
gaze,134021641311009460,409,477
gaze,134021641311079945,414,489
gaze,134021641311150212,413,499
gaze,134021641311233269,416,525
gaze,134021641311315925,415,518
KeyDown,134021641311356326,86
gaze,134021641311420474,405,518
gaze,134021641311500986,413,527
gaze,134021641311586098,412,519
gaze,134021641311668690,417,535
gaze,134021641311753533,422,519
gaze,134021641311828922,412,533
gaze,134021641311921248,411,534
gaze,134021641312002052,416,531
gaze,134021641312087019,410,532
gaze,134021641312167212,424,533
gaze,134021641312249409,420,537
KeyUp,134021641312323181,162
gaze,134021641312336187,414,532
KeyUp,134021641312396283,86
gaze,134021641312416756,414,532
gaze,134021641312503435,408,534
gaze,134021641312583868,422,535
gaze,134021641312669616,415,523
gaze,134021641312747110,414,536
gaze,134021641312815725,418,530
gaze,134021641312898952,417,525
gaze,134021641313002050,417,536
gaze,134021641313085477,413,534
gaze,134021641313162800,408,522
gaze,134021641313233477,411,532
gaze,134021641313316504,411,533
gaze,134021641313420350,417,528
gaze,134021641313501028,425,533
gaze,134021641313585704,421,532
gaze,134021641313668618,388,541
gaze,134021641313751578,384,552
gaze,134021641313827793,384,547
gaze,134021641313919304,375,555
gaze,134021641314001266,403,567
gaze,134021641314087895,386,550
gaze,134021641314168187,392,552
gaze,134021641314248191,386,555
gaze,134021641314336110,383,559
gaze,134021641314418171,381,552
gaze,134021641314503870,377,549
gaze,134021641314584411,381,549
gaze,134021641314668429,384,551
gaze,134021641314745519,388,554
gaze,134021641314816131,382,551
gaze,134021641314899514,385,559
gaze,134021641315004898,371,550
gaze,134021641315085904,380,546
gaze,134021641315165133,374,551
gaze,134021641315232670,376,547
gaze,134021641315317651,380,549
gaze,134021641315453863,371,545
gaze,134021641315532384,381,542
gaze,134021641315589179,378,547
gaze,134021641315669247,378,539
gaze,134021641315756812,385,545
gaze,134021641315830459,384,546
gaze,134021641315921676,389,547
gaze,134021641316002357,424,543
gaze,134021641316086324,486,549
gaze,134021641316168003,454,542
gaze,134021641316247728,468,540
gaze,134021641316335006,476,545
gaze,134021641316417877,464,537
gaze,134021641316500529,469,553
gaze,134021641316585291,469,532
gaze,134021641316668816,463,535
gaze,134021641316747641,464,538
gaze,134021641316816700,467,550
gaze,134021641316898596,464,539
gaze,134021641317003422,454,537
gaze,134021641317084508,465,544
gaze,134021641317164585,469,543
gaze,134021641317232557,473,540
gaze,134021641317314805,468,538
gaze,134021641317398995,472,533
gaze,134021641317503364,471,541
gaze,134021641317583838,467,530
gaze,134021641317669620,468,536
gaze,134021641317750602,468,529
gaze,134021641317831274,467,534
gaze,134021641317918741,487,533
gaze,134021641318002851,512,534
gaze,134021641318087133,505,549
gaze,134021641318167119,504,538
gaze,134021641318252091,514,537
gaze,134021641318330014,501,542
gaze,134021641318421014,496,533
gaze,134021641318499837,508,537
gaze,134021641318585697,521,540
gaze,134021641318667980,514,547
gaze,134021641318748881,511,537
gaze,134021641318815034,509,538
gaze,134021641318899116,508,538
gaze,134021641318982998,505,532
gaze,134021641319085693,510,546
gaze,134021641319166472,503,534
gaze,134021641319247930,508,529
gaze,134021641319316137,499,542
gaze,134021641319399229,502,526
gaze,134021641319482060,513,546
gaze,134021641319586067,502,547
gaze,134021641319668747,501,547
gaze,134021641319753254,532,543
gaze,134021641319834228,528,530
gaze,134021641319914441,539,530
gaze,134021641320003369,545,539
gaze,134021641320084306,538,534
gaze,134021641320169111,529,535
gaze,134021641320251296,543,548
gaze,134021641320334897,537,551
gaze,134021641320415490,531,538
gaze,134021641320501422,536,543
gaze,134021641320583948,543,547
gaze,134021641320672372,536,528
gaze,134021641320753282,537,550
gaze,134021641320829884,537,535
gaze,134021641320899288,537,549
gaze,134021641320981843,543,553
gaze,134021641321066311,544,548
gaze,134021641321169323,538,561
gaze,134021641321250310,536,544
gaze,134021641321331847,532,540
gaze,134021641321399741,537,567
gaze,134021641321482000,540,564
gaze,134021641321586180,535,551
gaze,134021641321668309,531,528
gaze,134021641321753099,533,543
gaze,134021641321834289,527,538
gaze,134021641321920547,540,541
gaze,134021641321996024,533,547
gaze,134021641322086965,529,555
gaze,134021641322168042,530,543
gaze,134021641322253748,539,552
gaze,134021641322335388,534,554
gaze,134021641322415263,522,560
gaze,134021641322501803,428,560
gaze,134021641322583843,393,551
gaze,134021641322670554,389,544
gaze,134021641322750678,390,547
gaze,134021641322835030,389,548
gaze,134021641322910250,396,558
gaze,134021641322984291,389,551
gaze,134021641323065612,398,558
gaze,134021641323168398,390,546
gaze,134021641323251694,396,552
gaze,134021641323327853,398,543
gaze,134021641323401747,398,545
gaze,134021641323483077,400,561
gaze,134021641323586814,396,549
gaze,134021641323668082,403,564
gaze,134021641323752278,406,554
gaze,134021641323834976,388,544
gaze,134021641323918173,394,544
gaze,134021641323995137,411,559
gaze,134021641324084790,403,565
gaze,134021641324167682,398,549
gaze,134021641324251283,387,550
gaze,134021641324335490,400,556
gaze,134021641324413840,408,554
gaze,134021641324501347,399,554
gaze,134021641324585368,396,549
gaze,134021641324673251,399,557
gaze,134021641324751682,397,561
gaze,134021641324833921,394,544
gaze,134021641324911506,466,561
gaze,134021641324982966,507,550
gaze,134021641325071909,496,561
gaze,134021641325169309,502,558
gaze,134021641325250527,498,551
gaze,134021641325330577,508,570
gaze,134021641325399606,493,555
gaze,134021641325482380,507,560
gaze,134021641325565736,495,560
KeyDown,134021641325597315,8
gaze,134021641325671950,504,570
gaze,134021641325750781,495,558
gaze,134021641325836697,545,568
gaze,134021641325918009,637,562
gaze,134021641325998673,594,569
KeyUp,134021641326076479,8
gaze,134021641326086378,586,569
gaze,134021641326166891,588,551
gaze,134021641326253486,575,559
gaze,134021641326335152,511,560
gaze,134021641326419999,354,569
gaze,134021641326495819,344,560
gaze,134021641326588129,359,561
gaze,134021641326668436,348,545
gaze,134021641326754124,364,550
gaze,134021641326835036,365,558
KeyDown,134021641326876149,8
gaze,134021641326915144,425,554
gaze,134021641326983068,581,544
gaze,134021641327067375,566,550
gaze,134021641327169574,554,546
gaze,134021641327250958,553,548
gaze,134021641327336213,549,550
gaze,134021641327412072,550,553
gaze,134021641327485498,546,550
KeyUp,134021641327516211,8
gaze,134021641327566030,545,539
gaze,134021641327650441,549,547
gaze,134021641327753389,544,550
gaze,134021641327835724,543,554
gaze,134021641327919697,551,552
gaze,134021641327996020,549,554
gaze,134021641328087613,547,551
gaze,134021641328167848,549,552
gaze,134021641328253490,551,548
gaze,134021641328335020,550,563
gaze,134021641328419430,545,556
gaze,134021641328500923,546,552
gaze,134021641328581413,549,566
gaze,134021641328670556,545,557
gaze,134021641328755424,536,558
gaze,134021641328837652,536,564
gaze,134021641328913676,608,590
gaze,134021641328988957,763,683
gaze,134021641329067129,942,802
gaze,134021641329170425,1110,928
gaze,134021641329252171,1206,1078
KeyDown,134021641333195820,190
gaze,134021641333243826,322,931
gaze,134021641333408760,472,651
gaze,134021641333504628,478,550
gaze,134021641333580627,478,459
gaze,134021641333650737,485,442
gaze,134021641333734001,472,422
KeyUp,134021641333836039,190
gaze,134021641333836981,483,415
gaze,134021641333921633,480,435
gaze,134021641334003412,481,430
gaze,134021641334081618,482,445
gaze,134021641334169505,480,451
gaze,134021641334251701,476,454
gaze,134021641334335641,481,457
gaze,134021641334418934,494,469
gaze,134021641334501562,493,472
gaze,134021641334585667,481,464
gaze,134021641334663781,497,475
gaze,134021641334753000,482,472
gaze,134021641334834611,486,466
gaze,134021641334917328,489,478
gaze,134021641334996144,487,460
gaze,134021641335067053,485,479
gaze,134021641335149049,476,457
gaze,134021641335254733,490,466
gaze,134021641335337150,466,502
gaze,134021641335420217,479,554
gaze,134021641335502604,491,554
gaze,134021641335581103,490,569
gaze,134021641335650120,489,562
gaze,134021641335733280,488,561
gaze,134021641335836816,479,551
gaze,134021641335918668,476,555
gaze,134021641336008672,477,564
gaze,134021641336078781,481,549
gaze,134021641336170917,475,549
gaze,134021641336251072,476,546
gaze,134021641336344904,472,546
gaze,134021641336418144,482,548
gaze,134021641336504089,478,552
gaze,134021641336590199,489,559
gaze,134021641336665434,479,549
gaze,134021641336754160,483,561
gaze,134021641336835433,485,557
gaze,134021641336920921,482,559
gaze,134021641336995730,480,552
gaze,134021641337068251,475,551
gaze,134021641337149569,572,536
gaze,134021641337233565,823,462
gaze,134021641337336864,1020,315
gaze,134021641337418132,1202,197
gaze,134021641337504475,1343,132
gaze,134021641337580049,1436,118
gaze,134021641337652927,1424,127
gaze,134021641337738445,1416,139
gaze,134021641337816377,1400,127
gaze,134021641337919884,1394,128
gaze,134021641338002186,1398,113
gaze,134021641338087273,1389,125
gaze,134021641338162896,1386,124
gaze,134021641338254657,1388,129
gaze,134021641338334870,1379,127
gaze,134021641338420330,1381,125
gaze,134021641338500980,1389,129
gaze,134021641338586761,1390,119
gaze,134021641338668381,1383,139
gaze,134021641338748877,1384,131
gaze,134021641338836010,1382,132
gaze,134021641338919048,1384,117
gaze,134021641339005719,1386,143
gaze,134021641339090362,1384,112
gaze,134021641339149620,1270,117
gaze,134021641339235758,1177,88
gaze,134021641339316761,1184,98
gaze,134021641339419652,1171,87
gaze,134021641339500961,1178,92
gaze,134021641339585255,1193,74
gaze,134021641339663890,1189,71
gaze,134021641339733412,1188,88
gaze,134021641339816263,1191,93
gaze,134021641339920048,1194,97
gaze,134021641340001848,1193,95
gaze,134021641340087491,1182,82
gaze,134021641340167946,1193,78
gaze,134021641340249036,1194,82
gaze,134021641340337173,1192,81
gaze,134021641340421847,1192,80
gaze,134021641340503141,1189,83
gaze,134021641340585224,1191,88
gaze,134021641340668582,1189,89
gaze,134021641340747297,1185,78
gaze,134021641340836688,1186,62
gaze,134021641340918090,1190,88
gaze,134021641341004341,1186,81
gaze,134021641341084849,1186,99
gaze,134021641341165807,1189,94
gaze,134021641341233726,1190,72
gaze,134021641341316553,1186,86
gaze,134021641341420228,1160,74
gaze,134021641341500462,1109,75
gaze,134021641341586492,1124,90
gaze,134021641341663841,1103,87
MouseMove,134021641341676105,503,537
gaze,134021641341735405,1110,88
MouseMove,134021641341756533,507,542
gaze,134021641341817017,1110,68
MouseMove,134021641341839226,514,552
MouseMove,134021641341916618,520,563
gaze,134021641341920702,1111,96
MouseMove,134021641341995933,523,572
gaze,134021641342001229,1113,86
MouseMove,134021641342077832,528,581
gaze,134021641342087304,1118,69
MouseMove,134021641342156081,531,590
gaze,134021641342168595,1121,95
MouseMove,134021641342237298,534,597
gaze,134021641342249438,1111,94
MouseMove,134021641342316441,535,603
gaze,134021641342336653,1119,83
MouseMove,134021641342396035,536,612
gaze,134021641342417778,1118,70
MouseMove,134021641342475949,536,617
gaze,134021641342504285,1116,76
MouseMove,134021641342555563,545,624
gaze,134021641342584646,1110,99
MouseMove,134021641342636543,569,627
gaze,134021641342670454,1113,85
MouseMove,134021641342716818,621,627
gaze,134021641342745450,1119,87
MouseMove,134021641342796543,678,627
gaze,134021641342837140,1114,98
MouseMove,134021641342876333,724,627
gaze,134021641342917937,1123,75
MouseMove,134021641342955630,759,626
gaze,134021641343011074,1113,76
MouseMove,134021641343036575,793,623
gaze,134021641343085438,1109,87
MouseMove,134021641343116618,822,616
gaze,134021641343162979,1061,81
MouseMove,134021641343195703,857,609
gaze,134021641343232476,1064,95
MouseMove,134021641343275969,890,597
gaze,134021641343317277,1062,91
MouseMove,134021641343358343,935,578
gaze,134021641343419956,1067,103
MouseMove,134021641343438615,985,551
gaze,134021641343502204,1066,86
MouseMove,134021641343515285,1038,521
gaze,134021641343584383,1055,92
MouseMove,134021641343595683,1089,492
gaze,134021641343662891,1061,76
MouseMove,134021641343676068,1137,466
gaze,134021641343733173,1061,88
MouseMove,134021641343755619,1179,447
gaze,134021641343815475,1064,93
MouseMove,134021641343835270,1215,431
MouseMove,134021641343915730,1236,422
gaze,134021641343920407,1068,87
MouseMove,134021641343997714,1247,417
gaze,134021641344001404,1072,89
MouseMove,134021641344076501,1256,414
gaze,134021641344086590,1061,85
MouseMove,134021641344155670,1259,413
gaze,134021641344169644,1064,89
MouseMove,134021641344235309,1261,411
gaze,134021641344248299,1063,91
MouseMove,134021641344316830,1261,409
gaze,134021641344336136,1064,96
MouseMove,134021641344396794,1261,406
gaze,134021641344418778,1063,100
MouseMove,134021641344476989,1261,402
gaze,134021641344501672,1064,99
MouseMove,134021641344556474,1261,397
gaze,134021641344584737,1054,92
MouseMove,134021641344636251,1265,387
gaze,134021641344668476,1054,93
MouseMove,134021641344715707,1272,379
gaze,134021641344746752,1063,87
MouseMove,134021641344795592,1282,371
gaze,134021641344835286,1064,78
MouseMove,134021641344875640,1293,366
gaze,134021641344916966,1062,83
MouseMove,134021641344956047,1306,363
gaze,134021641345001839,1062,83
MouseMove,134021641345036439,1320,360
gaze,134021641345084899,1066,84
MouseMove,134021641345115846,1332,355
gaze,134021641345162184,1075,95
MouseMove,134021641345195786,1338,353
gaze,134021641345233276,1067,90
MouseMove,134021641345276236,1341,350
gaze,134021641345315943,1066,81
MouseMove,134021641345357509,1341,349
gaze,134021641345399801,1068,80
MouseMove,134021641345435935,1341,345
gaze,134021641345503273,1064,85
MouseMove,134021641345516417,1335,338
gaze,134021641345584764,1076,91
MouseMove,134021641345599244,1321,328
gaze,134021641345664830,1148,102
MouseMove,134021641345675915,1301,320
gaze,134021641345733938,1149,91
MouseMove,134021641345756428,1272,306
gaze,134021641345816674,1149,93
MouseMove,134021641345835952,1242,294
MouseMove,134021641345915908,1212,286
gaze,134021641345920147,1146,89
MouseMove,134021641345996252,1198,283
gaze,134021641346001054,1148,92
MouseMove,134021641346076468,1188,281
gaze,134021641346087053,1146,113
MouseMove,134021641346155288,1185,281
gaze,134021641346167844,1143,111
MouseMove,134021641346236358,1183,281
gaze,134021641346253817,1149,98
gaze,134021641346330843,1155,100
gaze,134021641346421222,1148,100
gaze,134021641346501801,1148,113
gaze,134021641346587817,1147,106
gaze,134021641346670061,1148,117
MouseMove,134021641346717076,1181,281
gaze,134021641346750213,1144,93
MouseMove,134021641346796666,1177,281
gaze,134021641346836899,1146,92
MouseMove,134021641346875295,1168,281
gaze,134021641346919400,1150,99
MouseMove,134021641346956446,1157,281
gaze,134021641347005818,1152,102
MouseMove,134021641347036504,1145,281
gaze,134021641347085956,1149,101
MouseMove,134021641347116152,1135,280
gaze,134021641347168627,1148,104
MouseMove,134021641347196949,1125,277
gaze,134021641347246609,1148,102
MouseMove,134021641347276098,1116,272
gaze,134021641347316641,1141,113
MouseMove,134021641347356197,1109,264
gaze,134021641347400361,1144,104
MouseMove,134021641347436211,1099,251
gaze,134021641347486315,1109,116
MouseMove,134021641347515502,1088,232
gaze,134021641347586960,1051,81
MouseMove,134021641347595997,1079,214
gaze,134021641347664105,1063,99
MouseMove,134021641347676164,1073,197
gaze,134021641347733600,1063,101
MouseMove,134021641347756320,1069,181
gaze,134021641347821403,1066,106
MouseMove,134021641347835746,1069,167
gaze,134021641347899972,1059,94
MouseMove,134021641347916136,1069,145
MouseMove,134021641347997186,1072,123
gaze,134021641348002797,1057,104
MouseMove,134021641348075896,1076,107
gaze,134021641348085435,1071,100
MouseMove,134021641348156082,1076,94
gaze,134021641348168669,1070,96
MouseMove,134021641348236195,1076,85
gaze,134021641348257087,1078,98
MouseMove,134021641348316460,1076,77
gaze,134021641348337037,1071,90
MouseMove,134021641348398398,1075,71
gaze,134021641348413791,1065,83
MouseMove,134021641348476939,1073,68
gaze,134021641348503266,1075,87
MouseMove,134021641348556083,1072,66
gaze,134021641348589226,1071,102
MouseMove,134021641348636542,1071,64
gaze,134021641348667781,1077,83
MouseMove,134021641348715902,1067,63
gaze,134021641348752017,1074,90
MouseMove,134021641348797459,1067,62
gaze,134021641348830799,1071,86
MouseMove,134021641348877344,1066,61
gaze,134021641348919478,1075,93
gaze,134021641349001914,1073,86
gaze,134021641349084999,1071,92
gaze,134021641349168195,1074,79
gaze,134021641349252117,1073,83
gaze,134021641349329939,1073,77
gaze,134021641349399806,1076,98
gaze,134021641349482433,1073,92
gaze,134021641349565959,1078,86
gaze,134021641349672008,1069,91
gaze,134021641349751018,1074,92
gaze,134021641349817557,1076,75
MouseMove,134021641349838940,1065,63
gaze,134021641349900109,1077,80
MouseMove,134021641349916383,1065,68
gaze,134021641349983494,1078,86
MouseMove,134021641349996859,1065,72
MouseMove,134021641350077059,1065,77
gaze,134021641350086023,1057,109
MouseMove,134021641350156133,1065,82
gaze,134021641350168100,930,146
MouseMove,134021641350235439,1064,87
gaze,134021641350251934,678,156
MouseMove,134021641350316535,1063,90
gaze,134021641350335826,448,171
MouseMove,134021641350395895,1063,91
gaze,134021641350421136,225,222
MouseMove,134021641350475579,1063,92
gaze,134021641350496376,85,293
gaze,134021641350587971,29,342
MouseMove,134021641350636229,1063,92
gaze,134021641350668252,51,365
gaze,134021641350754478,76,360
gaze,134021641350835017,77,360
MouseMove,134021641350876386,1063,94
gaze,134021641350915521,83,360
MouseMove,134021641350955977,1063,95
gaze,134021641351003528,87,362
MouseMove,134021641351036440,1063,98
gaze,134021641351086097,90,356
MouseMove,134021641351118040,1063,99
gaze,134021641351169181,86,361
MouseMove,134021641351196398,1063,101
gaze,134021641351252799,93,359
MouseMove,134021641351275682,1063,102
gaze,134021641351335588,88,359
MouseMove,134021641351356301,1063,104
gaze,134021641351413159,94,356
MouseMove,134021641351435295,1063,104
gaze,134021641351482759,89,360
MouseMove,134021641351515497,1063,105
gaze,134021641351566599,87,351
MouseMove,134021641351595507,1063,105
gaze,134021641351670366,90,357
MouseMove,134021641351676428,1063,107
MouseMove,134021641351758086,1063,108
gaze,134021641351758223,91,355
gaze,134021641351829511,93,362
MouseMove,134021641351835178,1056,113
gaze,134021641351907288,99,372
MouseMove,134021641351915791,1047,117
gaze,134021641351984136,90,356
MouseMove,134021641351996719,1029,125
MouseMove,134021641352077014,996,133
gaze,134021641352087053,102,367
MouseMove,134021641352156170,956,142
gaze,134021641352169430,96,363
MouseMove,134021641352236285,899,161
gaze,134021641352253564,93,359
MouseMove,134021641352316343,840,175
gaze,134021641352336358,102,354
MouseMove,134021641352396063,770,196
gaze,134021641352422781,89,351
MouseMove,134021641352476439,680,228
gaze,134021641352496965,94,364
MouseMove,134021641352556176,590,264
gaze,134021641352588479,94,357
MouseMove,134021641352636983,479,310
gaze,134021641352669093,101,364
MouseMove,134021641352716441,364,364
gaze,134021641352754815,94,373
MouseMove,134021641352795895,259,405
gaze,134021641352835502,97,376
MouseMove,134021641352875785,153,444
gaze,134021641352915293,99,372
MouseMove,134021641352955652,63,485
gaze,134021641353004564,98,370
MouseMove,134021641353036240,22,518
gaze,134021641353086294,100,366
MouseMove,134021641353116723,71,544
gaze,134021641353170026,97,370
MouseMove,134021641353196599,56,560
gaze,134021641353253285,97,375
MouseMove,134021641353276069,37,575
gaze,134021641353337044,100,373
MouseMove,134021641353356697,22,582
gaze,134021641353414298,97,375
MouseMove,134021641353436575,11,588
gaze,134021641353484104,96,369
MouseMove,134021641353516098,6,590
gaze,134021641353566879,95,372
MouseMove,134021641353595806,3,592
gaze,134021641353672893,100,382
MouseMove,134021641353676148,2,594
gaze,134021641353752692,103,372
MouseMove,134021641353756275,0,594
gaze,134021641353832108,92,370
MouseMove,134021641353836436,1,594
gaze,134021641353900592,53,433
MouseMove,134021641353915669,0,595
gaze,134021641353984074,55,511
gaze,134021641354088502,63,527
gaze,134021641354169354,69,550
gaze,134021641354255097,63,545
MouseMove,134021641354317040,0,595
gaze,134021641354336749,67,552
MouseMove,134021641354396816,0,596
gaze,134021641354421479,74,547
MouseMove,134021641354476930,3,597
gaze,134021641354496849,69,551
MouseMove,134021641354556782,11,597
gaze,134021641354589247,70,546
MouseMove,134021641354636130,20,599
gaze,134021641354669421,72,544
MouseMove,134021641354716507,29,599
gaze,134021641354754952,76,542
MouseMove,134021641354796796,42,599
gaze,134021641354835116,84,544
MouseMove,134021641354875321,57,599
gaze,134021641354915514,70,534
MouseMove,134021641354955098,77,599
gaze,134021641355009419,78,543
MouseMove,134021641355036268,104,599
gaze,134021641355085709,76,541
MouseMove,134021641355115508,126,599
gaze,134021641355170731,83,539
MouseMove,134021641355196235,146,598
gaze,134021641355252313,67,536
MouseMove,134021641355276235,163,592
gaze,134021641355338007,79,546
MouseMove,134021641355357296,173,590
gaze,134021641355413947,73,538
MouseMove,134021641355435884,181,586
gaze,134021641355485205,67,543
MouseMove,134021641355515304,186,586
gaze,134021641355567783,69,539
MouseMove,134021641355596518,188,586
gaze,134021641355671920,79,537
MouseMove,134021641355677166,188,586
gaze,134021641355753262,80,538
MouseMove,134021641355755811,189,585
gaze,134021641355831888,80,545
gaze,134021641355900529,78,544
gaze,134021641355983291,71,537
gaze,134021641356087462,76,546
gaze,134021641356168356,82,534
MouseMove,134021641356236321,190,584
gaze,134021641356254978,81,545
MouseMove,134021641356317625,192,579
gaze,134021641356337401,84,544
MouseMove,134021641356396474,192,578
gaze,134021641356421041,81,550
MouseMove,134021641356477442,192,576
gaze,134021641356496915,85,550
MouseMove,134021641356557833,192,575
gaze,134021641356588083,73,542
MouseMove,134021641356636080,192,574
gaze,134021641356670045,71,540
MouseMove,134021641356716327,192,572
gaze,134021641356754568,81,540
MouseMove,134021641356795492,192,572
gaze,134021641356835645,81,543
gaze,134021641356916705,86,545
MouseMove,134021641356955738,191,571
gaze,134021641357003480,76,542
MouseMove,134021641357036632,190,571
gaze,134021641357086246,82,543
gaze,134021641357168972,79,546
MouseMove,134021641357196370,190,570
gaze,134021641357254278,82,543
MouseMove,134021641357275529,190,569
gaze,134021641357336387,75,516
MouseMove,134021641357355862,191,563
gaze,134021641357414688,103,465
MouseMove,134021641357435687,199,554
gaze,134021641357483760,98,439
MouseMove,134021641357515847,222,540
gaze,134021641357567285,91,443
MouseMove,134021641357596055,256,524
gaze,134021641357650622,89,436
MouseMove,134021641357677733,315,493
MouseMove,134021641357755896,386,460
gaze,134021641357758758,99,433
gaze,134021641357829592,94,435
MouseMove,134021641357836610,468,422
gaze,134021641357902152,94,438
MouseMove,134021641357916773,571,386
gaze,134021641357984361,84,430
MouseMove,134021641357995480,687,351
MouseMove,134021641358078483,798,321
gaze,134021641358088691,93,442
MouseMove,134021641358156625,915,300
gaze,134021641358168740,96,446
MouseMove,134021641358241233,1032,287
gaze,134021641358254958,83,443
MouseMove,134021641358316249,1142,271
gaze,134021641358336045,89,440
MouseMove,134021641358395850,1227,253
gaze,134021641358421175,94,445
MouseMove,134021641358476830,1295,234
gaze,134021641358503359,162,432
MouseMove,134021641358556433,1338,219
gaze,134021641358582658,390,411
MouseMove,134021641358636596,1359,202
gaze,134021641358671521,579,298
MouseMove,134021641358716792,1366,192
gaze,134021641358753334,791,263
MouseMove,134021641358796802,1367,189
gaze,134021641358836104,950,189
MouseMove,134021641358875469,1368,184
gaze,134021641358913078,1064,136
MouseMove,134021641358958195,1368,180
gaze,134021641359003849,1127,110
MouseMove,134021641359036984,1368,177
gaze,134021641359086184,1161,118
MouseMove,134021641359116053,1368,175
gaze,134021641359169768,1146,119
MouseMove,134021641359196366,1369,175
gaze,134021641359252818,1128,119
MouseMove,134021641359275890,1370,173
gaze,134021641359336002,1123,109
MouseMove,134021641359356791,1371,171
gaze,134021641359419500,1130,82
MouseMove,134021641359437598,1371,170
gaze,134021641359496511,1113,83
MouseMove,134021641359515997,1372,168
gaze,134021641359567134,1124,104
MouseMove,134021641359596096,1373,166
gaze,134021641359650095,1122,105
MouseMove,134021641359676691,1373,164
gaze,134021641359733512,1111,96
MouseMove,134021641359756269,1373,163
gaze,134021641359832035,1107,100
MouseMove,134021641359840494,1373,160
gaze,134021641359900549,1113,111
MouseMove,134021641359917086,1373,158
gaze,134021641359984806,1115,93
MouseMove,134021641359996840,1373,156
gaze,134021641360067346,1117,99
MouseMove,134021641360075905,1373,156
MouseMove,134021641360157786,1373,153
gaze,134021641360169909,1113,89
MouseMove,134021641360235450,1373,149
gaze,134021641360251804,1112,105
MouseMove,134021641360316846,1373,144
gaze,134021641360335846,1110,112
MouseMove,134021641360395956,1376,138
gaze,134021641360419984,1119,117
MouseMove,134021641360476564,1379,132
gaze,134021641360504862,1108,123
MouseMove,134021641360556231,1379,127
gaze,134021641360584766,1113,105
MouseMove,134021641360640873,1379,122
gaze,134021641360666357,1114,104
MouseMove,134021641360716454,1379,118
gaze,134021641360753490,1113,112
MouseMove,134021641360796111,1377,114
gaze,134021641360834871,1111,107
MouseMove,134021641360875326,1370,112
gaze,134021641360918829,1115,107
MouseMove,134021641360957003,1359,112
gaze,134021641360996949,1119,106
MouseMove,134021641361035945,1348,112
gaze,134021641361087144,1113,98
MouseMove,134021641361117332,1332,112
gaze,134021641361168441,1121,99
MouseMove,134021641361195329,1315,112
gaze,134021641361252732,1106,111
MouseMove,134021641361275515,1292,115
gaze,134021641361336619,1067,96
MouseMove,134021641361356755,1269,117
gaze,134021641361419594,1064,85
MouseMove,134021641361435843,1247,117
gaze,134021641361501625,1063,93
MouseMove,134021641361515256,1228,117
gaze,134021641361580426,1067,101
MouseMove,134021641361596913,1216,117
gaze,134021641361650643,1067,96
MouseMove,134021641361676917,1208,117
gaze,134021641361734081,1065,92
MouseMove,134021641361755840,1203,117
gaze,134021641361817427,1065,106
MouseMove,134021641361837151,1200,117
MouseMove,134021641361915632,1199,117
gaze,134021641361920037,1074,105
gaze,134021641361982735,1074,99
MouseMove,134021641361997100,1197,117
gaze,134021641362067148,1063,103
MouseMove,134021641362076440,1196,117
MouseMove,134021641362157378,1195,117
gaze,134021641362170861,1068,93
MouseMove,134021641362236597,1193,117
gaze,134021641362253539,1071,101
MouseMove,134021641362315996,1189,117
gaze,134021641362336439,1069,91
MouseMove,134021641362396728,1185,117
gaze,134021641362419762,1066,81
MouseMove,134021641362476506,1179,117
gaze,134021641362502729,1070,75
MouseMove,134021641362556291,1171,117
gaze,134021641362585481,1066,92
MouseMove,134021641362635972,1165,117
gaze,134021641362669295,1067,96
MouseMove,134021641362717890,1158,117
gaze,134021641362747381,1065,97
MouseMove,134021641362795233,1155,117
gaze,134021641362836693,1068,99
MouseMove,134021641362876187,1154,117
gaze,134021641362919087,1064,92
MouseMove,134021641362956166,1152,117
gaze,134021641362997444,1056,98
MouseMove,134021641363035961,1152,116
gaze,134021641363087668,1063,91
gaze,134021641363170173,1064,95
MouseMove,134021641363196171,1151,116
gaze,134021641363253368,1060,97
MouseMove,134021641363275919,1148,116
gaze,134021641363336686,1064,91
MouseMove,134021641363356785,1145,116
gaze,134021641363419729,1070,88
MouseMove,134021641363435833,1141,116
gaze,134021641363502938,1067,81
MouseMove,134021641363515466,1136,116
gaze,134021641363585740,1061,99
MouseMove,134021641363595740,1129,116
gaze,134021641363664697,1068,88
MouseMove,134021641363675704,1124,115
gaze,134021641363733794,1063,88
MouseMove,134021641363755332,1121,115
gaze,134021641363816538,1058,75
MouseMove,134021641363835230,1116,112
MouseMove,134021641363915861,1114,111
gaze,134021641363920579,1060,93
gaze,134021641363983419,1061,85
MouseMove,134021641363996125,1111,110
gaze,134021641364066777,1062,96
MouseMove,134021641364076600,1110,110
MouseMove,134021641364155677,1109,110
gaze,134021641364171547,1066,90
MouseMove,134021641364236469,1108,110
gaze,134021641364252999,1064,103
MouseMove,134021641364316531,1107,110
gaze,134021641364341197,1061,95
MouseMove,134021641364406959,1106,110
gaze,134021641364418904,1060,116
MouseMove,134021641364476832,1105,110
gaze,134021641364504402,1065,96
MouseMove,134021641364556813,1103,108
gaze,134021641364585867,1064,98
MouseMove,134021641364636405,1101,108
gaze,134021641364672612,1069,88
MouseMove,134021641364717464,1100,107
gaze,134021641364746848,1061,98
MouseMove,134021641364795739,1098,106
gaze,134021641364838304,1058,83
MouseMove,134021641364875552,1097,105
gaze,134021641364918515,1062,95
MouseMove,134021641364955166,1095,104
gaze,134021641364999110,1058,94
gaze,134021641365087067,1062,84
MouseMove,134021641365115921,1094,104
gaze,134021641365171700,1057,72
gaze,134021641365254206,1060,80
MouseMove,134021641365275598,1094,103
gaze,134021641365335945,1056,87
MouseMove,134021641365356297,1093,102
gaze,134021641365421617,1062,103
MouseMove,134021641365437125,1092,101
gaze,134021641365502578,1062,95
MouseMove,134021641365515614,1091,101
gaze,134021641365587140,1061,88
MouseMove,134021641365596376,1089,99
gaze,134021641365664059,1054,92
MouseMove,134021641365676336,1087,98
gaze,134021641365734897,1059,101
MouseMove,134021641365756593,1086,97
gaze,134021641365817242,1062,85
MouseMove,134021641365840650,1084,96
MouseMove,134021641365915416,1082,95
gaze,134021641365920863,1065,91
gaze,134021641365982657,1060,96
MouseMove,134021641365996447,1081,95
gaze,134021641366066954,1067,84
MouseMove,134021641366075717,1080,95
MouseMove,134021641366156066,1079,95
gaze,134021641366170820,1067,87
MouseMove,134021641366235797,1079,95
gaze,134021641366251775,1058,90
gaze,134021641366338964,1068,93
gaze,134021641366419218,1065,83
gaze,134021641366504279,1063,102
gaze,134021641366591091,1068,93
gaze,134021641366670058,1066,94
gaze,134021641366747466,1069,91
gaze,134021641366836899,1064,86
gaze,134021641366920123,1061,94
gaze,134021641366997667,1069,114
gaze,134021641367087272,1066,104
LeftMouseDown,134021641367117444
gaze,134021641367169783,1062,97
gaze,134021641367253435,1061,93
gaze,134021641367336530,1056,91
gaze,134021641367419781,1059,90
gaze,134021641367502938,1064,106
gaze,134021641367586371,1063,97
gaze,134021641367664346,1066,99
gaze,134021641367735339,1056,84
gaze,134021641367817199,1061,85
LeftMouseUp,134021641367916969
gaze,134021641367920929,1066,79
gaze,134021641367983704,1069,76
gaze,134021641368067426,1068,92
gaze,134021641368171646,1070,96
gaze,134021641368252778,1067,81
gaze,134021641368338061,1062,91
gaze,134021641368420036,1066,90
gaze,134021641368504540,1065,101
gaze,134021641368586370,1064,103
gaze,134021641368670404,1065,110
gaze,134021641368747988,1064,114
gaze,134021641368837138,1062,106
gaze,134021641368920177,1064,110
gaze,134021641368996473,1067,109
gaze,134021641369086608,1072,95
gaze,134021641369168248,1071,99
gaze,134021641369252513,1061,88
gaze,134021641369336085,1069,93
gaze,134021641369419573,1066,97
gaze,134021641369504169,1065,95
gaze,134021641369587012,1062,99
gaze,134021641369665911,1060,80
gaze,134021641369736383,1067,99
gaze,134021641369818417,1067,104
gaze,134021641369922065,1065,87
gaze,134021641369983052,1064,99
gaze,134021641370067184,1060,85
gaze,134021641370172028,1070,88
gaze,134021641370252610,1069,92
gaze,134021641370338458,1064,78
gaze,134021641370419653,1067,92
gaze,134021641370506214,1070,105
gaze,134021641370585459,1069,86
gaze,134021641370672092,1066,82
gaze,134021641370747012,1012,106
gaze,134021641370843333,845,116
gaze,134021641370919590,626,106
gaze,134021641371000216,394,124
gaze,134021641371092448,172,150
gaze,134021641371172303,36,188
gaze,134021641371253904,71,216
gaze,134021641371336707,100,203
gaze,134021641371424928,102,216
gaze,134021641371503088,108,208
gaze,134021641371588155,110,187
gaze,134021641371664803,111,196
gaze,134021641371736496,114,200
gaze,134021641371818445,110,189
gaze,134021641371896925,110,188
gaze,134021641372004256,118,193
gaze,134021641372066848,113,195
gaze,134021641372150670,117,188
gaze,134021641372254567,116,192
gaze,134021641372345090,110,193
gaze,134021641372421891,113,192
gaze,134021641372502996,115,191
gaze,134021641372587933,113,192
gaze,134021641372669793,119,200
gaze,134021641372754754,113,190
gaze,134021641372829839,102,201
gaze,134021641372922378,105,203
gaze,134021641373002269,110,198
gaze,134021641373083994,112,202
gaze,134021641373171083,106,188
gaze,134021641373253933,114,190
gaze,134021641373336225,120,198
gaze,134021641373426651,123,210
gaze,134021641373503172,121,212
gaze,134021641373586796,119,207
gaze,134021641373672768,119,215
gaze,134021641373748600,119,213
gaze,134021641373818259,122,199
gaze,134021641373900925,119,204
gaze,134021641374005150,115,202
gaze,134021641374066725,112,212
gaze,134021641374150406,120,197
gaze,134021641374256064,121,213
MouseMove,134021641374316596,1076,95
gaze,134021641374336844,116,197
MouseMove,134021641374396458,1069,96
gaze,134021641374421629,124,216
MouseMove,134021641374476159,1051,108
gaze,134021641374503725,124,202
MouseMove,134021641374557951,1027,125
gaze,134021641374588775,119,172
MouseMove,134021641374637709,1000,140
gaze,134021641374670684,128,149
MouseMove,134021641374717670,965,164
gaze,134021641374755628,124,153
MouseMove,134021641374800310,919,194
gaze,134021641374830749,123,147
MouseMove,134021641374875671,868,229
gaze,134021641374923021,117,147
MouseMove,134021641374955885,804,265
gaze,134021641375008263,116,133
MouseMove,134021641375036022,729,307
gaze,134021641375083912,118,140
MouseMove,134021641375121395,657,348
gaze,134021641375172229,117,143
MouseMove,134021641375196187,585,381
gaze,134021641375254426,128,150
MouseMove,134021641375276594,527,406
gaze,134021641375337864,122,153
MouseMove,134021641375356470,473,422
gaze,134021641375421233,127,147
MouseMove,134021641375436835,430,433
gaze,134021641375503988,125,157
MouseMove,134021641375516560,398,440
gaze,134021641375587542,131,147
MouseMove,134021641375597360,375,443
gaze,134021641375670564,131,156
MouseMove,134021641375676503,351,447
gaze,134021641375748720,127,150
MouseMove,134021641375755953,324,447
gaze,134021641375817706,135,162
MouseMove,134021641375835514,291,447
gaze,134021641375901592,127,146
MouseMove,134021641375915619,251,447
MouseMove,134021641375996552,210,447
gaze,134021641376007502,132,168
gaze,134021641376067582,131,153
MouseMove,134021641376079254,175,447
gaze,134021641376151611,122,148
MouseMove,134021641376156561,142,447
MouseMove,134021641376236363,112,449
gaze,134021641376256294,132,150
MouseMove,134021641376316697,80,455
gaze,134021641376341182,127,150
MouseMove,134021641376395736,54,458
gaze,134021641376423479,121,158
MouseMove,134021641376475900,25,463
gaze,134021641376504771,122,146
MouseMove,134021641376557749,1,466
gaze,134021641376589833,119,154
MouseMove,134021641376636075,14,467
gaze,134021641376670908,136,161
MouseMove,134021641376716865,11,469
gaze,134021641376756315,123,151
MouseMove,134021641376797759,4,470
gaze,134021641376832112,121,148
MouseMove,134021641376875708,1,470
gaze,134021641376922828,135,148
gaze,134021641377004448,126,158
gaze,134021641377084447,133,161
gaze,134021641377170171,124,143
gaze,134021641377254597,122,153
gaze,134021641377337459,120,153
MouseMove,134021641377356837,1,470
gaze,134021641377420701,120,157
gaze,134021641377503751,130,151
gaze,134021641377587744,127,154
gaze,134021641377680490,121,155
gaze,134021641377754409,119,153
MouseWheel,134021641377756463,120
gaze,134021641377819101,125,158
gaze,134021641377902020,129,153
gaze,134021641378006126,128,155
gaze,134021641378068222,121,149
gaze,134021641378151723,123,156
MouseMove,134021641378236592,0,470
gaze,134021641378257515,128,155
MouseMove,134021641378316156,2,469
gaze,134021641378337476,127,156
MouseMove,134021641378395840,7,467
gaze,134021641378427183,121,149
MouseMove,134021641378475635,14,465
gaze,134021641378504083,129,160
MouseMove,134021641378556602,27,460
gaze,134021641378588743,132,165
MouseMove,134021641378636618,37,458
MouseWheel,134021641378642782,120
gaze,134021641378671313,129,155
MouseMove,134021641378728367,48,456
gaze,134021641378757073,127,150
MouseMove,134021641378795881,58,454
gaze,134021641378831693,121,144
MouseMove,134021641378875521,65,451
gaze,134021641378923651,128,156
MouseMove,134021641378955799,71,450
gaze,134021641379003992,128,152
MouseMove,134021641379037185,74,448
gaze,134021641379083716,121,158
MouseMove,134021641379116344,77,447
gaze,134021641379171119,135,171
MouseMove,134021641379196189,78,446
gaze,134021641379254547,105,214
MouseMove,134021641379276242,79,445
gaze,134021641379338087,120,216
MouseMove,134021641379355877,80,445
gaze,134021641379420641,118,220
MouseMove,134021641379436052,80,445
gaze,134021641379503781,100,214
gaze,134021641379588032,111,221
gaze,134021641379670847,120,224
gaze,134021641379748432,107,214
MouseWheel,134021641379756585,120
gaze,134021641379820204,111,213
gaze,134021641379902467,107,216
gaze,134021641380007827,107,215
gaze,134021641380067367,114,222
gaze,134021641380151125,107,211
gaze,134021641380257450,108,219
gaze,134021641380337946,111,201
gaze,134021641380423087,112,223
gaze,134021641380506953,115,223
gaze,134021641380588715,111,214
gaze,134021641380672937,114,226
gaze,134021641380754149,111,219
gaze,134021641380833368,113,213
gaze,134021641380921124,116,214
gaze,134021641381003809,114,218
gaze,134021641381083458,116,221
gaze,134021641381172717,118,214
gaze,134021641381254099,117,216
MouseMove,134021641381276083,81,443
gaze,134021641381339304,121,224
gaze,134021641381420650,119,218
gaze,134021641381504633,110,219
gaze,134021641381586711,116,218
MouseMove,134021641381684431,82,442
gaze,134021641381684405,119,222
gaze,134021641381748954,115,215
gaze,134021641381821043,118,218
gaze,134021641381902376,119,223
gaze,134021641381980961,98,234
gaze,134021641382091053,98,251
gaze,134021641382150945,107,247
gaze,134021641382234714,111,256
gaze,134021641382340322,109,248
gaze,134021641382419801,103,254
MouseMove,134021641382476483,83,442
gaze,134021641382505474,107,254
gaze,134021641382586448,105,249
gaze,134021641382672647,109,246
gaze,134021641382753394,105,246
MouseMove,134021641382795640,83,441
gaze,134021641382837993,108,250
gaze,134021641382913931,108,257
gaze,134021641383006732,111,253
gaze,134021641383087099,111,258
gaze,134021641383167174,107,254
gaze,134021641383255221,114,255
gaze,134021641383337365,105,258
gaze,134021641383423245,105,254
gaze,134021641383503616,102,256
gaze,134021641383587964,108,250
gaze,134021641383670090,112,256
gaze,134021641383755467,108,224
gaze,134021641383831832,113,198
gaze,134021641383901634,118,207
gaze,134021641383985523,117,206
gaze,134021641384090292,114,201
gaze,134021641384151392,109,204
gaze,134021641384235209,108,200
gaze,134021641384341926,110,198
gaze,134021641384420402,109,201
gaze,134021641384509220,114,209
gaze,134021641384586874,114,201
gaze,134021641384672181,108,201
gaze,134021641384753687,114,190
gaze,134021641384839107,111,188
gaze,134021641384913931,109,199
gaze,134021641385006646,106,195
gaze,134021641385087003,113,202
MouseWheel,134021641385117292,120
gaze,134021641385166960,112,197
gaze,134021641385258163,117,198
gaze,134021641385338806,118,198
gaze,134021641385422310,125,202
gaze,134021641385503723,116,196
gaze,134021641385588658,117,191
gaze,134021641385675748,121,196
gaze,134021641385755957,106,196
gaze,134021641385830766,108,194
gaze,134021641385902949,99,188
gaze,134021641385994130,111,200
gaze,134021641386091293,110,186
gaze,134021641386150805,115,197
gaze,134021641386234953,108,193
gaze,134021641386340118,108,193
gaze,134021641386420597,110,188
gaze,134021641386506112,110,195
gaze,134021641386587135,109,191
gaze,134021641386672635,106,186
gaze,134021641386754034,110,191
gaze,134021641386839313,104,190
gaze,134021641386919969,113,184
gaze,134021641387007308,105,191
gaze,134021641387087510,105,183
gaze,134021641387167266,112,200
gaze,134021641387255901,108,197
gaze,134021641387337075,109,192
gaze,134021641387423670,109,186
gaze,134021641387504184,103,184
gaze,134021641387589241,109,186
gaze,134021641387672258,108,197
gaze,134021641387754355,96,224
gaze,134021641387832153,111,236
gaze,134021641387902842,106,226
gaze,134021641387986260,104,227
gaze,134021641388063979,111,241
gaze,134021641388174299,105,229
gaze,134021641388233349,109,236
gaze,134021641388319731,109,228
gaze,134021641388426245,105,226
gaze,134021641388506723,105,230
gaze,134021641388589106,106,235
gaze,134021641388671318,105,236
gaze,134021641388756234,109,234
gaze,134021641388837273,107,237
gaze,134021641388922383,96,232
gaze,134021641388999291,98,232
gaze,134021641389087950,94,227
gaze,134021641389170316,102,229
gaze,134021641389248654,95,228
gaze,134021641389339302,103,236
gaze,134021641389420569,95,228
gaze,134021641389505653,94,235
gaze,134021641389587788,99,229
gaze,134021641389679630,99,226
gaze,134021641389754371,95,219
gaze,134021641389839437,89,235
gaze,134021641389915520,101,224
gaze,134021641389986970,95,223
gaze,134021641390068694,98,222
gaze,134021641390147082,96,230
gaze,134021641390256588,98,232
gaze,134021641390317044,97,223
gaze,134021641390401379,102,226
gaze,134021641390508658,101,228
gaze,134021641390586695,96,225
gaze,134021641390672300,96,236
gaze,134021641390758795,96,232
gaze,134021641390840000,99,236
gaze,134021641390920657,103,238
gaze,134021641391006298,98,238
gaze,134021641391083156,100,237
gaze,134021641391173546,94,231
gaze,134021641391254254,100,225
gaze,134021641391334729,92,230
gaze,134021641391421274,105,229
gaze,134021641391503117,95,228
gaze,134021641391588359,110,237
gaze,134021641391670483,104,239
gaze,134021641391756067,110,242
MouseMove,134021641391757746,83,440
MouseMove,134021641391836026,87,440
gaze,134021641391836352,100,240
MouseMove,134021641391917182,95,440
gaze,134021641391922080,107,238
MouseMove,134021641391997571,104,440
gaze,134021641391998284,99,231
gaze,134021641392070385,103,226
MouseMove,134021641392077146,117,440
gaze,134021641392152111,106,243
MouseMove,134021641392156828,134,442
gaze,134021641392230696,95,239
MouseMove,134021641392235749,169,447
MouseMove,134021641392316496,222,461
gaze,134021641392342018,97,235
MouseMove,134021641392396466,287,480
gaze,134021641392400098,99,236
MouseMove,134021641392475879,366,504
gaze,134021641392484419,100,240
MouseMove,134021641392555782,451,522
gaze,134021641392590223,104,237
MouseMove,134021641392636450,524,545
gaze,134021641392670663,112,215
MouseMove,134021641392716630,589,560
gaze,134021641392756144,113,206
MouseMove,134021641392795976,636,567
gaze,134021641392837833,110,214
MouseMove,134021641392875412,673,573
gaze,134021641392922596,107,204
MouseMove,134021641392956222,694,575
gaze,134021641393004499,104,202
MouseMove,134021641393036106,707,577
gaze,134021641393089662,103,216
MouseMove,134021641393116527,717,580
gaze,134021641393166157,106,209
MouseMove,134021641393195516,721,582
gaze,134021641393257835,99,201
MouseMove,134021641393276123,722,582
gaze,134021641393337921,102,215
gaze,134021641393417629,99,207
gaze,134021641393507761,105,209
gaze,134021641393586783,106,204
gaze,134021641393674917,107,211
gaze,134021641393754752,107,207
gaze,134021641393839334,98,213
gaze,134021641393920873,99,215
gaze,134021641394005717,102,207
MouseMove,134021641394075805,722,582
gaze,134021641394082013,111,208
gaze,134021641394154430,106,197
gaze,134021641394236537,97,185
gaze,134021641394313927,98,183
gaze,134021641394423441,99,187
gaze,134021641394483564,95,182
gaze,134021641394568144,98,179
gaze,134021641394673861,97,180
gaze,134021641394755840,99,185
MouseMove,134021641394795596,723,582
gaze,134021641394838998,100,185
gaze,134021641394920484,96,184
MouseMove,134021641394955339,722,584
gaze,134021641395007108,105,182
MouseMove,134021641395035959,719,585
gaze,134021641395087800,102,192
MouseMove,134021641395117133,715,587
gaze,134021641395172066,101,187
MouseMove,134021641395195264,710,588
gaze,134021641395248709,104,194
MouseMove,134021641395275977,705,589
gaze,134021641395340329,100,194
MouseMove,134021641395357438,701,592
gaze,134021641395420980,90,183
MouseMove,134021641395436026,694,594
gaze,134021641395500849,96,192
MouseMove,134021641395515998,689,597
gaze,134021641395588399,98,194
MouseMove,134021641395596217,683,599
gaze,134021641395671315,94,182
MouseMove,134021641395676447,681,600
MouseMove,134021641395755964,679,601
gaze,134021641395755507,90,188
MouseMove,134021641395836201,677,602
gaze,134021641395837038,86,181
MouseMove,134021641395915897,675,602
gaze,134021641395920926,86,181
MouseMove,134021641395996864,675,602
gaze,134021641396010297,93,194
MouseMove,134021641396077453,673,603
gaze,134021641396083530,102,183
MouseMove,134021641396156176,673,604
gaze,134021641396166944,92,188
gaze,134021641396236221,90,186
MouseMove,134021641396237545,672,604
MouseMove,134021641396317152,671,605
gaze,134021641396319761,97,179
MouseMove,134021641396397774,668,606
gaze,134021641396423998,91,185
MouseMove,134021641396477399,665,609
gaze,134021641396484627,98,184
MouseMove,134021641396556570,662,611
gaze,134021641396569247,89,191
MouseMove,134021641396636923,660,613
gaze,134021641396674804,98,192
MouseMove,134021641396716449,658,614
gaze,134021641396754305,93,198
MouseMove,134021641396796811,656,616
gaze,134021641396839480,100,192
MouseMove,134021641396875547,655,617
gaze,134021641396921461,94,199
gaze,134021641397005923,96,189
MouseMove,134021641397036352,653,617
gaze,134021641397087671,95,192
gaze,134021641397172511,94,189
gaze,134021641397250187,102,185
MouseMove,134021641397277127,653,617
gaze,134021641397339859,95,180
gaze,134021641397421746,113,196
MouseMove,134021641397436934,652,618
gaze,134021641397502600,110,191
MouseMove,134021641397518413,652,618
gaze,134021641397589745,115,189
gaze,134021641397676484,94,183
MouseMove,134021641397679363,651,619
gaze,134021641397755554,115,180
MouseMove,134021641397757009,650,620
MouseMove,134021641397836286,650,621
gaze,134021641397838203,127,182
MouseMove,134021641397915374,649,621
gaze,134021641397921708,129,176
MouseMove,134021641397997488,649,622
gaze,134021641398005201,128,186
MouseMove,134021641398076888,648,623
gaze,134021641398087634,136,182
gaze,134021641398165632,130,187
MouseMove,134021641398236769,646,624
gaze,134021641398236019,123,181
MouseMove,134021641398319481,646,625
gaze,134021641398320046,121,178
MouseMove,134021641398396330,644,627
gaze,134021641398398594,124,179
MouseMove,134021641398479784,643,627
gaze,134021641398507204,132,186
gaze,134021641398568153,122,184
MouseMove,134021641398638037,642,628
gaze,134021641398653412,135,180
MouseMove,134021641398717440,642,629
gaze,134021641398761173,123,179
MouseMove,134021641398796919,642,630
gaze,134021641398837970,122,171
MouseMove,134021641398875481,641,630
gaze,134021641398923549,120,173
MouseMove,134021641398957373,641,631
gaze,134021641399008051,124,173
MouseMove,134021641399035980,640,632
gaze,134021641399089959,128,184
MouseMove,134021641399117329,640,632
gaze,134021641399170509,127,188
MouseMove,134021641399196049,639,633
gaze,134021641399256994,132,192
MouseMove,134021641399275943,638,634
gaze,134021641399331509,119,173
MouseMove,134021641399356848,638,635
gaze,134021641399423727,124,181
MouseMove,134021641399437190,637,635
gaze,134021641399503652,126,191
MouseMove,134021641399515597,637,636
gaze,134021641399583940,125,187
MouseMove,134021641399596955,637,637
gaze,134021641399672318,111,173
MouseMove,134021641399676432,636,637
gaze,134021641399755399,118,174
MouseMove,134021641399836181,635,638
gaze,134021641399837404,131,183
MouseMove,134021641399916578,635,639
gaze,134021641399921040,123,166
gaze,134021641400003716,121,174
MouseMove,134021641400075631,635,639
gaze,134021641400087337,128,174
MouseMove,134021641400155257,634,640
gaze,134021641400176109,120,186
gaze,134021641400249884,121,178
MouseMove,134021641400317732,634,640
gaze,134021641400319589,128,188
MouseMove,134021641400397094,633,641
gaze,134021641400404123,127,177
MouseMove,134021641400476493,633,642
gaze,134021641400482933,126,180
MouseMove,134021641400555895,632,643
gaze,134021641400590383,125,180
gaze,134021641400651052,125,187
gaze,134021641400736267,130,191
MouseMove,134021641400797219,631,643
gaze,134021641400840249,119,174
MouseMove,134021641400877338,631,643
gaze,134021641400921232,126,188
MouseMove,134021641400956601,630,643
gaze,134021641401006841,125,189
MouseMove,134021641401035790,629,643
gaze,134021641401087646,130,184
MouseMove,134021641401115958,628,643
gaze,134021641401173277,126,194
MouseMove,134021641401195893,626,644
gaze,134021641401259141,118,190
MouseMove,134021641401276960,625,644
gaze,134021641401339987,128,188
MouseMove,134021641401355998,624,644
gaze,134021641401415937,121,183
MouseMove,134021641401435856,623,645
gaze,134021641401510888,123,181
gaze,134021641401587409,126,185
gaze,134021641401676398,118,178
gaze,134021641401756300,118,182
MouseMove,134021641401836933,622,645
gaze,134021641401838083,128,187
MouseMove,134021641401917485,621,645
gaze,134021641401923334,123,189
MouseMove,134021641402001010,619,645
gaze,134021641402005428,114,181
MouseMove,134021641402075811,616,645
gaze,134021641402090336,123,185
MouseMove,134021641402156386,614,645
gaze,134021641402170873,129,178
MouseMove,134021641402236288,607,641
gaze,134021641402256090,127,186
MouseMove,134021641402316461,590,632
gaze,134021641402332177,116,181
MouseMove,134021641402396598,558,614
gaze,134021641402404170,124,189
MouseMove,134021641402476272,518,589
gaze,134021641402484592,115,178
MouseMove,134021641402556739,470,566
gaze,134021641402564034,96,206
MouseMove,134021641402635859,422,538
gaze,134021641402672380,96,210
MouseMove,134021641402717771,370,515
gaze,134021641402733974,103,195
MouseMove,134021641402796239,317,491
gaze,134021641402818642,107,202
MouseMove,134021641402875542,267,469
gaze,134021641402922042,101,199
MouseMove,134021641402956682,218,449
gaze,134021641403005279,105,205
MouseMove,134021641403036628,181,433
gaze,134021641403092078,107,203
MouseMove,134021641403116936,158,422
gaze,134021641403172627,106,199
MouseMove,134021641403196143,144,413
gaze,134021641403257093,94,207
MouseMove,134021641403275631,131,405
gaze,134021641403337520,102,204
MouseMove,134021641403355547,122,399
gaze,134021641403422785,115,206
MouseMove,134021641403436856,116,395
gaze,134021641403498000,102,194
MouseMove,134021641403516401,113,393
gaze,134021641403590221,103,214
MouseMove,134021641403596855,111,391
gaze,134021641403671281,106,214
MouseMove,134021641403675658,111,391
gaze,134021641403756589,113,214
gaze,134021641403838607,106,198
gaze,134021641403921321,106,193
gaze,134021641404004747,106,206
gaze,134021641404088244,111,201
gaze,134021641404171551,111,207
gaze,134021641404255713,105,202
gaze,134021641404344553,110,211
MouseWheel,134021641404398333,120
gaze,134021641404417964,113,204
gaze,134021641404486107,110,215
gaze,134021641404569386,113,204
gaze,134021641404674118,109,204
gaze,134021641404735025,119,211
gaze,134021641404818852,110,208
gaze,134021641404923129,106,208
gaze,134021641405005078,113,213
gaze,134021641405089749,111,202
MouseWheel,134021641405117047,120
gaze,134021641405171277,109,208
gaze,134021641405257279,105,209
gaze,134021641405338432,108,206
gaze,134021641405423847,110,207
gaze,134021641405498991,106,200
MouseMove,134021641405516781,110,391
gaze,134021641405590437,111,209
gaze,134021641405672842,103,205
gaze,134021641405752065,107,204
gaze,134021641405839361,104,199
gaze,134021641405921623,116,216
gaze,134021641406004767,108,210
gaze,134021641406089222,109,214
gaze,134021641406171190,113,209
gaze,134021641406256251,110,202
gaze,134021641406338331,110,206
gaze,134021641406421626,107,203
gaze,134021641406486816,114,212
gaze,134021641406569001,109,216
gaze,134021641406674742,111,207
gaze,134021641406734515,113,208
gaze,134021641406818686,109,208
gaze,134021641406923621,76,227
gaze,134021641407009607,88,258
gaze,134021641407089723,95,254
gaze,134021641407171263,79,246
gaze,134021641407257538,89,255
gaze,134021641407339459,89,247
gaze,134021641407423922,89,254
gaze,134021641407499367,89,259
gaze,134021641407591294,80,243
gaze,134021641407671032,88,241
gaze,134021641407751547,92,251
gaze,134021641407838808,91,253
gaze,134021641407921003,88,254
gaze,134021641408006168,88,252
gaze,134021641408090224,87,252
gaze,134021641408172578,83,257
gaze,134021641408255450,96,255
gaze,134021641408340245,86,258
MouseMove,134021641408397215,110,391
gaze,134021641408419509,93,255
gaze,134021641408487769,88,251
MouseMove,134021641408556507,110,391
gaze,134021641408573635,78,254
MouseMove,134021641408636999,110,392
gaze,134021641408674422,88,257
MouseMove,134021641408716569,112,393
gaze,134021641408744240,93,263
MouseMove,134021641408796388,113,394
gaze,134021641408819021,80,258
MouseMove,134021641408875597,116,396
gaze,134021641408923639,84,262
MouseMove,134021641408956137,119,398
gaze,134021641409005370,98,266
MouseMove,134021641409036129,121,398
gaze,134021641409089539,91,263
MouseMove,134021641409115621,122,399
gaze,134021641409171530,90,265
MouseMove,134021641409195873,124,400
gaze,134021641409256750,90,259
gaze,134021641409338483,84,280
MouseMove,134021641409357412,125,400
gaze,134021641409423117,97,295
MouseMove,134021641409435784,126,400
gaze,134021641409498559,99,294
gaze,134021641409591056,102,294
gaze,134021641409671643,92,292
gaze,134021641409752087,103,302
gaze,134021641409839505,94,291
gaze,134021641409921707,88,293
gaze,134021641410004443,101,288
gaze,134021641410087972,94,290
gaze,134021641410171351,94,291
gaze,134021641410254639,88,295
gaze,134021641410338539,91,287
gaze,134021641410421179,91,293
MouseMove,134021641410477156,126,401
gaze,134021641410488223,89,287
MouseMove,134021641410555638,128,402
gaze,134021641410573950,89,293
MouseMove,134021641410636028,128,403
gaze,134021641410648502,93,290
MouseMove,134021641410716911,130,404
gaze,134021641410758402,96,297
MouseMove,134021641410797305,134,406
gaze,134021641410818469,102,292
MouseMove,134021641410875437,140,408
gaze,134021641410923865,94,288
MouseMove,134021641410956686,150,411
gaze,134021641411004652,89,290
MouseMove,134021641411036527,167,416
gaze,134021641411092328,100,304
MouseMove,134021641411115671,200,426
gaze,134021641411170763,88,292
MouseMove,134021641411201451,238,437
gaze,134021641411257520,90,291
MouseMove,134021641411277234,292,453
gaze,134021641411337643,87,284
MouseMove,134021641411355511,346,467
gaze,134021641411423146,84,286
MouseMove,134021641411435896,403,483
gaze,134021641411504116,90,282
MouseMove,134021641411515866,460,502
gaze,134021641411584452,92,296
MouseMove,134021641411596891,519,516
gaze,134021641411672792,99,293
MouseMove,134021641411677332,571,532
gaze,134021641411749227,94,291
MouseMove,134021641411755908,617,545
MouseMove,134021641411836769,661,565
gaze,134021641411841456,97,295
MouseMove,134021641411916820,698,581
gaze,134021641411921949,95,289
MouseMove,134021641411996220,726,594
gaze,134021641412006889,103,295
MouseMove,134021641412076905,749,605
gaze,134021641412089220,98,303
MouseMove,134021641412155401,762,611
gaze,134021641412171178,93,301
MouseMove,134021641412235875,769,616
gaze,134021641412255353,90,302
MouseMove,134021641412317044,770,618
gaze,134021641412338337,146,303
MouseMove,134021641412395619,774,620
gaze,134021641412422064,290,348
gaze,134021641412499805,469,408
gaze,134021641412569605,583,472
MouseMove,134021641412636054,774,621
gaze,134021641412649730,627,561
MouseMove,134021641412716059,772,621
gaze,134021641412719204,596,611
MouseMove,134021641412797359,766,624
gaze,134021641412840664,580,621
MouseMove,134021641412875529,759,625
gaze,134021641412904391,568,619
MouseMove,134021641412956056,749,626
gaze,134021641413007929,572,623
MouseMove,134021641413036309,740,628
gaze,134021641413088398,577,622
MouseMove,134021641413116042,729,628
gaze,134021641413174010,568,614
MouseMove,134021641413196742,720,628
gaze,134021641413255473,561,619
MouseMove,134021641413276643,710,628
gaze,134021641413340325,570,612
MouseMove,134021641413355354,699,628
gaze,134021641413421694,559,612
MouseMove,134021641413436621,688,628
gaze,134021641413506197,570,616
MouseMove,134021641413520499,676,628
gaze,134021641413588166,564,606
MouseMove,134021641413597550,665,628
gaze,134021641413670870,574,615
MouseMove,134021641413676512,659,628
MouseMove,134021641413756191,652,628
gaze,134021641413755592,571,611
MouseMove,134021641413836778,646,628
gaze,134021641413837005,575,609
MouseMove,134021641413915620,644,628
gaze,134021641413922972,568,606
MouseMove,134021641414002240,638,628
gaze,134021641414003790,559,609
MouseMove,134021641414076809,633,628
gaze,134021641414091064,561,606
MouseMove,134021641414156782,628,628
gaze,134021641414175647,560,601
MouseMove,134021641414237515,624,627
gaze,134021641414256815,565,607
MouseMove,134021641414322897,621,625
gaze,134021641414338628,557,604
MouseMove,134021641414396938,618,624
gaze,134021641414422946,558,609
MouseMove,134021641414480870,614,624
gaze,134021641414503836,568,613
MouseMove,134021641414556470,611,624
gaze,134021641414583955,566,613
MouseMove,134021641414636077,607,624
gaze,134021641414653687,565,615
MouseMove,134021641414718351,601,624
gaze,134021641414731005,570,620
MouseMove,134021641414795404,594,624
gaze,134021641414800402,566,613
MouseMove,134021641414876384,585,624
gaze,134021641414923309,561,611
MouseMove,134021641414955955,575,624
gaze,134021641414985908,521,609
MouseMove,134021641415036126,567,624
gaze,134021641415093104,443,592
MouseMove,134021641415116526,559,624
gaze,134021641415171816,424,586
MouseMove,134021641415196303,552,620
gaze,134021641415255229,416,594
MouseMove,134021641415275814,545,620
gaze,134021641415338362,430,590
MouseMove,134021641415356706,541,620
gaze,134021641415421696,428,593
MouseMove,134021641415436612,535,619
gaze,134021641415504213,425,595
MouseMove,134021641415515338,531,618
gaze,134021641415587302,431,593
MouseMove,134021641415595853,527,616
gaze,134021641415671377,424,598
MouseMove,134021641415675510,520,614
gaze,134021641415749197,433,592
MouseMove,134021641415755797,517,614
MouseMove,134021641415836987,512,614
gaze,134021641415838888,427,592
gaze,134021641415915020,427,585
MouseMove,134021641415916929,509,613
MouseMove,134021641415996719,506,613
gaze,134021641416010447,435,594
MouseMove,134021641416076544,506,613
gaze,134021641416088217,435,595
MouseMove,134021641416155671,505,612
gaze,134021641416172910,433,600
MouseMove,134021641416236079,503,612
gaze,134021641416254674,431,598
MouseMove,134021641416316870,502,611
gaze,134021641416351554,425,584
MouseMove,134021641416399274,499,610
gaze,134021641416421253,432,593
MouseMove,134021641416477226,496,609
gaze,134021641416505360,439,591
MouseMove,134021641416557501,493,607
gaze,134021641416588117,436,590
MouseMove,134021641416637098,486,606
gaze,134021641416667496,435,592
MouseMove,134021641416716994,483,604
gaze,134021641416735917,437,593
MouseMove,134021641416796336,480,603
gaze,134021641416814005,394,589
MouseMove,134021641416875496,478,602
gaze,134021641416884341,396,593
MouseMove,134021641416955896,476,602
gaze,134021641417006090,406,596
MouseMove,134021641417035811,474,600
gaze,134021641417067431,395,595
MouseMove,134021641417116361,473,600
gaze,134021641417172137,403,603
MouseMove,134021641417195353,473,599
gaze,134021641417254865,403,599
MouseMove,134021641417275854,471,598
gaze,134021641417339564,393,589
MouseMove,134021641417356505,469,597
gaze,134021641417430751,406,595
MouseMove,134021641417436975,467,596
gaze,134021641417506917,406,598
MouseMove,134021641417516057,462,595
gaze,134021641417587472,412,601
MouseMove,134021641417596979,459,595
gaze,134021641417673382,405,598
MouseMove,134021641417676982,458,595
MouseMove,134021641417758696,456,595
gaze,134021641417759709,394,584
gaze,134021641417834864,401,586
MouseMove,134021641417835967,455,595
MouseMove,134021641417917271,453,593
gaze,134021641417921680,397,598
MouseMove,134021641417995967,453,593
gaze,134021641417998866,402,593
MouseMove,134021641418076267,452,593
gaze,134021641418090384,395,598
MouseMove,134021641418155447,451,593
gaze,134021641418170422,406,595
MouseMove,134021641418235767,450,593
gaze,134021641418256746,408,601
MouseMove,134021641418316504,448,593
gaze,134021641418339201,407,606
MouseMove,134021641418396703,447,592
gaze,134021641418422486,397,597
MouseMove,134021641418475833,446,592
gaze,134021641418504680,404,601
MouseMove,134021641418557653,443,591
gaze,134021641418589779,399,596
MouseMove,134021641418637146,442,591
gaze,134021641418672014,400,595
MouseMove,134021641418717630,442,591
gaze,134021641418749812,390,597
MouseMove,134021641418795674,440,591
gaze,134021641418819785,399,604
MouseMove,134021641418876465,439,591
gaze,134021641418897648,394,599
MouseMove,134021641418955846,438,591
gaze,134021641419007789,406,600
MouseMove,134021641419037057,437,591
gaze,134021641419067323,401,603
MouseMove,134021641419118004,436,591
gaze,134021641419151748,396,585
MouseMove,134021641419195449,435,591
gaze,134021641419256083,399,600
MouseMove,134021641419275386,434,591
gaze,134021641419338342,402,609
MouseMove,134021641419356530,433,591
gaze,134021641419423348,390,596
MouseMove,134021641419436371,432,591
gaze,134021641419504622,391,590
MouseMove,134021641419516346,430,591
gaze,134021641419587738,400,596
MouseMove,134021641419677286,429,590
gaze,134021641419677635,406,605
gaze,134021641419755653,400,608
MouseMove,134021641419757201,428,590
gaze,134021641419832606,405,599
MouseMove,134021641419835605,427,590
MouseMove,134021641419916369,427,590
gaze,134021641419921820,401,603
MouseMove,134021641419999188,426,590
gaze,134021641420003830,396,597
MouseMove,134021641420076000,425,590
gaze,134021641420084237,402,595
MouseMove,134021641420155769,423,589
gaze,134021641420171706,394,588
gaze,134021641420255531,403,607
MouseMove,134021641420318114,421,589
gaze,134021641420337514,402,594
MouseMove,134021641420399656,420,589
gaze,134021641420423379,400,604
MouseMove,134021641420476288,418,588
gaze,134021641420507290,389,587
MouseMove,134021641420556482,417,588
gaze,134021641420589407,394,597
MouseMove,134021641420637650,416,588
gaze,134021641420673664,393,584
MouseMove,134021641420716550,413,588
gaze,134021641420748880,396,594
MouseMove,134021641420797808,413,588
gaze,134021641420820868,392,586
MouseMove,134021641420876979,411,588
gaze,134021641420902064,395,594
MouseMove,134021641420957055,410,588
gaze,134021641421010399,407,605
MouseMove,134021641421036104,408,588
gaze,134021641421072241,379,594
MouseMove,134021641421118238,407,588
gaze,134021641421152528,367,596
MouseMove,134021641421195685,405,588
gaze,134021641421257074,377,595
MouseMove,134021641421276154,404,588
gaze,134021641421337454,372,591
MouseMove,134021641421355684,404,588
gaze,134021641421422958,371,593
MouseMove,134021641421435475,402,586
gaze,134021641421504420,379,593
MouseMove,134021641421516677,401,586
gaze,134021641421589337,385,596
MouseMove,134021641421596699,400,586
gaze,134021641421671501,381,600
MouseMove,134021641421675971,398,586
MouseMove,134021641421756158,398,586
gaze,134021641421758064,383,605
gaze,134021641421832157,380,614
MouseMove,134021641421836354,397,586
MouseMove,134021641421916620,397,586
gaze,134021641421924098,369,597
MouseMove,134021641421997639,396,585
gaze,134021641422004558,374,590
gaze,134021641422086269,374,599
gaze,134021641422171701,384,596
gaze,134021641422257064,379,598
gaze,134021641422340089,381,598
gaze,134021641422423455,376,595
gaze,134021641422503975,380,595
gaze,134021641422588883,376,600
gaze,134021641422671492,374,598
LeftMouseDown,134021641422718267
gaze,134021641422749355,389,591
gaze,134021641422819733,385,590
gaze,134021641422902380,378,584
gaze,134021641423006727,385,586
gaze,134021641423068283,385,588
gaze,134021641423165660,383,581
gaze,134021641423256425,387,596
gaze,134021641423338848,396,594
gaze,134021641423423301,396,587
gaze,134021641423504668,398,601
LeftMouseUp,134021641423517696
gaze,134021641423588977,397,604
gaze,134021641423671373,396,600
gaze,134021641423757033,388,596
gaze,134021641423832062,387,595
gaze,134021641423923934,391,590
gaze,134021641424006289,398,598
MouseMove,134021641424077365,402,585
gaze,134021641424084984,385,585
MouseMove,134021641424156717,421,588
gaze,134021641424173288,387,595
MouseMove,134021641424236720,448,596
gaze,134021641424254693,385,589
MouseMove,134021641424317249,478,606
gaze,134021641424339849,386,594
MouseMove,134021641424396105,509,616
gaze,134021641424420712,398,595
MouseMove,134021641424477721,534,627
gaze,134021641424506569,385,599
MouseMove,134021641424556325,552,635
gaze,134021641424587987,395,590
MouseMove,134021641424635997,567,642
gaze,134021641424673115,392,589
MouseMove,134021641424716904,578,646
gaze,134021641424748499,401,596
MouseMove,134021641424797718,584,648
gaze,134021641424820822,393,595
MouseMove,134021641424875899,585,648
gaze,134021641424902956,390,595
gaze,134021641424981127,382,590
gaze,134021641425104264,393,597
gaze,134021641425151676,384,594
gaze,134021641425236210,391,596
gaze,134021641425340334,392,598
gaze,134021641425422540,381,591
gaze,134021641425506288,391,588
gaze,134021641425588475,376,591
gaze,134021641425671277,387,595
gaze,134021641425754933,391,606
gaze,134021641425838671,392,591
gaze,134021641425916720,393,596
gaze,134021641426008017,389,603
gaze,134021641426088788,392,603
gaze,134021641426166505,389,597
gaze,134021641426257399,381,595
gaze,134021641426338825,378,594
gaze,134021641426425197,407,593
gaze,134021641426513622,416,590
gaze,134021641426590146,403,579
gaze,134021641426672238,418,587
gaze,134021641426757605,416,590
gaze,134021641426832849,405,575
gaze,134021641426905445,421,575
gaze,134021641426987758,417,587
gaze,134021641427089775,416,578
gaze,134021641427151441,417,580
gaze,134021641427235971,413,584
gaze,134021641427320751,412,585
gaze,134021641427422743,413,581
gaze,134021641427504875,414,580
gaze,134021641427589668,402,573
gaze,134021641427671556,403,577
gaze,134021641427759813,417,585
gaze,134021641427839181,420,584
gaze,134021641427917046,410,584
gaze,134021641428011789,409,584
gaze,134021641428088478,397,589
gaze,134021641428171591,388,574
gaze,134021641428249611,409,574
gaze,134021641428340096,410,569
gaze,134021641428421345,410,549
gaze,134021641428507187,422,568
gaze,134021641428579072,474,770
KeyDown,134021641431436175,87
KeyDown,134021641432156525,65
KeyUp,134021641432476132,87
KeyUp,134021641433195676,65
KeyDown,134021641434877682,89
gaze,134021641434991609,249,961
gaze,134021641435061615,325,854
gaze,134021641435154662,412,733
gaze,134021641435258888,401,636
gaze,134021641435335057,410,582
KeyUp,134021641435358440,89
gaze,134021641435405854,416,554
gaze,134021641435486978,410,541
gaze,134021641435590113,413,540
gaze,134021641435673020,409,550
gaze,134021641435755990,414,570
gaze,134021641435838434,415,560
gaze,134021641435922717,406,565
gaze,134021641436016323,408,571
gaze,134021641436084578,416,579
gaze,134021641436174476,414,576
gaze,134021641436255577,413,571
gaze,134021641436343683,419,575
gaze,134021641436417036,412,571
gaze,134021641436507924,415,577
gaze,134021641436588658,413,580
gaze,134021641436674455,410,576
gaze,134021641436755623,422,575
gaze,134021641436839735,415,574
gaze,134021641436922984,411,574
gaze,134021641437000857,418,572
gaze,134021641437070666,414,574
gaze,134021641437153644,416,573
gaze,134021641437258425,417,581
gaze,134021641437334040,416,579
gaze,134021641437410912,408,579
gaze,134021641437486594,422,579
gaze,134021641437569895,416,583
gaze,134021641437673867,416,573
gaze,134021641437756068,406,572
gaze,134021641437839402,388,575
gaze,134021641437921433,402,574
gaze,134021641438007305,394,573
gaze,134021641438083442,390,575
gaze,134021641438175029,389,574
gaze,134021641438256044,398,574
gaze,134021641438340838,403,575
gaze,134021641438422697,401,575
gaze,134021641438503060,394,569
gaze,134021641438589870,403,569
gaze,134021641438674842,397,569
gaze,134021641438756069,400,572
gaze,134021641438839851,403,574
gaze,134021641438921226,399,568
gaze,134021641439003483,403,579
gaze,134021641439069345,398,568
gaze,134021641439152746,400,568
gaze,134021641439236728,393,558
gaze,134021641439340988,395,568
KeyDown,134021641439358100,8
gaze,134021641439416424,402,570
gaze,134021641439487507,398,567
gaze,134021641439571125,391,570
gaze,134021641439654942,390,570
gaze,134021641439758013,405,570
gaze,134021641439839587,395,570
KeyUp,134021641439916641,8
gaze,134021641439924033,402,563
gaze,134021641440012975,394,552
gaze,134021641440090198,397,571
gaze,134021641440167925,383,560
gaze,134021641440257627,392,565
gaze,134021641440338606,401,561
gaze,134021641440423872,400,567
gaze,134021641440508083,406,569
gaze,134021641440585819,395,562
gaze,134021641440674348,405,572
gaze,134021641440754996,403,564
KeyDown,134021641440796860,8
gaze,134021641440841530,400,578
gaze,134021641440922704,397,555
gaze,134021641441007023,391,556
gaze,134021641441083033,402,564
gaze,134021641441154514,404,565
gaze,134021641441236816,403,562
gaze,134021641441320839,402,573
KeyUp,134021641441357382,8
gaze,134021641441424416,404,562
gaze,134021641441499329,406,572
gaze,134021641441571313,400,566
gaze,134021641441655318,395,566
gaze,134021641441737126,395,566
gaze,134021641441840969,392,572
gaze,134021641441922059,402,562
gaze,134021641442007663,403,565
KeyDown,134021641442076491,8
gaze,134021641442088806,396,570
gaze,134021641442174675,396,565
gaze,134021641442253029,403,576
gaze,134021641442342281,398,567
gaze,134021641442422936,395,569
gaze,134021641442507455,396,577
gaze,134021641442588586,406,567
gaze,134021641442670192,404,588
KeyUp,134021641442716698,8
gaze,134021641442757528,401,567
gaze,134021641442838675,409,581
KeyDown,134021641442875628,83
gaze,134021641442924957,396,577
gaze,134021641443005298,406,572
gaze,134021641443091433,411,569
gaze,134021641443167596,402,568
gaze,134021641443239469,410,559
gaze,134021641443321363,418,556
gaze,134021641443423366,407,567
gaze,134021641443504429,406,569
gaze,134021641443584131,404,573
KeyUp,134021641443596606,83
gaze,134021641443654446,409,575
gaze,134021641443737349,418,592
gaze,134021641443820424,414,592
gaze,134021641443924520,406,578
gaze,134021641444012737,392,571
gaze,134021641444091973,405,575
gaze,134021641444173901,405,579
gaze,134021641444250265,403,572
gaze,134021641444340215,403,569
gaze,134021641444422277,406,583
gaze,134021641444506763,404,566
gaze,134021641444588753,406,564
gaze,134021641444674260,397,560
gaze,134021641444750030,403,567
gaze,134021641444841097,408,573
KeyDown,134021641444877539,87
gaze,134021641444922552,396,569
gaze,134021641445007050,401,574
gaze,134021641445088940,398,569
gaze,134021641445169398,408,571
gaze,134021641445236991,407,581
gaze,134021641445320941,409,579
gaze,134021641445403822,396,573
KeyDown,134021641445436572,65
gaze,134021641445507177,408,575
gaze,134021641445588902,406,572
gaze,134021641445669252,411,578
KeyUp,134021641445677249,87
gaze,134021641445737044,400,563
gaze,134021641445820331,397,564
gaze,134021641445903586,406,574
gaze,134021641446007313,404,573
gaze,134021641446088712,405,562
KeyUp,134021641446156950,65
KeyDown,134021641446161691,89
gaze,134021641446174183,412,572
gaze,134021641446256065,402,571
gaze,134021641446337151,417,572
gaze,134021641446423606,423,572
gaze,134021641446505685,419,589
gaze,134021641446591552,424,562
gaze,134021641446673916,413,562
gaze,134021641446757955,414,568
KeyUp,134021641446797730,89
gaze,134021641446834753,408,568
gaze,134021641446925427,425,564
gaze,134021641447013818,415,570
gaze,134021641447092277,426,570
gaze,134021641447175800,408,550
gaze,134021641447252637,438,530
gaze,134021641447321845,425,580
gaze,134021641447403988,425,569
gaze,134021641447507674,417,575
gaze,134021641447589101,437,562
gaze,134021641447674337,414,571
gaze,134021641447750693,416,563
gaze,134021641447821977,413,566
gaze,134021641447903304,421,567
gaze,134021641448007792,416,574
gaze,134021641448089524,423,577
gaze,134021641448174282,419,572
gaze,134021641448256162,408,568
gaze,134021641448336465,420,559
gaze,134021641448424571,422,579
gaze,134021641448506095,417,575
gaze,134021641448591755,422,570
gaze,134021641448672946,422,565
gaze,134021641448757711,413,569
gaze,134021641448833378,421,593
gaze,134021641448924610,435,576
gaze,134021641449005884,427,579
gaze,134021641449090769,418,563
gaze,134021641449172197,423,578
gaze,134021641449252783,417,576
gaze,134021641449320814,423,578
gaze,134021641449403694,431,584
gaze,134021641449487156,423,578
gaze,134021641449590069,413,568
gaze,134021641449672556,422,579
gaze,134021641449751516,416,578
gaze,134021641449820915,428,581
gaze,134021641449903323,421,578
gaze,134021641449987186,413,572
gaze,134021641450090729,429,592
gaze,134021641450171208,424,562
gaze,134021641450256902,413,552
gaze,134021641450339538,413,563
gaze,134021641450419361,433,588
gaze,134021641450509319,417,575
gaze,134021641450589247,417,572
gaze,134021641450679006,413,574
gaze,134021641450761117,425,571
gaze,134021641450841020,416,570
gaze,134021641450917131,409,568
gaze,134021641451008824,420,582
gaze,134021641451089505,437,592
gaze,134021641451173880,416,562
gaze,134021641451256138,409,569
gaze,134021641451336282,422,579
gaze,134021641451404628,410,571
gaze,134021641451492575,408,562
gaze,134021641451570979,427,569
gaze,134021641451674165,413,568
gaze,134021641451756899,416,567
gaze,134021641451836234,412,572
gaze,134021641451905444,419,578
gaze,134021641451988535,411,563
gaze,134021641452071381,409,565
gaze,134021641452174657,414,574
gaze,134021641452256958,406,569
gaze,134021641452339686,408,568
gaze,134021641452424857,420,580
gaze,134021641452500828,412,560
gaze,134021641452591958,414,563
gaze,134021641452672981,400,556
gaze,134021641452758037,420,562
gaze,134021641452839490,408,555
gaze,134021641452923953,406,522
gaze,134021641453001444,419,643
gaze,134021641453079460,97,955
KeyDown,134021641457916004,8
KeyUp,134021641458475986,8
KeyDown,134021641459275934,8
KeyUp,134021641459996752,8
gaze,134021641461041116,44,929
gaze,134021641461126878,237,749
gaze,134021641461208106,249,613
gaze,134021641461292173,268,520
gaze,134021641461378175,282,486
KeyDown,134021641461437611,45
gaze,134021641461461521,301,499
gaze,134021641461544989,292,530
gaze,134021641461626877,282,514
gaze,134021641461711010,291,518
gaze,134021641461833177,303,515
gaze,134021641461901317,299,516
gaze,134021641461978459,286,498
gaze,134021641462068915,308,526
gaze,134021641462145599,297,511
gaze,134021641462229047,294,510
gaze,134021641462312395,298,499
gaze,134021641462394679,300,505
gaze,134021641462498749,300,511
KeyUp,134021641462555871,45
gaze,134021641462583629,298,510
gaze,134021641462659678,296,511
gaze,134021641462750363,289,515
gaze,134021641462835664,288,498
gaze,134021641462915354,307,520
gaze,134021641462999707,317,516
gaze,134021641463082443,294,506
gaze,134021641463167293,298,523
gaze,134021641463249766,306,508
gaze,134021641463325321,291,509
gaze,134021641463415215,328,527
gaze,134021641463496406,367,558
gaze,134021641463573588,347,558
gaze,134021641463645523,363,585
gaze,134021641463727786,358,570
gaze,134021641463832207,358,579
gaze,134021641463913693,342,573
gaze,134021641463998151,363,573
gaze,134021641464083312,364,573
gaze,134021641464165422,361,568
gaze,134021641464242357,352,565
gaze,134021641464311983,350,572
gaze,134021641464394599,351,572
gaze,134021641464499176,359,569
gaze,134021641464581447,352,567
gaze,134021641464659100,368,572
gaze,134021641464746829,352,561
gaze,134021641464831255,372,576
gaze,134021641464914427,358,556
gaze,134021641464998025,372,582
gaze,134021641465080174,362,565
gaze,134021641465163326,359,563
gaze,134021641465247921,398,559
gaze,134021641465325874,383,551
gaze,134021641465417398,402,556
gaze,134021641465497532,404,558
gaze,134021641465574771,404,563
gaze,134021641465645594,389,547
gaze,134021641465727828,384,554
gaze,134021641465832288,410,565
gaze,134021641465914301,400,561
gaze,134021641465998133,380,536
gaze,134021641466081393,413,556
gaze,134021641466164044,403,555
gaze,134021641466245316,408,568
gaze,134021641466310390,405,538
KeyDown,134021641466316692,8
gaze,134021641466394828,382,544
KeyUp,134021641466955756,8
gaze,134021641467508468,413,555
gaze,134021641467588483,427,559
gaze,134021641467674201,424,563
gaze,134021641467754722,420,552
KeyDown,134021641467756709,8
gaze,134021641467840695,415,548
gaze,134021641467921484,420,558
gaze,134021641468006542,413,553
gaze,134021641468091269,413,541
gaze,134021641468172614,421,559
gaze,134021641468254320,412,557
gaze,134021641468322182,418,564
gaze,134021641468405447,407,546
KeyUp,134021641468477332,8
gaze,134021641468488646,413,552
gaze,134021641468582370,417,547
gaze,134021641468655350,416,557
gaze,134021641468738208,420,548
gaze,134021641468821152,415,560
gaze,134021641468899075,424,558
gaze,134021641468969549,425,567
gaze,134021641469052245,425,561
gaze,134021641469136230,406,545
gaze,134021641469219367,422,557
gaze,134021641469302812,414,549
gaze,134021641469400055,422,565
gaze,134021641469468562,411,551
gaze,134021641469555348,416,546
gaze,134021641469636621,419,561
gaze,134021641469720744,421,558
gaze,134021641469802258,413,553
gaze,134021641469925558,411,552
gaze,134021641469987031,403,551
gaze,134021641470072119,416,570
gaze,134021641470154582,421,565
gaze,134021641470237907,420,571
gaze,134021641470321759,416,563
gaze,134021641470405349,422,559
gaze,134021641470487991,423,563
gaze,134021641470574921,413,561
gaze,134021641470675309,422,577
gaze,134021641470754535,411,565
gaze,134021641470840919,417,562
gaze,134021641470923642,423,571
gaze,134021641471007127,423,542
gaze,134021641471089706,419,561
KeyDown,134021641471116216,83
gaze,134021641471173270,405,549
gaze,134021641471257251,411,559
gaze,134021641471339967,417,571
gaze,134021641471424253,416,561
gaze,134021641471501621,408,550
gaze,134021641471591134,421,563
gaze,134021641471667899,411,550
gaze,134021641471740162,418,554
KeyUp,134021641471756252,83
gaze,134021641471822174,414,564
gaze,134021641471905348,414,550
gaze,134021641472010499,403,554
gaze,134021641472096504,410,563
gaze,134021641472174530,420,561
gaze,134021641472257997,412,558
gaze,134021641472340219,413,555
gaze,134021641472418885,427,572
gaze,134021641472487762,411,552
gaze,134021641472570815,413,561
gaze,134021641472655346,418,559
gaze,134021641472758676,422,555
gaze,134021641472834968,418,571
gaze,134021641472926380,414,560
gaze,134021641473007315,417,559
gaze,134021641473091968,415,554
gaze,134021641473173930,432,573
gaze,134021641473259278,413,560
gaze,134021641473340377,414,556
gaze,134021641473428361,414,567
gaze,134021641473507586,407,553
gaze,134021641473587351,412,562
KeyDown,134021641473597724,87
gaze,134021641473674881,405,551
gaze,134021641473751389,406,552
gaze,134021641473821268,420,566
gaze,134021641473904629,405,564
gaze,134021641473989983,407,560
gaze,134021641474092366,410,566
gaze,134021641474173484,414,564
gaze,134021641474258995,420,570
KeyDown,134021641474318469,65
gaze,134021641474341569,415,559
gaze,134021641474424425,411,568
gaze,134021641474501792,402,549
KeyUp,134021641474556686,87
gaze,134021641474571800,416,568
gaze,134021641474656056,420,566
gaze,134021641474760906,411,558
gaze,134021641474840937,413,565
gaze,134021641474925712,412,562
gaze,134021641475008152,413,566
KeyUp,134021641475036909,65
gaze,134021641475090512,407,557
gaze,134021641475176189,401,561
gaze,134021641475257204,409,552
gaze,134021641475343317,413,566
gaze,134021641475423446,410,563
gaze,134021641475508138,405,555
gaze,134021641475584385,408,561
gaze,134021641475676329,406,566
gaze,134021641475756509,410,560
gaze,134021641475838094,404,558
gaze,134021641475905308,411,558
gaze,134021641475988694,409,570
gaze,134021641476073892,408,572
gaze,134021641476176677,397,561
gaze,134021641476257282,414,575
gaze,134021641476344281,395,554
gaze,134021641476424367,405,566
gaze,134021641476504663,410,578
gaze,134021641476571971,430,578
gaze,134021641476655998,512,660
gaze,134021641476739137,564,762
gaze,134021641476843014,650,902
gaze,134021641476924916,734,1071
KeyDown,134021641481356868,89
KeyUp,134021641481996604,89
KeyDown,134021641484396515,192
gaze,134021641485146504,318,1028
gaze,134021641485231949,137,800
gaze,134021641485322169,313,719
gaze,134021641485426475,304,621
gaze,134021641485503351,292,547
KeyUp,134021641485516613,192
gaze,134021641485593924,309,524
gaze,134021641485674677,303,539
gaze,134021641485759306,304,532
gaze,134021641485842657,312,538
gaze,134021641485926425,315,557
gaze,134021641486007804,319,558
gaze,134021641486091974,317,557
gaze,134021641486175367,322,567
gaze,134021641486255558,322,559
gaze,134021641486349182,321,561
gaze,134021641486421298,322,570
gaze,134021641486489792,323,575
gaze,134021641486572238,318,567
gaze,134021641486677693,324,563
gaze,134021641486757451,317,567
gaze,134021641486843203,324,561
gaze,134021641486924302,324,573
gaze,134021641487009981,337,569
gaze,134021641487091304,407,568
KeyDown,134021641487118453,37
gaze,134021641487171551,402,572
gaze,134021641487237842,400,582
gaze,134021641487321819,397,577
gaze,134021641487425803,400,572
gaze,134021641487503241,405,575
gaze,134021641487591192,400,581
gaze,134021641487678740,405,575
gaze,134021641487757699,400,574
gaze,134021641487840656,396,571
KeyUp,134021641487916416,37
gaze,134021641487924093,411,578
gaze,134021641488007113,405,578
gaze,134021641488091079,403,573
gaze,134021641488173438,396,576
gaze,134021641488251991,398,577
gaze,134021641488341898,392,578
gaze,134021641488419282,393,571
gaze,134021641488490743,390,571
gaze,134021641488571245,391,563
gaze,134021641488655845,401,568
gaze,134021641488758414,394,570
gaze,134021641488840145,401,582
gaze,134021641488923432,389,572
gaze,134021641489007192,394,573
gaze,134021641489091244,405,571
gaze,134021641489168272,401,570
gaze,134021641489239471,386,569
gaze,134021641489321828,403,573
gaze,134021641489405458,399,562
gaze,134021641489509220,393,565
gaze,134021641489585452,389,569
gaze,134021641489678364,481,600
gaze,134021641489758348,681,705
gaze,134021641489843958,851,809
gaze,134021641489928354,1059,949
gaze,134021641490009263,1192,1101
KeyDown,134021641490716116,160
KeyDown,134021641493116617,189
KeyUp,134021641493436777,160
KeyUp,134021641493756811,189
KeyDown,134021641494476653,83
KeyUp,134021641495197244,83
KeyDown,134021641496556126,87
KeyDown,134021641496795723,65
gaze,134021641496923089,304,815
gaze,134021641497023665,430,689
KeyUp,134021641497117314,87
gaze,134021641497120692,426,580
gaze,134021641497230943,430,555
gaze,134021641497330882,436,516
KeyDown,134021641497356920,89
gaze,134021641497430599,430,485
gaze,134021641497473983,449,471
gaze,134021641497532537,441,484
gaze,134021641497588956,442,481
gaze,134021641497641807,441,488
gaze,134021641497685773,442,496
gaze,134021641497741285,438,489
KeyUp,134021641497755813,65
gaze,134021641497802816,438,512
gaze,134021641497923145,441,513
gaze,134021641497987854,440,520
KeyUp,134021641497996399,89
gaze,134021641498073307,450,522
gaze,134021641498155439,442,518
gaze,134021641498239123,441,516
gaze,134021641498323928,447,516
gaze,134021641498410586,444,518
gaze,134021641498490189,443,514
gaze,134021641498572085,436,516
gaze,134021641498658245,437,515
gaze,134021641498734759,439,525
gaze,134021641498821201,444,517
gaze,134021641498904263,471,542
gaze,134021641499008662,480,563
gaze,134021641499090135,480,557
gaze,134021641499176513,490,564
gaze,134021641499257737,486,572
gaze,134021641499342667,481,567
gaze,134021641499424222,488,567
gaze,134021641499509344,483,568
gaze,134021641499590727,484,570
gaze,134021641499676675,480,569
gaze,134021641499741825,483,564
gaze,134021641499817110,485,569
gaze,134021641499925969,480,568
gaze,134021641500007402,483,572
gaze,134021641500091529,479,572
gaze,134021641500175772,485,568
gaze,134021641500260859,481,567
gaze,134021641500341243,486,577
gaze,134021641500424610,480,565
gaze,134021641500507531,495,572
gaze,134021641500594288,479,575
gaze,134021641500675981,482,569
gaze,134021641500749114,479,565
gaze,134021641500823015,493,567
gaze,134021641500905354,467,569
gaze,134021641501009619,469,566
gaze,134021641501091130,478,572
gaze,134021641501175922,477,574
gaze,134021641501261221,475,568
gaze,134021641501342921,472,571
gaze,134021641501424500,474,566
gaze,134021641501508696,464,563
gaze,134021641501590902,472,563
KeyDown,134021641501596464,191
gaze,134021641501675853,461,564
gaze,134021641501734598,471,563
gaze,134021641501814001,471,563
gaze,134021641501922158,468,561
gaze,134021641502004351,465,564
gaze,134021641502088332,471,576
gaze,134021641502170607,472,562
gaze,134021641502253512,471,574
gaze,134021641502342731,482,569
gaze,134021641502424561,481,574
gaze,134021641502509472,483,568
KeyUp,134021641502555686,191
gaze,134021641502590895,480,564
gaze,134021641502677369,478,562
gaze,134021641502750948,471,569
gaze,134021641502824203,471,561
gaze,134021641502905285,477,563
gaze,134021641503009510,473,562
gaze,134021641503090818,477,558
gaze,134021641503176052,476,560
gaze,134021641503257143,475,558
gaze,134021641503342433,475,559
gaze,134021641503425069,481,562
gaze,134021641503509008,485,561
gaze,134021641503591194,485,564
gaze,134021641503671187,479,557
gaze,134021641503740034,479,556
KeyDown,134021641503756470,73
gaze,134021641503817881,488,566
gaze,134021641503904857,483,558
gaze,134021641504010193,480,566
gaze,134021641504090657,478,564
gaze,134021641504176218,479,562
gaze,134021641504257402,473,567
gaze,134021641504349726,476,567
gaze,134021641504424149,476,557
KeyUp,134021641504476763,73
gaze,134021641504510017,477,571
gaze,134021641504590524,475,561
gaze,134021641504677857,475,554
gaze,134021641504751178,475,555
gaze,134021641504818899,483,564
gaze,134021641504905484,498,560
gaze,134021641504989613,507,566
gaze,134021641505092343,501,550
gaze,134021641505173632,492,548
KeyDown,134021641505196524,78
gaze,134021641505260655,486,553
gaze,134021641505341224,486,548
gaze,134021641505425887,492,559
gaze,134021641505508006,486,551
gaze,134021641505591851,494,546
gaze,134021641505675158,493,558
gaze,134021641505755616,501,560
gaze,134021641505822389,493,562
gaze,134021641505900757,491,553
KeyUp,134021641505916566,78
gaze,134021641506012919,490,551
gaze,134021641506092739,503,568
gaze,134021641506188186,500,553
gaze,134021641506258728,498,542
gaze,134021641506341710,502,553
gaze,134021641506425701,493,544
gaze,134021641506507227,492,547
gaze,134021641506592427,507,568
gaze,134021641506674963,495,551
KeyDown,134021641506717414,80
gaze,134021641506758066,504,550
gaze,134021641506830943,497,556
gaze,134021641506906301,494,551
gaze,134021641506988692,490,558
gaze,134021641507073987,495,555
gaze,134021641507176287,487,547
gaze,134021641507259289,498,543
KeyUp,134021641507277195,80
KeyDown,134021641507281202,85
gaze,134021641507342697,493,540
gaze,134021641507425253,490,550
gaze,134021641507508094,500,539
gaze,134021641507591229,492,539
gaze,134021641507675209,485,535
gaze,134021641507755490,494,547
gaze,134021641507822515,494,546
gaze,134021641507905920,493,543
gaze,134021641508007783,498,550
KeyUp,134021641508077610,85
gaze,134021641508091407,490,552
gaze,134021641508175327,492,542
gaze,134021641508259745,499,535
KeyDown,134021641508318212,84
gaze,134021641508341786,493,554
gaze,134021641508427537,495,554
gaze,134021641508508158,494,546
gaze,134021641508591561,496,553
gaze,134021641508675586,505,558
gaze,134021641508758767,516,552
gaze,134021641508835860,499,541
gaze,134021641508921083,513,558
gaze,134021641508989014,521,564
KeyUp,134021641509037068,84
gaze,134021641509075287,516,542
gaze,134021641509176078,524,558
gaze,134021641509258517,509,543
gaze,134021641509342355,511,553
gaze,134021641509425602,518,555
gaze,134021641509508654,518,555
gaze,134021641509591262,519,550
gaze,134021641509675641,508,548
gaze,134021641509752942,521,542
gaze,134021641509823071,509,552
gaze,134021641509906096,512,545
gaze,134021641510007930,501,543
gaze,134021641510091858,510,548
gaze,134021641510175755,509,552
gaze,134021641510259272,512,562
gaze,134021641510341522,506,553
gaze,134021641510426949,512,546
gaze,134021641510508845,507,552
gaze,134021641510596087,507,552
gaze,134021641510674710,506,556
gaze,134021641510759779,508,547
gaze,134021641510834651,504,553
gaze,134021641510922140,504,548
gaze,134021641510989012,509,555
gaze,134021641511073852,514,555
gaze,134021641511175579,509,553
gaze,134021641511258000,509,558
gaze,134021641511342214,508,553
gaze,134021641511426529,513,552
gaze,134021641511507982,506,551
gaze,134021641511592295,515,563
gaze,134021641511677359,511,569
gaze,134021641511753423,512,564
gaze,134021641511823617,510,561
gaze,134021641511905986,509,557
gaze,134021641512008658,509,553
gaze,134021641512091387,513,556
gaze,134021641512174519,521,565
gaze,134021641512258212,531,565
gaze,134021641512342040,521,555
gaze,134021641512425807,524,554
gaze,134021641512508080,517,552
gaze,134021641512590889,522,546
gaze,134021641512675637,520,553
gaze,134021641512760511,525,553
gaze,134021641512837110,520,554
gaze,134021641512920396,521,551
gaze,134021641512989963,517,546
gaze,134021641513073632,517,548
gaze,134021641513176189,531,554
gaze,134021641513257220,528,550
gaze,134021641513342451,518,558
gaze,134021641513424048,528,559
gaze,134021641513508164,526,560
gaze,134021641513590974,520,551
gaze,134021641513675247,521,555
gaze,134021641513761935,522,561
gaze,134021641513822690,521,555
gaze,134021641513905918,517,557
gaze,134021641513984700,523,556
gaze,134021641514092630,524,566
gaze,134021641514174281,516,546
gaze,134021641514259252,521,562
gaze,134021641514341942,526,555
KeyDown,134021641514397572,191
gaze,134021641514423996,517,549
gaze,134021641514507741,522,566
gaze,134021641514591282,526,559
gaze,134021641514676112,525,554
gaze,134021641514759479,523,559
gaze,134021641514840926,530,583
gaze,134021641514916915,522,568
gaze,134021641514991627,530,566
gaze,134021641515075083,517,569
gaze,134021641515156166,515,550
gaze,134021641515260046,520,570
KeyUp,134021641515276435,191
gaze,134021641515341496,513,549
gaze,134021641515427081,514,559
gaze,134021641515507900,512,552
gaze,134021641515593778,528,553
gaze,134021641515676043,518,563
gaze,134021641515760235,526,557
gaze,134021641515835156,521,553
gaze,134021641515908539,517,548
gaze,134021641515989669,516,546
gaze,134021641516093943,523,558
gaze,134021641516181613,520,554
gaze,134021641516258864,516,546
gaze,134021641516342683,517,560
gaze,134021641516425359,519,556
gaze,134021641516508596,517,551
gaze,134021641516591050,513,554
gaze,134021641516675556,523,566
gaze,134021641516758442,514,569
gaze,134021641516842669,517,559
gaze,134021641516918993,522,553
gaze,134021641517007014,516,559
gaze,134021641517072918,516,561
gaze,134021641517156395,517,561
gaze,134021641517239939,506,555
gaze,134021641517343237,517,561
gaze,134021641517424878,513,562
gaze,134021641517509383,516,572
gaze,134021641517591040,519,562
gaze,134021641517678018,518,555
gaze,134021641517758019,527,573
gaze,134021641517838193,523,563
gaze,134021641517905735,518,558
gaze,134021641517990404,517,564
gaze,134021641518093816,518,551
gaze,134021641518169058,516,559
gaze,134021641518261586,519,556
gaze,134021641518343109,529,567
gaze,134021641518427327,523,562
gaze,134021641518507613,518,560
gaze,134021641518592767,516,559
gaze,134021641518675747,515,563
gaze,134021641518758991,517,563
gaze,134021641518841334,517,567
gaze,134021641518920339,522,566
gaze,134021641519010348,523,567
gaze,134021641519086590,527,562
gaze,134021641519156889,525,562
gaze,134021641519239527,518,576
gaze,134021641519323907,533,583
gaze,134021641519427025,519,567
gaze,134021641519508428,574,612
gaze,134021641519600262,595,686
gaze,134021641519676563,634,756
gaze,134021641519759307,682,869
gaze,134021641519837572,720,1008
gaze,134021641519906836,743,1135
KeyDown,134021641520476233,83
KeyUp,134021641520956450,83
KeyDown,134021641521836487,69
KeyDown,134021641522636603,65
KeyUp,134021641522886621,69
KeyUp,134021641523436454,65
KeyDown,134021641523439503,84
KeyUp,134021641524316204,84
gaze,134021641527803976,576,1091
gaze,134021641527877038,621,834
gaze,134021641527973079,539,743
gaze,134021641528055596,573,660
KeyDown,134021641528078074,190
gaze,134021641528138673,523,635
gaze,134021641528221088,520,576
gaze,134021641528343387,525,556
gaze,134021641528406186,532,561
gaze,134021641528489891,532,559
gaze,134021641528573075,537,569
gaze,134021641528656340,536,571
gaze,134021641528739332,537,571
gaze,134021641528822093,531,577
KeyUp,134021641528876749,190
gaze,134021641528909518,542,586
gaze,134021641528989811,539,589
KeyDown,134021641529036893,67
gaze,134021641529077000,545,595
gaze,134021641529151751,541,587
gaze,134021641529240084,546,592
gaze,134021641529322945,544,594
gaze,134021641529406845,546,596
gaze,134021641529490286,543,586
gaze,134021641529573853,538,589
gaze,134021641529684165,540,592
gaze,134021641529753481,572,564
gaze,134021641529838963,567,562
KeyUp,134021641529916453,67
gaze,134021641529925036,574,560
gaze,134021641530008699,575,552
gaze,134021641530086293,563,551
gaze,134021641530156348,564,547
gaze,134021641530239509,566,550
gaze,134021641530323347,572,559
gaze,134021641530430425,567,553
gaze,134021641530502627,575,553
gaze,134021641530597478,573,557
gaze,134021641530676831,558,553
gaze,134021641530760690,569,560
gaze,134021641530841866,572,556
gaze,134021641530926832,564,558
gaze,134021641531008669,565,564
gaze,134021641531094203,576,558
gaze,134021641531174976,565,551
gaze,134021641531255740,559,560
gaze,134021641531343307,565,559
gaze,134021641531419699,564,555
gaze,134021641531491547,565,546
gaze,134021641531572913,562,552
gaze,134021641531678419,565,555
gaze,134021641531759346,574,554
gaze,134021641531843666,597,558
gaze,134021641531925809,587,556
gaze,134021641532008289,592,560
gaze,134021641532091545,591,554
gaze,134021641532168966,590,552
gaze,134021641532240238,587,554
gaze,134021641532323466,592,548
gaze,134021641532426013,583,543
gaze,134021641532502772,580,546
gaze,134021641532593269,588,547
gaze,134021641532675667,597,556
gaze,134021641532760411,590,548
gaze,134021641532842801,586,549
gaze,134021641532925995,599,554
gaze,134021641533018123,584,540
gaze,134021641533092873,594,537
gaze,134021641533175888,594,558
gaze,134021641533253727,585,542
gaze,134021641533344275,598,558
gaze,134021641533419900,591,537
gaze,134021641533491725,579,550
gaze,134021641533574450,596,558
gaze,134021641533677747,583,540
gaze,134021641533762222,587,538
gaze,134021641533844129,587,553
gaze,134021641533925856,586,551
gaze,134021641534010542,580,540
gaze,134021641534092479,610,560
gaze,134021641534170290,639,548
gaze,134021641534244989,652,533
gaze,134021641534324361,653,535
gaze,134021641534407378,660,551
gaze,134021641534508171,651,540
gaze,134021641534592491,649,535
gaze,134021641534677121,649,528
gaze,134021641534759084,656,537
gaze,134021641534844023,653,529
gaze,134021641534927105,657,540
gaze,134021641535009577,652,542
gaze,134021641535092860,646,523
gaze,134021641535175655,652,568
gaze,134021641535259056,648,527
gaze,134021641535337179,650,531
gaze,134021641535422359,641,529
gaze,134021641535485782,640,535
gaze,134021641535572919,643,521
gaze,134021641535657310,650,545
gaze,134021641535761472,637,524
gaze,134021641535842505,644,533
gaze,134021641535927898,650,517
gaze,134021641536010197,639,548
gaze,134021641536093736,637,534
gaze,134021641536177204,614,549
gaze,134021641536253679,515,569
gaze,134021641536324433,421,584
gaze,134021641536407447,387,588
gaze,134021641536510361,380,584
gaze,134021641536585798,393,591
gaze,134021641536678187,397,584
gaze,134021641536758593,402,603
gaze,134021641536843658,387,592
gaze,134021641536926066,402,598
gaze,134021641537011150,413,607
gaze,134021641537093260,395,586
gaze,134021641537175862,398,582
gaze,134021641537259592,404,593
gaze,134021641537338593,387,586
MouseMove,134021641537356720,585,645
gaze,134021641537426613,395,568
MouseMove,134021641537436400,584,643
gaze,134021641537503103,400,584
gaze,134021641537573807,396,604
gaze,134021641537659546,399,588
gaze,134021641537760170,386,572
gaze,134021641537842070,402,593
gaze,134021641537925626,399,587
gaze,134021641538009642,394,588
MouseMove,134021641538079058,583,643
gaze,134021641538092727,397,585
MouseMove,134021641538156122,581,643
gaze,134021641538176651,394,592
MouseMove,134021641538238317,579,641
gaze,134021641538254208,401,599
MouseMove,134021641538318016,579,639
gaze,134021641538325217,403,599
gaze,134021641538414359,404,594
gaze,134021641538511232,394,583
gaze,134021641538586927,401,586
gaze,134021641538679026,409,601
gaze,134021641538759600,403,600
gaze,134021641538844561,396,587
gaze,134021641538925655,387,588
gaze,134021641539010646,402,595
gaze,134021641539092824,398,597
gaze,134021641539176163,407,599
gaze,134021641539259864,404,595
gaze,134021641539337422,386,589
gaze,134021641539428574,390,593
gaze,134021641539504429,401,599
gaze,134021641539574531,408,594
gaze,134021641539658100,474,593
gaze,134021641539741104,475,591
gaze,134021641539844101,486,596
gaze,134021641539925769,485,594
gaze,134021641540011155,480,596
gaze,134021641540092357,482,589
gaze,134021641540177662,487,598
gaze,134021641540253631,485,604
gaze,134021641540326506,482,597
gaze,134021641540407328,478,600
gaze,134021641540490172,485,590
MouseMove,134021641540556328,577,637
gaze,134021641540596602,493,610
MouseMove,134021641540636977,573,633
gaze,134021641540670740,483,601
MouseMove,134021641540721004,571,633
gaze,134021641540761463,485,598
gaze,134021641540841342,481,592
gaze,134021641540927401,480,602
MouseMove,134021641540956669,571,639
gaze,134021641541010303,488,600
MouseMove,134021641541035846,571,649
gaze,134021641541094643,483,602
MouseMove,134021641541116398,571,657
gaze,134021641541175907,476,599
MouseMove,134021641541196227,571,660
gaze,134021641541260183,473,603
gaze,134021641541342592,481,606
gaze,134021641541420880,490,600
gaze,134021641541509647,486,613
MouseMove,134021641541515950,571,660
gaze,134021641541587541,477,600
MouseMove,134021641541596006,571,660
gaze,134021641541658663,483,618
MouseMove,134021641541677014,571,657
gaze,134021641541740281,476,592
MouseMove,134021641541756973,571,654
MouseMove,134021641541836548,571,653
gaze,134021641541844646,483,597
MouseMove,134021641541916610,571,653
gaze,134021641541926154,486,605
MouseMove,134021641541996586,569,652
gaze,134021641542011634,482,589
MouseMove,134021641542076979,569,652
gaze,134021641542092934,486,603
MouseMove,134021641542155541,568,652
gaze,134021641542177290,480,592
MouseMove,134021641542240848,567,652
gaze,134021641542259395,491,594
MouseMove,134021641542316660,567,651
gaze,134021641542340615,473,598
gaze,134021641542407953,487,599
gaze,134021641542490891,502,609
gaze,134021641542594753,576,602
MouseMove,134021641542638293,567,651
gaze,134021641542671057,645,587
gaze,134021641542762745,637,604
MouseMove,134021641542796182,567,650
gaze,134021641542842746,629,597
MouseWheel,134021641542884010,-120
gaze,134021641542927140,637,586
MouseMove,134021641542956931,567,650
gaze,134021641543009401,630,582
gaze,134021641543092839,630,577
gaze,134021641543176220,629,587
gaze,134021641543259087,628,592
gaze,134021641543342506,632,583
gaze,134021641543420606,631,585
gaze,134021641543510387,633,589
gaze,134021641543586224,630,583
gaze,134021641543659017,634,591
gaze,134021641543741338,631,581
gaze,134021641543824027,628,588
gaze,134021641543929061,639,587
gaze,134021641544009240,634,585
MouseMove,134021641544075895,567,648
gaze,134021641544092786,633,566
MouseMove,134021641544155990,567,647
gaze,134021641544176580,626,571
gaze,134021641544260099,615,571
MouseMove,134021641544317329,567,647
gaze,134021641544336258,625,591
gaze,134021641544408909,628,572
gaze,134021641544489392,627,573
gaze,134021641544594266,633,566
MouseMove,134021641544636170,567,646
gaze,134021641544676715,632,574
gaze,134021641544756818,631,564
gaze,134021641544842672,621,564
MouseMove,134021641544876207,567,648
gaze,134021641544926318,622,564
MouseMove,134021641544956454,568,653
gaze,134021641545010542,628,572
MouseMove,134021641545036658,568,660
gaze,134021641545095353,623,552
MouseMove,134021641545116331,571,667
gaze,134021641545176986,613,490
MouseMove,134021641545196485,573,676
gaze,134021641545259705,592,471
MouseMove,134021641545276425,573,677
gaze,134021641545343499,598,492
gaze,134021641545420352,594,493
gaze,134021641545510892,599,488
gaze,134021641545594121,599,484
gaze,134021641545673768,595,475
gaze,134021641545741070,601,504
gaze,134021641545823268,601,485
gaze,134021641545926989,595,488
gaze,134021641546009179,604,499
gaze,134021641546096944,598,490
MouseMove,134021641546156540,573,677
gaze,134021641546176556,599,485
gaze,134021641546261440,594,496
MouseMove,134021641546316249,574,677
gaze,134021641546337636,596,515
MouseMove,134021641546397151,579,677
gaze,134021641546409586,589,494
MouseMove,134021641546476318,589,677
gaze,134021641546490782,604,498
MouseMove,134021641546555504,603,677
gaze,134021641546574081,596,484
MouseMove,134021641546635452,617,676
gaze,134021641546678309,590,472
MouseMove,134021641546717077,633,670
gaze,134021641546754385,607,506
MouseMove,134021641546799597,648,662
gaze,134021641546845842,613,521
MouseMove,134021641546876448,662,654
gaze,134021641546926399,611,511
MouseMove,134021641546956152,673,644
gaze,134021641547012630,613,519
MouseMove,134021641547037247,682,635
gaze,134021641547093400,620,526
MouseMove,134021641547116841,687,628
gaze,134021641547177950,616,524
MouseMove,134021641547198080,691,623
gaze,134021641547263349,617,505
MouseMove,134021641547277030,696,619
gaze,134021641547345124,609,522
MouseMove,134021641547357570,698,618
gaze,134021641547426684,622,529
MouseMove,134021641547437762,702,616
gaze,134021641547505577,618,523
MouseMove,134021641547515751,705,615
gaze,134021641547593600,619,522
MouseMove,134021641547596441,705,614
gaze,134021641547670893,615,514
MouseMove,134021641547677125,706,614
gaze,134021641547741782,618,518
MouseMove,134021641547757734,706,613
gaze,134021641547824919,614,521
MouseMove,134021641547836486,706,612
MouseMove,134021641547917995,707,611
gaze,134021641547928123,606,515
MouseMove,134021641547996896,707,609
gaze,134021641548009151,618,514
MouseMove,134021641548077602,707,609
gaze,134021641548094604,616,523
MouseMove,134021641548157180,707,608
gaze,134021641548176726,610,508
MouseMove,134021641548236650,707,607
gaze,134021641548260795,615,527
gaze,134021641548344063,623,516
gaze,134021641548420710,680,531
gaze,134021641548490540,695,507
gaze,134021641548574486,687,519
gaze,134021641548678612,692,520
MouseWheel,134021641548718115,-120
gaze,134021641548753853,699,539
gaze,134021641548844897,698,520
gaze,134021641548925787,699,518
MouseMove,134021641548956255,707,606
gaze,134021641549011112,697,521
MouseMove,134021641549036489,707,605
gaze,134021641549093073,689,497
MouseMove,134021641549116289,707,604
gaze,134021641549178231,686,509
MouseMove,134021641549195414,707,603
gaze,134021641549259212,687,518
MouseMove,134021641549276991,706,602
gaze,134021641549345383,697,531
MouseMove,134021641549357185,705,601
gaze,134021641549426084,702,528
MouseMove,134021641549436164,704,600
gaze,134021641549506780,698,524
gaze,134021641549593740,693,521
MouseMove,134021641549596575,704,599
gaze,134021641549672173,697,516
gaze,134021641549740897,694,517
MouseMove,134021641549756887,704,597
gaze,134021641549826935,694,511
MouseMove,134021641549916433,704,597
gaze,134021641549926753,694,519
MouseMove,134021641549997001,704,596
gaze,134021641550009174,694,510
MouseMove,134021641550076520,704,596
gaze,134021641550092478,694,510
MouseMove,134021641550157017,704,594
gaze,134021641550176007,690,507
gaze,134021641550263940,701,515
MouseMove,134021641550316198,704,592
gaze,134021641550343041,700,505
MouseMove,134021641550396401,704,590
gaze,134021641550423128,700,511
MouseMove,134021641550476908,704,587
gaze,134021641550491218,695,515
MouseMove,134021641550556275,704,585
gaze,134021641550576303,693,506
MouseMove,134021641550637109,704,583
gaze,134021641550658581,703,503
MouseMove,134021641550716065,704,580
gaze,134021641550759848,716,458
MouseMove,134021641550795578,705,578
gaze,134021641550842994,729,445
MouseMove,134021641550876389,706,575
gaze,134021641550926107,739,457
MouseMove,134021641550956211,706,572
gaze,134021641551009822,725,442
MouseMove,134021641551036417,707,569
gaze,134021641551093394,734,435
MouseMove,134021641551116555,709,566
gaze,134021641551175797,736,450
MouseMove,134021641551196280,710,563
gaze,134021641551260199,732,438
MouseMove,134021641551276835,711,559
gaze,134021641551342295,738,462
MouseMove,134021641551356959,713,555
gaze,134021641551426292,745,466
MouseMove,134021641551436431,714,553
gaze,134021641551509914,728,440
MouseMove,134021641551516844,715,550
gaze,134021641551587974,736,437
MouseMove,134021641551596334,718,545
gaze,134021641551673837,731,448
MouseMove,134021641551676535,720,541
gaze,134021641551743381,736,473
MouseMove,134021641551755949,724,536
gaze,134021641551824698,737,442
MouseMove,134021641551835789,726,532
gaze,134021641551907529,745,452
MouseMove,134021641551915758,731,528
MouseMove,134021641551997337,736,524
gaze,134021641552011657,738,443
MouseMove,134021641552075788,741,521
gaze,134021641552092355,737,446
MouseMove,134021641552157621,744,517
gaze,134021641552176789,742,436
MouseMove,134021641552235909,748,514
gaze,134021641552258627,736,447
MouseMove,134021641552316170,752,510
gaze,134021641552344016,740,462
MouseMove,134021641552398795,755,507
gaze,134021641552425688,749,474
MouseMove,134021641552476447,757,506
gaze,134021641552510716,794,469
MouseMove,134021641552556480,759,505
gaze,134021641552574712,784,467
MouseMove,134021641552636638,759,505
gaze,134021641552666340,791,463
MouseMove,134021641552716417,760,505
gaze,134021641552741597,797,474
gaze,134021641552844020,797,453
gaze,134021641552926448,790,462
gaze,134021641553012154,794,463
gaze,134021641553093221,801,463
gaze,134021641553175839,790,463
gaze,134021641553260522,789,465
gaze,134021641553343663,789,446
gaze,134021641553426597,802,466
gaze,134021641553509798,792,463
gaze,134021641553602301,795,475
gaze,134021641553672325,791,457
MouseMove,134021641553676188,761,505
MouseMove,134021641553758306,762,505
gaze,134021641553757647,794,460
gaze,134021641553824188,795,457
MouseMove,134021641553837140,766,507
gaze,134021641553907734,790,439
MouseMove,134021641553915561,767,511
MouseMove,134021641553997188,769,513
gaze,134021641554010851,795,473
MouseMove,134021641554077763,771,514
gaze,134021641554092464,799,471
MouseMove,134021641554156850,772,515
gaze,134021641554176107,795,464
MouseMove,134021641554236128,774,517
gaze,134021641554259559,852,480
MouseMove,134021641554317343,775,517
gaze,134021641554343913,911,474
MouseMove,134021641554396114,776,517
gaze,134021641554427615,924,473
MouseMove,134021641554477231,776,518
gaze,134021641554508891,916,480
gaze,134021641554587397,915,485
gaze,134021641554657962,924,460
gaze,134021641554741116,915,462
gaze,134021641554842218,919,470
gaze,134021641554926629,921,466
gaze,134021641555009795,907,475
gaze,134021641555093295,913,479
gaze,134021641555176232,913,474
gaze,134021641555260559,916,482
gaze,134021641555343101,911,473
gaze,134021641555426190,907,459
gaze,134021641555509074,920,484
gaze,134021641555593210,917,485
gaze,134021641555672148,910,463
gaze,134021641555755898,913,477
gaze,134021641555824251,918,459
gaze,134021641555907504,916,463
gaze,134021641556011307,918,458
gaze,134021641556093731,916,464
gaze,134021641556179375,916,477
MouseMove,134021641556236096,776,518
gaze,134021641556260601,919,471
gaze,134021641556349473,909,487
gaze,134021641556426405,782,490
gaze,134021641556511297,601,471
gaze,134021641556587475,511,472
gaze,134021641556660719,483,474
gaze,134021641556741475,490,468
gaze,134021641556819533,490,468
gaze,134021641556932425,493,477
gaze,134021641557010157,505,479
gaze,134021641557098522,498,477
gaze,134021641557176903,496,467
gaze,134021641557261168,500,474
MouseMove,134021641557276211,775,518
gaze,134021641557342861,504,480
MouseMove,134021641557358555,775,517
gaze,134021641557427471,502,467
MouseMove,134021641557435708,774,516
gaze,134021641557509738,506,474
gaze,134021641557593015,501,474
gaze,134021641557677041,508,485
MouseMove,134021641557678306,773,516
gaze,134021641557748751,505,476
gaze,134021641557824323,499,472
gaze,134021641557907608,498,478
gaze,134021641558010983,505,483
gaze,134021641558093906,503,480
gaze,134021641558177799,490,485
gaze,134021641558260186,394,499
gaze,134021641558344107,389,515
LeftMouseDown,134021641558399864
gaze,134021641558430161,379,505
gaze,134021641558511319,390,503
gaze,134021641558599922,387,507
gaze,134021641558672977,393,504
gaze,134021641558744090,389,487
gaze,134021641558819887,384,502
gaze,134021641558927919,387,507
gaze,134021641559010212,380,499
gaze,134021641559094818,391,502
LeftMouseUp,134021641559118612
gaze,134021641559175945,389,498
gaze,134021641559262309,392,502
gaze,134021641559343459,387,497
gaze,134021641559429260,396,514
gaze,134021641559510112,393,511
gaze,134021641559594847,391,505
gaze,134021641559683422,383,500
gaze,134021641559751542,387,501
gaze,134021641559831443,384,503
gaze,134021641559907650,392,505
gaze,134021641560011690,391,508
gaze,134021641560093697,386,506
gaze,134021641560179094,392,499
gaze,134021641560265070,389,499
gaze,134021641560346208,390,500
gaze,134021641560427101,369,491
gaze,134021641560511267,379,495
gaze,134021641560595476,392,503
gaze,134021641560673618,377,507
gaze,134021641560741391,384,491
gaze,134021641560819225,387,496
gaze,134021641560927376,399,503
gaze,134021641561011334,390,505
gaze,134021641561095774,393,501
gaze,134021641561177131,388,506
gaze,134021641561262755,386,507
gaze,134021641561343633,380,503
gaze,134021641561428502,384,494
gaze,134021641561510046,389,506
gaze,134021641561595321,387,500
gaze,134021641561678064,429,484
gaze,134021641561752074,477,442
gaze,134021641561825983,495,443
gaze,134021641561907426,496,445
gaze,134021641562011144,491,441
gaze,134021641562094409,486,422
gaze,134021641562176682,491,434
gaze,134021641562259865,487,445
gaze,134021641562352707,490,431
gaze,134021641562426737,487,429
gaze,134021641562510155,488,438
gaze,134021641562592937,487,446
gaze,134021641562672037,484,444
gaze,134021641562741616,491,435
gaze,134021641562819666,486,446
gaze,134021641562907044,491,434
gaze,134021641563011183,488,431
gaze,134021641563093756,490,442
gaze,134021641563176159,482,444
gaze,134021641563260605,505,444
gaze,134021641563344758,592,446
gaze,134021641563427598,642,439
gaze,134021641563510854,654,445
gaze,134021641563593022,651,449
gaze,134021641563680311,658,443
gaze,134021641563762407,656,434
gaze,134021641563820089,648,437
gaze,134021641563907437,652,451
gaze,134021641564010997,643,430
gaze,134021641564094194,650,429
gaze,134021641564176980,648,437
gaze,134021641564259365,647,428
gaze,134021641564344343,647,444
gaze,134021641564426696,646,448
gaze,134021641564509724,642,437
gaze,134021641564592807,645,446
gaze,134021641564677281,646,443
gaze,134021641564754288,642,437
gaze,134021641564820729,640,438
gaze,134021641564907553,651,445
gaze,134021641565013120,642,433
gaze,134021641565093798,638,442
MouseMove,134021641565117875,772,514
gaze,134021641565178727,645,443
MouseMove,134021641565195884,771,512
gaze,134021641565259749,644,421
MouseMove,134021641565276416,769,510
gaze,134021641565345950,641,434
MouseMove,134021641565355720,767,509
gaze,134021641565426476,643,443
MouseMove,134021641565435651,766,509
gaze,134021641565511633,647,453
MouseMove,134021641565517073,763,507
gaze,134021641565593171,652,438
MouseMove,134021641565595583,761,507
MouseMove,134021641565676788,758,506
gaze,134021641565679915,648,441
MouseMove,134021641565756577,757,506
gaze,134021641565755408,646,436
gaze,134021641565822063,648,450
MouseMove,134021641565836774,754,506
gaze,134021641565907573,641,429
MouseMove,134021641565917262,751,505
gaze,134021641565993532,644,441
MouseMove,134021641565997157,747,505
MouseMove,134021641566077425,743,505
gaze,134021641566094612,601,358
MouseMove,134021641566155645,739,503
gaze,134021641566177559,592,346
MouseMove,134021641566237283,738,503
gaze,134021641566260807,594,333
MouseMove,134021641566316968,737,503
gaze,134021641566344369,591,343
gaze,134021641566427297,587,339
gaze,134021641566509554,591,339
gaze,134021641566593025,601,347
gaze,134021641566677200,601,351
gaze,134021641566755634,598,325
gaze,134021641566824754,598,340
gaze,134021641566903490,592,342
MouseWheel,134021641566956490,120
gaze,134021641566991853,595,317
gaze,134021641567095424,598,354
gaze,134021641567177350,598,348
gaze,134021641567262656,593,339
gaze,134021641567343511,595,347
MouseWheel,134021641567356966,120
gaze,134021641567427979,598,345
gaze,134021641567509817,588,335
gaze,134021641567595339,586,309
gaze,134021641567679061,590,320
gaze,134021641567768048,599,344
gaze,134021641567838490,601,359
gaze,134021641567903088,599,358
gaze,134021641567990866,606,356
gaze,134021641568094934,598,355
gaze,134021641568176740,603,352
gaze,134021641568261953,597,351
gaze,134021641568343949,609,368
gaze,134021641568427638,603,357
gaze,134021641568510240,602,361
gaze,134021641568593774,601,359
gaze,134021641568677791,602,357
gaze,134021641568759890,604,343
gaze,134021641568836638,597,347
gaze,134021641568903621,593,353
gaze,134021641568991011,589,353
gaze,134021641569096867,601,361
gaze,134021641569181443,606,350
gaze,134021641569260227,603,354
gaze,134021641569350178,609,355
gaze,134021641569427378,609,347
MouseMove,134021641569436459,735,503
gaze,134021641569510047,608,359
MouseMove,134021641569516958,731,502
gaze,134021641569593297,607,367
MouseMove,134021641569595656,727,502
MouseMove,134021641569676424,723,501
gaze,134021641569676881,605,366
MouseMove,134021641569756162,720,501
gaze,134021641569759765,609,362
MouseMove,134021641569836323,716,501
gaze,134021641569836828,609,355
gaze,134021641569904014,607,360
MouseMove,134021641569915919,712,501
gaze,134021641569991085,599,360
MouseMove,134021641569995953,708,499
MouseMove,134021641570077076,705,497
gaze,134021641570094277,603,375
MouseMove,134021641570156476,701,496
gaze,134021641570176022,598,354
MouseMove,134021641570236646,697,494
gaze,134021641570263059,575,334
MouseMove,134021641570317149,690,490
gaze,134021641570344300,563,320
MouseMove,134021641570396263,688,488
gaze,134021641570431032,568,309
MouseMove,134021641570477677,683,486
gaze,134021641570510509,564,314
MouseMove,134021641570559094,681,484
gaze,134021641570596256,568,311
MouseMove,134021641570636581,680,483
gaze,134021641570677551,567,315
MouseMove,134021641570716648,678,483
gaze,134021641570764011,568,317
MouseMove,134021641570796141,677,483
gaze,134021641570837829,565,298
MouseMove,134021641570875698,677,482
gaze,134021641570905051,569,313
gaze,134021641570991253,567,316
MouseMove,134021641571038678,675,482
gaze,134021641571094113,575,325
MouseMove,134021641571116694,674,481
gaze,134021641571182601,569,318
gaze,134021641571261288,571,324
MouseWheel,134021641571277107,120
gaze,134021641571343561,571,317
gaze,134021641571429279,567,303
gaze,134021641571510324,566,309
gaze,134021641571596239,567,315
gaze,134021641571678660,565,319
gaze,134021641571761821,559,314
gaze,134021641571838697,564,307
gaze,134021641571903707,564,312
gaze,134021641571991681,551,312
MouseWheel,134021641571999230,120
gaze,134021641572094859,471,293
gaze,134021641572177438,449,294
gaze,134021641572260823,440,301
gaze,134021641572344046,438,277
gaze,134021641572427017,438,293
gaze,134021641572510077,440,286
gaze,134021641572593752,441,297
gaze,134021641572677379,434,277
gaze,134021641572760494,439,285
gaze,134021641572838297,441,296
gaze,134021641572903513,437,291
gaze,134021641572991612,435,290
gaze,134021641573074872,441,282
gaze,134021641573178143,438,291
gaze,134021641573260271,445,298
gaze,134021641573343597,436,289
gaze,134021641573427306,444,291
gaze,134021641573510024,446,304
gaze,134021641573593547,447,304
MouseMove,134021641573597444,673,481
gaze,134021641573678144,447,307
gaze,134021641573759774,447,299
gaze,134021641573838301,434,293
gaze,134021641573907733,445,306
MouseMove,134021641573916159,671,480
gaze,134021641573986559,449,307
gaze,134021641574074564,451,301
MouseMove,134021641574078507,670,479
MouseMove,134021641574156158,669,478
gaze,134021641574177860,443,306
MouseMove,134021641574236275,667,478
gaze,134021641574259998,447,284
MouseMove,134021641574316846,663,477
gaze,134021641574354676,451,305
MouseMove,134021641574397811,660,477
gaze,134021641574430359,444,293
MouseMove,134021641574475709,656,477
gaze,134021641574512198,445,297
MouseMove,134021641574556673,653,475
gaze,134021641574593864,439,292
MouseMove,134021641574636289,651,475
gaze,134021641574680242,441,293
MouseMove,134021641574717548,648,475
gaze,134021641574760521,437,272
MouseMove,134021641574797002,645,475
gaze,134021641574844657,444,296
MouseMove,134021641574878080,642,475
gaze,134021641574920745,448,309
MouseMove,134021641574955746,640,475
gaze,134021641574988240,443,296
MouseMove,134021641575040239,638,475
gaze,134021641575075132,446,293
MouseMove,134021641575119362,637,475
gaze,134021641575157509,444,287
gaze,134021641575262259,441,296
MouseMove,134021641575275528,636,475
gaze,134021641575343337,450,296
MouseMove,134021641575356328,635,475
gaze,134021641575427650,448,295
MouseMove,134021641575435849,634,475
gaze,134021641575510583,442,295
MouseMove,134021641575515772,633,475
gaze,134021641575594914,450,303
MouseMove,134021641575597001,631,475
MouseMove,134021641575676233,630,475
gaze,134021641575679288,445,299
MouseMove,134021641575757111,628,475
gaze,134021641575760651,444,290
MouseMove,134021641575837752,627,475
gaze,134021641575844114,445,295
MouseMove,134021641575916248,625,475
gaze,134021641575920842,443,289
gaze,134021641575991457,445,286
MouseMove,134021641575997013,624,475
gaze,134021641576069985,450,303
MouseMove,134021641576076965,622,475
MouseMove,134021641576156252,621,475
gaze,134021641576178300,451,298
gaze,134021641576259934,450,292
MouseMove,134021641576316891,619,475
gaze,134021641576345957,439,279
MouseMove,134021641576396591,618,475
gaze,134021641576426886,445,292
MouseMove,134021641576476721,618,475
gaze,134021641576512192,433,321
MouseMove,134021641576556918,617,475
gaze,134021641576594118,408,393
MouseMove,134021641576636473,615,475
gaze,134021641576680321,402,424
MouseMove,134021641576718235,614,475
gaze,134021641576760383,396,432
MouseMove,134021641576797046,610,475
gaze,134021641576844829,394,437
MouseMove,134021641576877934,605,475
gaze,134021641576927331,391,442
MouseMove,134021641576956750,602,475
gaze,134021641577001500,395,435
MouseMove,134021641577036418,599,475
gaze,134021641577079662,398,445
MouseMove,134021641577118364,598,474
gaze,134021641577158647,397,449
MouseMove,134021641577196963,596,474
gaze,134021641577262639,406,453
MouseMove,134021641577278257,595,474
gaze,134021641577344087,393,437
MouseMove,134021641577357301,595,474
gaze,134021641577431736,393,436
gaze,134021641577509533,388,431
MouseMove,134021641577516230,594,474
gaze,134021641577594944,400,447
MouseMove,134021641577598093,592,474
MouseMove,134021641577676654,588,474
gaze,134021641577678604,390,423
MouseMove,134021641577756543,584,474
gaze,134021641577760830,398,432
MouseMove,134021641577835862,579,474
gaze,134021641577844181,394,442
MouseMove,134021641577915765,575,474
gaze,134021641577922121,399,442
MouseMove,134021641578000365,573,474
gaze,134021641577992205,394,432
gaze,134021641578071333,405,437
MouseMove,134021641578078306,571,474
gaze,134021641578178885,401,441
gaze,134021641578260483,398,440
gaze,134021641578348445,396,437
gaze,134021641578429146,403,451
gaze,134021641578514292,401,440
gaze,134021641578593321,398,439
gaze,134021641578679270,401,447
gaze,134021641578759935,404,449
gaze,134021641578845273,400,446
gaze,134021641578926912,398,439
gaze,134021641579001566,401,442
gaze,134021641579076406,401,443
gaze,134021641579158996,396,437
gaze,134021641579262268,392,445
gaze,134021641579344137,393,449
gaze,134021641579429063,341,470
gaze,134021641579510274,344,459
gaze,134021641579595586,353,475
gaze,134021641579677390,344,464
gaze,134021641579762628,349,470
gaze,134021641579843889,353,475
gaze,134021641579923686,350,467
gaze,134021641579991499,353,471
gaze,134021641580070713,354,467
gaze,134021641580178168,359,473
gaze,134021641580260752,354,467
gaze,134021641580343739,351,478
gaze,134021641580427346,354,469
gaze,134021641580510266,353,467
gaze,134021641580596405,358,482
gaze,134021641580677341,364,474
gaze,134021641580763626,356,465
gaze,134021641580842975,351,468
gaze,134021641580927953,365,478
gaze,134021641581000831,355,480
gaze,134021641581076856,354,470
gaze,134021641581159332,361,480
gaze,134021641581241674,356,470
gaze,134021641581346535,347,465
gaze,134021641581427731,352,473
gaze,134021641581512937,353,473
gaze,134021641581594136,348,504
gaze,134021641581680506,362,546
gaze,134021641581761005,370,551
gaze,134021641581845259,370,554
gaze,134021641581921417,370,556
gaze,134021641581994317,370,555
gaze,134021641582076291,369,562
LeftMouseDown,134021641582080097
gaze,134021641582153857,365,547
gaze,134021641582262611,366,546
gaze,134021641582347012,368,554
gaze,134021641582430453,372,553
gaze,134021641582512061,373,560
gaze,134021641582596075,374,553
gaze,134021641582678453,366,554
gaze,134021641582760756,370,551
gaze,134021641582844312,368,555
gaze,134021641582926907,366,552
gaze,134021641583011284,361,554
gaze,134021641583083568,367,553
LeftMouseUp,134021641583117449
gaze,134021641583159537,370,548
gaze,134021641583242449,368,551
gaze,134021641583346021,366,553
gaze,134021641583427712,364,552
gaze,134021641583512591,367,550
gaze,134021641583594551,365,543
gaze,134021641583681771,366,551
gaze,134021641583761357,369,546
gaze,134021641583846112,373,555
gaze,134021641583930394,368,548
gaze,134021641584008210,366,545
gaze,134021641584075244,371,554
gaze,134021641584153981,371,551
gaze,134021641584262070,375,559
gaze,134021641584345056,417,537
gaze,134021641584428692,436,529
gaze,134021641584510495,441,524
gaze,134021641584594402,438,529
MouseMove,134021641584637215,571,474
gaze,134021641584678138,435,520
MouseMove,134021641584717177,571,474
gaze,134021641584761182,439,531
MouseMove,134021641584796528,571,475
gaze,134021641584850696,447,525
MouseMove,134021641584877105,571,477
gaze,134021641584926747,445,535
MouseMove,134021641584957301,571,478
gaze,134021641585011440,445,529
MouseMove,134021641585036278,572,480
gaze,134021641585083940,446,531
MouseMove,134021641585115657,573,482
gaze,134021641585159121,442,526
MouseMove,134021641585197212,574,484
gaze,134021641585242024,437,533
MouseMove,134021641585275781,576,487
gaze,134021641585324974,441,535
MouseMove,134021641585356966,577,489
gaze,134021641585428817,443,526
MouseMove,134021641585437001,578,491
gaze,134021641585511007,446,535
MouseMove,134021641585515571,579,494
gaze,134021641585593952,444,533
MouseMove,134021641585596380,579,495
MouseMove,134021641585677069,580,496
gaze,134021641585677549,440,530
MouseMove,134021641585758224,581,498
gaze,134021641585770172,445,531
MouseMove,134021641585836379,581,499
gaze,134021641585843975,444,536
MouseMove,134021641585916915,581,500
gaze,134021641585927427,469,535
MouseMove,134021641585996638,581,501
gaze,134021641586012493,552,538
MouseMove,134021641586077977,581,501
gaze,134021641586078712,569,537
MouseMove,134021641586156336,581,503
gaze,134021641586158212,563,533
MouseMove,134021641586236548,581,505
gaze,134021641586262865,567,540
MouseMove,134021641586316744,581,506
gaze,134021641586344039,578,536
MouseMove,134021641586397242,583,509
gaze,134021641586430107,570,538
MouseMove,134021641586476509,583,510
gaze,134021641586510365,578,539
MouseMove,134021641586556505,583,512
gaze,134021641586596078,576,544
MouseMove,134021641586636200,583,513
gaze,134021641586678008,574,541
MouseMove,134021641586716833,583,515
gaze,134021641586763051,562,541
MouseMove,134021641586796470,583,516
gaze,134021641586844063,565,526
MouseMove,134021641586877932,583,518
gaze,134021641586930601,566,533
MouseMove,134021641586956749,584,519
gaze,134021641587012000,564,528
MouseMove,134021641587036616,584,519
gaze,134021641587091194,561,531
MouseMove,134021641587116902,584,521
gaze,134021641587173661,563,533
MouseMove,134021641587197124,584,522
gaze,134021641587243180,557,540
MouseMove,134021641587276372,584,522
gaze,134021641587325943,564,533
MouseMove,134021641587355727,585,524
gaze,134021641587429246,565,537
gaze,134021641587510183,571,539
MouseMove,134021641587516657,585,525
MouseMove,134021641587600785,585,526
gaze,134021641587600839,566,527
gaze,134021641587684567,567,541
MouseMove,134021641587756739,585,527
gaze,134021641587762993,608,534
MouseMove,134021641587836722,585,527
gaze,134021641587845833,686,533
MouseMove,134021641587916648,585,529
gaze,134021641587925962,700,542
gaze,134021641588002455,694,524
MouseMove,134021641588077088,586,529
gaze,134021641588076921,705,531
MouseMove,134021641588159378,586,530
gaze,134021641588159472,697,526
gaze,134021641588236968,705,530
MouseMove,134021641588317304,586,530
gaze,134021641588345765,699,538
MouseMove,134021641588396718,586,531
gaze,134021641588427422,700,520
gaze,134021641588511924,694,530
gaze,134021641588593980,696,527
gaze,134021641588679660,700,526
gaze,134021641588760878,691,527
gaze,134021641588845813,698,526
gaze,134021641588927589,697,533
gaze,134021641589013040,700,534
gaze,134021641589093828,692,539
gaze,134021641589165938,687,544
gaze,134021641589238916,693,531
gaze,134021641589321555,688,529
MouseMove,134021641589355927,586,531
gaze,134021641589424218,692,526
gaze,134021641589506734,696,526
MouseMove,134021641589516856,586,533
gaze,134021641589594791,703,535
gaze,134021641589673926,696,539
MouseMove,134021641589756602,586,533
gaze,134021641589766693,699,527
gaze,134021641589839323,689,530
gaze,134021641589925705,698,535
gaze,134021641590012752,763,526
gaze,134021641590089202,782,521
gaze,134021641590160455,772,516
gaze,134021641590237047,777,525
gaze,134021641590345578,780,521
MouseWheel,134021641590397947,-120
gaze,134021641590427725,771,529
gaze,134021641590506539,777,527
MouseMove,134021641590555924,587,534
gaze,134021641590598099,777,514
gaze,134021641590678679,775,509
gaze,134021641590763562,776,504
gaze,134021641590844404,779,518
gaze,134021641590929829,771,519
gaze,134021641591010972,778,517
gaze,134021641591091028,781,525
gaze,134021641591163607,781,522
gaze,134021641591244071,778,520
gaze,134021641591325924,778,518
gaze,134021641591429045,783,509
gaze,134021641591510369,780,513
gaze,134021641591595865,772,515
gaze,134021641591678556,783,519
gaze,134021641591759876,785,513
gaze,134021641591841444,781,513
gaze,134021641591923743,781,510
gaze,134021641592012260,778,512
gaze,134021641592090284,774,503
gaze,134021641592158409,782,511
gaze,134021641592237309,783,501
gaze,134021641592346418,780,512
gaze,134021641592427824,782,503
gaze,134021641592507057,766,518
gaze,134021641592595456,689,543
gaze,134021641592678443,535,581
gaze,134021641592762171,461,602
gaze,134021641592844776,430,627
gaze,134021641592927461,447,628
gaze,134021641593011295,440,634
gaze,134021641593094808,448,628
gaze,134021641593166809,439,628
gaze,134021641593247137,439,626
gaze,134021641593326556,445,620
gaze,134021641593409223,436,602
MouseMove,134021641593437294,587,536
gaze,134021641593514738,437,621
MouseMove,134021641593516724,587,536
gaze,134021641593594165,450,628
MouseMove,134021641593596045,587,537
MouseMove,134021641593676703,587,537
gaze,134021641593679875,451,623
MouseMove,134021641593756090,587,539
gaze,134021641593760964,454,627
MouseMove,134021641593835840,587,541
gaze,134021641593849771,450,622
MouseMove,134021641593916091,586,543
gaze,134021641593926850,447,621
MouseMove,134021641593996452,586,544
gaze,134021641594013316,444,626
MouseMove,134021641594078101,586,546
gaze,134021641594088505,447,623
MouseMove,134021641594156967,586,547
gaze,134021641594160905,457,631
gaze,134021641594242669,443,622
MouseMove,134021641594316217,585,548
gaze,134021641594346360,448,625
MouseMove,134021641594396615,585,549
gaze,134021641594429996,449,633
MouseMove,134021641594480158,584,550
gaze,134021641594510769,454,628
gaze,134021641594594985,442,625
gaze,134021641594678931,444,627
MouseMove,134021641594716733,584,551
gaze,134021641594761099,450,638
MouseMove,134021641594796946,584,552
gaze,134021641594845157,434,675
gaze,134021641594928330,439,687
MouseMove,134021641594956277,584,553
gaze,134021641595011659,448,687
MouseMove,134021641595036887,584,554
gaze,134021641595093861,444,686
MouseMove,134021641595116188,584,555
gaze,134021641595172395,449,688
MouseMove,134021641595197413,584,556
gaze,134021641595256547,448,689
MouseMove,134021641595275641,584,557
gaze,134021641595326392,444,690
MouseMove,134021641595356654,584,558
gaze,134021641595408891,435,682
MouseMove,134021641595436731,584,559
gaze,134021641595512964,441,686
MouseMove,134021641595517075,584,561
gaze,134021641595594903,439,691
MouseMove,134021641595596387,584,562
MouseMove,134021641595675852,584,562
gaze,134021641595680988,438,690
gaze,134021641595763492,440,687
MouseMove,134021641595837704,584,563
gaze,134021641595846832,431,692
gaze,134021641595927166,444,689
MouseMove,134021641595999072,584,564
gaze,134021641596012041,441,688
gaze,134021641596088580,436,693
MouseMove,134021641596155742,584,565
gaze,134021641596160343,440,691
MouseMove,134021641596236411,584,565
gaze,134021641596241872,444,692
MouseMove,134021641596322853,584,566
gaze,134021641596323014,440,699
gaze,134021641596428992,429,702
MouseMove,134021641596477352,584,567
gaze,134021641596510381,405,742
gaze,134021641596595063,412,744
MouseMove,134021641596637032,584,568
MouseWheel,134021641596640813,-120
gaze,134021641596678939,406,745
gaze,134021641596762296,409,749
gaze,134021641596844725,418,747
gaze,134021641596928763,406,749
gaze,134021641597013542,411,741
gaze,134021641597100852,419,752
gaze,134021641597178208,418,752
gaze,134021641597250715,423,750
gaze,134021641597326545,413,748
gaze,134021641597408706,418,747
gaze,134021641597513658,414,747
gaze,134021641597593966,412,748
gaze,134021641597684217,422,741
gaze,134021641597761065,407,743
gaze,134021641597845931,414,740
gaze,134021641597927596,407,748
gaze,134021641598012830,409,739
gaze,134021641598094344,412,738
gaze,134021641598181135,411,737
gaze,134021641598242055,413,737
gaze,134021641598321045,411,733
gaze,134021641598408648,415,736
gaze,134021641598512181,413,734
gaze,134021641598593898,412,726
MouseMove,134021641598639923,584,568
gaze,134021641598679838,415,734
gaze,134021641598760835,414,733
MouseMove,134021641598798980,584,569
gaze,134021641598845956,408,733
MouseMove,134021641598877481,584,571
gaze,134021641598927954,408,734
gaze,134021641599012400,416,741
MouseMove,134021641599036947,584,571
gaze,134021641599094474,409,732
gaze,134021641599179035,419,737
MouseMove,134021641599196765,584,572
gaze,134021641599254748,416,736
MouseMove,134021641599275815,585,573
gaze,134021641599322838,417,733
MouseMove,134021641599356939,586,575
gaze,134021641599408384,423,743
MouseMove,134021641599436592,586,575
gaze,134021641599511647,422,736
gaze,134021641599593769,412,714
MouseMove,134021641599596737,586,577
MouseMove,134021641599676394,586,578
gaze,134021641599681152,419,676
MouseMove,134021641599755999,586,580
gaze,134021641599761185,418,680
MouseMove,134021641599836084,587,580
gaze,134021641599845644,422,678
MouseMove,134021641599917093,587,581
gaze,134021641599927369,423,671
MouseMove,134021641599997399,587,581
gaze,134021641600013708,421,673
MouseMove,134021641600078210,587,582
gaze,134021641600094357,421,663
MouseMove,134021641600156982,587,584
gaze,134021641600179990,419,673
MouseMove,134021641600236037,587,584
gaze,134021641600255757,422,673
MouseMove,134021641600324162,589,586
gaze,134021641600324251,425,668
MouseMove,134021641600397450,589,586
gaze,134021641600408605,427,669
MouseMove,134021641600477956,589,587
gaze,134021641600511423,425,665
MouseMove,134021641600556433,589,587
gaze,134021641600601899,424,678
MouseMove,134021641600636558,589,588
gaze,134021641600677690,431,666
MouseMove,134021641600716363,589,589
gaze,134021641600763268,427,673
MouseMove,134021641600796249,589,590
gaze,134021641600844137,423,675
MouseMove,134021641600877263,590,590
gaze,134021641600928963,425,670
MouseMove,134021641600957465,590,592
gaze,134021641601024207,433,675
MouseMove,134021641601036287,590,593
gaze,134021641601098275,428,673
MouseMove,134021641601118216,590,593
gaze,134021641601178536,430,667
MouseMove,134021641601198246,590,595
gaze,134021641601259402,419,660
MouseMove,134021641601276694,590,597
gaze,134021641601321806,418,635
MouseMove,134021641601358030,590,599
gaze,134021641601409404,428,633
MouseMove,134021641601438554,590,600
gaze,134021641601511697,421,636
MouseMove,134021641601515958,589,603
gaze,134021641601594400,422,635
MouseMove,134021641601598420,589,604
MouseMove,134021641601676917,589,605
gaze,134021641601679531,423,631
MouseMove,134021641601757256,589,606
gaze,134021641601760663,428,631
MouseMove,134021641601841278,589,606
gaze,134021641601845615,421,628
MouseMove,134021641601917393,588,607
gaze,134021641601927601,429,632
MouseMove,134021641601997154,588,608
gaze,134021641602013626,425,627
MouseMove,134021641602077320,588,609
gaze,134021641602095087,426,632
MouseMove,134021641602156711,587,609
gaze,134021641602179664,415,624
gaze,134021641602256383,417,616
MouseMove,134021641602317738,587,610
gaze,134021641602323630,421,634
MouseMove,134021641602398315,585,613
gaze,134021641602409901,425,631
MouseMove,134021641602476181,585,613
gaze,134021641602512871,425,641
MouseMove,134021641602556544,584,614
gaze,134021641602594350,428,629
MouseMove,134021641602636401,582,615
gaze,134021641602679620,432,632
MouseMove,134021641602716890,581,616
gaze,134021641602760614,434,631
MouseMove,134021641602796516,579,618
gaze,134021641602845920,422,620
MouseMove,134021641602877474,578,619
gaze,134021641602930005,433,628
MouseMove,134021641602956487,577,619
gaze,134021641603012427,425,626
gaze,134021641603094566,432,633
gaze,134021641603178722,431,628
MouseMove,134021641603197105,577,620
gaze,134021641603254832,446,617
gaze,134021641603323847,458,602
gaze,134021641603409642,460,611
MouseMove,134021641603436836,576,620
gaze,134021641603492752,459,616
gaze,134021641603597054,466,611
MouseMove,134021641603677543,576,620
gaze,134021641603678021,472,611
MouseMove,134021641603758466,574,621
gaze,134021641603762933,462,613
MouseMove,134021641603836343,573,622
gaze,134021641603844466,474,620
gaze,134021641603929814,465,610
MouseMove,134021641603997985,572,624
gaze,134021641604011063,457,610
gaze,134021641604096154,459,608
MouseMove,134021641604156628,570,625
gaze,134021641604177829,452,602
gaze,134021641604257937,457,604
gaze,134021641604329841,467,607
MouseMove,134021641604396807,570,625
gaze,134021641604404673,467,607
MouseMove,134021641604478337,569,626
gaze,134021641604491960,524,616
gaze,134021641604596357,606,604
gaze,134021641604679120,607,609
MouseMove,134021641604717179,569,626
gaze,134021641604762242,605,605
gaze,134021641604844404,603,597
gaze,134021641604928065,599,598
MouseMove,134021641604956113,568,627
gaze,134021641605014515,603,597
MouseMove,134021641605037006,567,627
gaze,134021641605094890,610,609
MouseMove,134021641605117985,566,628
gaze,134021641605177823,612,600
gaze,134021641605261671,599,597
MouseMove,134021641605277305,565,629
gaze,134021641605339422,603,601
MouseMove,134021641605356033,565,630
gaze,134021641605405472,605,616
MouseMove,134021641605437290,564,631
gaze,134021641605492803,602,602
gaze,134021641605596662,597,602
gaze,134021641605678021,609,614
gaze,134021641605764184,595,600
gaze,134021641605844708,605,601
gaze,134021641605929821,601,600
gaze,134021641606011696,604,602
gaze,134021641606096360,600,595
gaze,134021641606177643,600,593
MouseMove,134021641606235721,564,632
gaze,134021641606271861,602,612
gaze,134021641606339664,604,608
gaze,134021641606410150,597,603
gaze,134021641606492637,606,605
gaze,134021641606596380,601,606
gaze,134021641606678540,606,618
gaze,134021641606764883,600,601
gaze,134021641606845728,608,600
gaze,134021641606928236,604,598
gaze,134021641607012269,603,609
gaze,134021641607094989,586,606
gaze,134021641607178640,490,644
gaze,134021641607262410,437,671
gaze,134021641607340615,428,665
gaze,134021641607404951,437,665
gaze,134021641607492354,443,667
LeftMouseDown,134021641607596648
gaze,134021641607596384,447,670
gaze,134021641607683323,449,672
gaze,134021641607765449,449,670
gaze,134021641607845313,441,671
gaze,134021641607927953,442,662
gaze,134021641608011162,435,668
gaze,134021641608099535,432,662
gaze,134021641608177819,438,664
gaze,134021641608261348,441,669
LeftMouseUp,134021641608318334
gaze,134021641608340175,440,661
gaze,134021641608404577,440,664
gaze,134021641608491562,440,670
gaze,134021641608596095,439,672
gaze,134021641608678856,446,678
MouseMove,134021641608716586,564,632
gaze,134021641608761544,445,671
MouseMove,134021641608797019,571,632
gaze,134021641608844813,440,663
MouseMove,134021641608880500,581,633
gaze,134021641608928580,438,667
MouseMove,134021641608957182,591,636
gaze,134021641609013235,440,659
MouseMove,134021641609040929,602,637
gaze,134021641609098408,439,656
MouseMove,134021641609117174,614,638
gaze,134021641609179119,447,666
MouseMove,134021641609196825,624,639
gaze,134021641609261322,438,670
MouseMove,134021641609276525,637,642
gaze,134021641609339649,440,665
MouseMove,134021641609355724,652,647
gaze,134021641609405578,443,660
MouseMove,134021641609437066,668,651
gaze,134021641609491714,446,661
MouseMove,134021641609515879,687,655
gaze,134021641609576148,512,666
MouseMove,134021641609596199,707,658
MouseMove,134021641609677395,728,660
gaze,134021641609680200,523,658
MouseMove,134021641609757456,748,663
gaze,134021641609762303,528,660
MouseMove,134021641609835551,775,668
gaze,134021641609849290,524,668
MouseMove,134021641609917135,792,669
gaze,134021641609928858,532,665
MouseMove,134021641609996871,800,669
gaze,134021641610011643,526,663
gaze,134021641610095264,530,670
gaze,134021641610185209,534,668
gaze,134021641610261771,537,667
gaze,134021641610339609,531,669
gaze,134021641610411243,536,673
gaze,134021641610493570,533,665
gaze,134021641610575606,524,661
gaze,134021641610682075,520,666
gaze,134021641610761299,530,666
gaze,134021641610847073,532,670
gaze,134021641610927868,527,665
gaze,134021641611014194,571,666
gaze,134021641611096131,634,671
gaze,134021641611180540,652,662
gaze,134021641611262714,645,662
gaze,134021641611345070,654,664
gaze,134021641611423237,643,658
gaze,134021641611487919,652,664
gaze,134021641611576332,644,662
gaze,134021641611681341,652,674
gaze,134021641611761932,655,662
gaze,134021641611847074,648,664
gaze,134021641611929587,649,664
gaze,134021641612014350,641,660
gaze,134021641612096075,651,669
gaze,134021641612180280,649,665
gaze,134021641612262629,649,672
gaze,134021641612346883,655,675
gaze,134021641612423206,646,672
gaze,134021641612489779,654,668
gaze,134021641612575946,650,662
gaze,134021641612680540,652,674
gaze,134021641612761913,649,661
gaze,134021641612846305,650,673
gaze,134021641612928390,653,677
gaze,134021641613013873,654,676
gaze,134021641613095931,652,671
gaze,134021641613180094,653,678
gaze,134021641613261952,656,673
gaze,134021641613347670,651,672
gaze,134021641613423518,648,667
gaze,134021641613489790,653,672
gaze,134021641613576598,663,677
gaze,134021641613680598,648,677
gaze,134021641613761438,654,671
gaze,134021641613847026,649,669
gaze,134021641613933072,650,674
gaze,134021641614012655,650,672
gaze,134021641614094855,659,668
gaze,134021641614179279,650,662
gaze,134021641614262875,655,679
gaze,134021641614402158,650,670
gaze,134021641614521232,697,676
gaze,134021641614521806,772,671
gaze,134021641614736580,763,673
gaze,134021641614750754,761,659
gaze,134021641614785542,761,665
gaze,134021641614848367,764,671
gaze,134021641614929199,760,662
gaze,134021641615011513,759,669
gaze,134021641615095941,763,665
gaze,134021641615179525,756,658
gaze,134021641615262762,752,670
gaze,134021641615346476,753,675
gaze,134021641615424408,755,665
gaze,134021641615493724,755,667
gaze,134021641615573785,746,662
gaze,134021641615690686,757,647
gaze,134021641615764826,740,660
KeyDown,134021641619757169,13
gaze,134021641620099390,586,782
gaze,134021641620179942,602,704
gaze,134021641620265345,599,661
gaze,134021641620346152,615,616
KeyUp,134021641620396617,13
gaze,134021641620431210,599,590
gaze,134021641620507210,600,598
gaze,134021641620593385,596,586
gaze,134021641620664393,599,601
gaze,134021641620744645,593,595
gaze,134021641620847780,595,612
gaze,134021641620929216,594,613
gaze,134021641621016037,602,631
KeyDown,134021641621038218,13
gaze,134021641621099198,606,633
gaze,134021641621181931,612,631
gaze,134021641621262872,612,636
gaze,134021641621346752,599,632
gaze,134021641621432151,601,624
gaze,134021641621494363,605,620
gaze,134021641621577139,604,635
gaze,134021641621656203,529,640
KeyUp,134021641621676957,13
gaze,134021641621764759,372,686
gaze,134021641621845914,362,700
gaze,134021641621932042,329,699
gaze,134021641622014185,354,707
gaze,134021641622098457,354,702
gaze,134021641622180004,352,701
gaze,134021641622266179,345,699
gaze,134021641622346987,358,695
gaze,134021641622434047,363,694
KeyDown,134021641622477691,38
gaze,134021641622513006,360,696
gaze,134021641622587713,362,692
gaze,134021641622664393,356,689
gaze,134021641622745269,357,699
gaze,134021641622848499,360,693
gaze,134021641622929584,362,701
gaze,134021641623022999,363,696
gaze,134021641623096771,361,699
gaze,134021641623188711,360,689
KeyUp,134021641623196889,38
gaze,134021641623264039,359,696
gaze,134021641623353960,356,693
gaze,134021641623430457,355,694
gaze,134021641623511202,354,693
gaze,134021641623578371,360,687
gaze,134021641623659002,355,694
gaze,134021641623765745,365,695
gaze,134021641623847090,364,698
gaze,134021641623929650,352,692
gaze,134021641624013943,356,689
gaze,134021641624098298,349,689
gaze,134021641624180746,347,687
gaze,134021641624267417,356,694
gaze,134021641624347513,364,693
gaze,134021641624430380,360,692
gaze,134021641624513935,354,686
gaze,134021641624591758,359,693
gaze,134021641624661903,353,684
gaze,134021641624744337,348,693
gaze,134021641624827712,346,684
gaze,134021641624930998,358,694
gaze,134021641625016695,363,693
gaze,134021641625098715,352,687
gaze,134021641625179740,356,690
gaze,134021641625265913,360,686
gaze,134021641625347327,361,691
gaze,134021641625432655,352,683
gaze,134021641625508075,366,696
gaze,134021641625580982,365,693
gaze,134021641625661669,360,691
gaze,134021641625763866,358,696
gaze,134021641625853357,359,692
gaze,134021641625929629,346,687
gaze,134021641626013841,367,691
gaze,134021641626096883,424,701
KeyDown,134021641626158746,40
gaze,134021641626180341,411,709
gaze,134021641626263585,415,704
gaze,134021641626347511,412,711
gaze,134021641626439992,415,708
gaze,134021641626514283,413,706
gaze,134021641626592425,419,704
gaze,134021641626676029,413,700
gaze,134021641626745366,407,700
KeyUp,134021641626796564,40
gaze,134021641626828408,419,709
gaze,134021641626915836,411,705
gaze,134021641627015014,411,700
gaze,134021641627097562,402,702
gaze,134021641627179067,417,709
gaze,134021641627265769,419,704
gaze,134021641627346768,417,707
gaze,134021641627432038,419,711
gaze,134021641627507121,414,706
gaze,134021641627580265,414,704
KeyDown,134021641627596801,40
gaze,134021641627662624,409,696
gaze,134021641627775733,405,697
gaze,134021641627841664,413,711
gaze,134021641627932476,415,704
gaze,134021641628013163,412,704
gaze,134021641628099437,417,710
gaze,134021641628179894,419,706
gaze,134021641628264827,414,713
KeyUp,134021641628316052,40
gaze,134021641628346820,367,710
gaze,134021641628432220,377,726
gaze,134021641628512868,370,717
gaze,134021641628593070,360,716
gaze,134021641628681395,361,711
gaze,134021641628757054,375,728
gaze,134021641628829062,379,724
gaze,134021641628910774,371,724
gaze,134021641628995268,376,722
gaze,134021641629098823,373,716
gaze,134021641629179631,376,711
KeyDown,134021641629196354,40
gaze,134021641629265745,363,715
gaze,134021641629346315,379,727
gaze,134021641629432657,368,711
gaze,134021641629506876,380,721
gaze,134021641629579709,377,706
KeyUp,134021641629596339,40
gaze,134021641629661809,376,716
gaze,134021641629764435,369,710
gaze,134021641629846203,381,720
gaze,134021641629927976,377,727
gaze,134021641630014515,378,723
gaze,134021641630096316,383,727
gaze,134021641630180381,382,727
gaze,134021641630263630,374,717
gaze,134021641630346528,386,725
gaze,134021641630429811,379,714
KeyDown,134021641630476487,40
gaze,134021641630513664,375,720
gaze,134021641630592243,385,720
gaze,134021641630684419,379,722
gaze,134021641630763762,376,726
gaze,134021641630847532,374,724
gaze,134021641630910980,371,725
gaze,134021641630998208,373,717
gaze,134021641631099181,381,720
KeyUp,134021641631119153,40
gaze,134021641631179958,374,720
gaze,134021641631266327,371,727
gaze,134021641631347514,367,719
gaze,134021641631431672,383,723
gaze,134021641631507940,372,723
gaze,134021641631579524,380,725
gaze,134021641631661366,375,723
gaze,134021641631745296,378,721
gaze,134021641631848374,378,731
gaze,134021641631925418,376,724
gaze,134021641632016058,376,725
gaze,134021641632097891,376,724
gaze,134021641632182704,376,729
gaze,134021641632262677,376,731
gaze,134021641632348920,379,725
gaze,134021641632430488,380,730
gaze,134021641632514896,377,726
gaze,134021641632596166,371,740
gaze,134021641632677309,371,725
gaze,134021641632764140,368,731
gaze,134021641632840398,371,730
gaze,134021641632910756,399,732
gaze,134021641632995494,491,728
gaze,134021641633099992,530,729
gaze,134021641633180178,524,728
gaze,134021641633265357,532,736
gaze,134021641633348420,536,731
gaze,134021641633432372,537,735
gaze,134021641633513154,524,728
gaze,134021641633594265,526,726
gaze,134021641633661671,521,732
gaze,134021641633745434,534,738
gaze,134021641633827693,531,730
gaze,134021641633928979,524,725
gaze,134021641634013669,535,730
gaze,134021641634097683,525,732
gaze,134021641634180349,535,725
gaze,134021641634264273,525,730
gaze,134021641634347601,531,730
gaze,134021641634432879,534,735
gaze,134021641634514691,535,739
KeyDown,134021641634557864,13
gaze,134021641634596603,537,735
gaze,134021641634683255,532,737
gaze,134021641634759069,524,736
gaze,134021641634844049,527,732
gaze,134021641634911306,515,731
gaze,134021641634995279,524,729
gaze,134021641635078566,529,740
gaze,134021641635181806,525,740
gaze,134021641635263592,515,732
KeyUp,134021641635276656,13
gaze,134021641635347878,532,734
gaze,134021641635431242,527,739
gaze,134021641635513955,534,741
gaze,134021641635597821,530,740
gaze,134021641635692212,527,739
gaze,134021641635750142,531,738
gaze,134021641635828025,532,749
gaze,134021641635931952,536,730
gaze,134021641636009288,534,741
KeyDown,134021641636077225,13
gaze,134021641636099785,519,733
gaze,134021641636179767,447,742
gaze,134021641636266694,377,759
gaze,134021641636348240,372,749
gaze,134021641636432197,377,759
gaze,134021641636514843,370,752
gaze,134021641636598546,377,758
KeyUp,134021641636642661,13
gaze,134021641636680974,383,759
gaze,134021641636761055,388,758
gaze,134021641636847976,380,756
gaze,134021641636925275,375,757
gaze,134021641636995736,384,757
gaze,134021641637080932,381,753
KeyDown,134021641637117587,38
gaze,134021641637182147,388,752
gaze,134021641637265682,379,752
gaze,134021641637477681,394,757
gaze,134021641637480047,379,762
gaze,134021641637765948,382,753
gaze,134021641637766726,377,755
gaze,134021641637771682,382,760
gaze,134021641637773504,378,752
gaze,134021641637919512,385,750
gaze,134021641637924685,392,760
KeyUp,134021641638076257,38
gaze,134021641638136087,374,759
gaze,134021641638136610,387,751
gaze,134021641638369129,377,761
gaze,134021641638369614,386,756
gaze,134021641638369777,383,755
gaze,134021641638440562,380,750
gaze,134021641638527353,383,753
gaze,134021641638597961,375,759
gaze,134021641638757982,379,755
gaze,134021641638777761,390,758
gaze,134021641638850891,384,766
gaze,134021641638927689,390,756
gaze,134021641638996340,391,758
gaze,134021641639078414,385,759
gaze,134021641639170364,384,755
gaze,134021641639264840,374,755
gaze,134021641639347130,405,760
gaze,134021641639432900,480,742
gaze,134021641639513085,580,716
gaze,134021641639603650,613,714
KeyDown,134021641639679637,50
gaze,134021641639681123,626,703
gaze,134021641639763708,614,706
gaze,134021641639828071,618,723
gaze,134021641639919130,615,714
gaze,134021641640015436,612,718
gaze,134021641640091068,610,720
gaze,134021641640182619,613,705
gaze,134021641640263459,616,711
gaze,134021641640348040,606,708
gaze,134021641640429689,610,712
gaze,134021641640515141,607,714
gaze,134021641640596264,613,722
gaze,134021641640684968,606,711
KeyUp,134021641640716804,50
gaze,134021641640763574,604,716
gaze,134021641640843348,607,717
gaze,134021641640931783,606,711
gaze,134021641641013166,599,715
gaze,134021641641082208,597,711
gaze,134021641641162524,600,715
gaze,134021641641244839,608,715
gaze,134021641641348118,610,716
gaze,134021641641432730,618,718
gaze,134021641641513502,608,718
gaze,134021641641596302,608,714
gaze,134021641641681301,607,715
gaze,134021641641757693,599,711
gaze,134021641641829805,601,712
gaze,134021641641912207,610,720
gaze,134021641642015831,619,718
gaze,134021641642098230,625,727
KeyDown,134021641642157019,38
gaze,134021641642176511,700,714
gaze,134021641642265796,740,714
gaze,134021641642351645,746,713
gaze,134021641642431272,741,712
gaze,134021641642513533,743,712
gaze,134021641642598386,753,719
gaze,134021641642680260,748,713
gaze,134021641642766049,740,707
gaze,134021641642840512,737,710
KeyUp,134021641642879015,38
gaze,134021641642932836,738,711
gaze,134021641643012909,740,717
gaze,134021641643093137,738,715
gaze,134021641643160773,736,712
gaze,134021641643245494,743,715
gaze,134021641643327838,734,709
gaze,134021641643430980,743,726
gaze,134021641643512537,736,712
gaze,134021641643599501,741,717
gaze,134021641643679753,739,715
gaze,134021641643761186,743,714
gaze,134021641643828098,736,720
gaze,134021641643911396,740,714
KeyDown,134021641643916399,38
gaze,134021641644015397,732,700
gaze,134021641644097444,729,718
gaze,134021641644181504,733,721
gaze,134021641644260023,737,709
gaze,134021641644349661,745,718
gaze,134021641644430963,734,711
KeyUp,134021641644477576,38
gaze,134021641644515686,784,711
gaze,134021641644597318,810,709
gaze,134021641644683111,815,705
gaze,134021641644763711,815,711
gaze,134021641644843299,832,710
gaze,134021641644932071,818,715
gaze,134021641645017255,816,708
gaze,134021641645100243,829,715
gaze,134021641645174473,830,705
gaze,134021641645247040,824,706
gaze,134021641645328926,823,707
gaze,134021641645432822,835,709
gaze,134021641645514553,826,696
KeyDown,134021641645596231,38
gaze,134021641645598974,824,705
gaze,134021641645681373,822,706
gaze,134021641645761624,831,717
gaze,134021641645827850,824,715
gaze,134021641645911605,816,718
gaze,134021641645995563,827,708
KeyUp,134021641645996935,38
gaze,134021641646098841,823,703
gaze,134021641646180568,825,715
gaze,134021641646261722,827,710
gaze,134021641646348924,829,700
gaze,134021641646430657,825,716
gaze,134021641646513922,825,715
gaze,134021641646596964,819,710
gaze,134021641646680864,827,723
gaze,134021641646765308,847,709
gaze,134021641646846764,869,695
gaze,134021641646926607,873,703
gaze,134021641647014563,874,700
KeyDown,134021641647037289,38
gaze,134021641647096533,879,701
gaze,134021641647177693,867,696
gaze,134021641647245119,871,693
gaze,134021641647328753,867,703
gaze,134021641647432249,878,703
KeyUp,134021641647436830,38
gaze,134021641647514740,866,701
gaze,134021641647598977,875,691
gaze,134021641647681074,870,697
gaze,134021641647768719,854,703
gaze,134021641647842523,689,710
gaze,134021641647911938,497,694
gaze,134021641647995318,372,683
gaze,134021641648078707,298,684
gaze,134021641648182024,318,686
gaze,134021641648258353,322,688
KeyDown,134021641648317099,38
gaze,134021641648348618,318,687
gaze,134021641648430304,330,684
gaze,134021641648514523,339,693
gaze,134021641648596431,343,693
gaze,134021641648682817,346,692
gaze,134021641648763443,341,684
gaze,134021641648849417,343,687
gaze,134021641648933103,347,699
gaze,134021641649010038,341,682
KeyUp,134021641649037480,38
gaze,134021641649101780,343,691
gaze,134021641649174329,338,686
gaze,134021641649245014,340,684
gaze,134021641649327450,343,690
gaze,134021641649430872,348,686
gaze,134021641649513903,336,691
gaze,134021641649597603,344,684
gaze,134021641649680820,340,693
gaze,134021641649763166,342,689
gaze,134021641649846550,338,687
gaze,134021641649924630,334,682
gaze,134021641649995685,331,677
gaze,134021641650078838,340,681
gaze,134021641650160209,333,677
gaze,134021641650263497,338,686
gaze,134021641650348065,354,666
gaze,134021641650430078,359,640
gaze,134021641650513867,361,664
gaze,134021641650596894,351,654
gaze,134021641650683220,353,649
gaze,134021641650764141,353,646
gaze,134021641650848819,364,663
gaze,134021641650929700,361,647
gaze,134021641651015892,352,643
gaze,134021641651090969,358,654
gaze,134021641651177630,360,652
gaze,134021641651244446,364,645
gaze,134021641651327600,364,649
gaze,134021641651411002,357,650
gaze,134021641651513752,357,662
gaze,134021641651596153,364,659
KeyDown,134021641651597222,38
gaze,134021641651682460,364,664
gaze,134021641651767105,355,648
gaze,134021641651846471,357,658
gaze,134021641651930110,363,651
gaze,134021641652015093,367,656
gaze,134021641652080822,366,657
gaze,134021641652161846,371,669
gaze,134021641652244268,353,650
KeyUp,134021641652317190,38
gaze,134021641652346439,361,663
gaze,134021641652429768,368,661
gaze,134021641652513458,361,655
gaze,134021641652597165,359,659
gaze,134021641652680036,352,652
gaze,134021641652763698,353,657
gaze,134021641652846827,361,666
gaze,134021641652929903,357,659
gaze,134021641653015562,364,655
gaze,134021641653097487,358,649
gaze,134021641653173696,353,653
gaze,134021641653261551,358,657
gaze,134021641653327968,355,659
gaze,134021641653411017,349,653
gaze,134021641653514279,361,656
gaze,134021641653595991,358,660
gaze,134021641653682507,362,660
gaze,134021641653767211,358,661
gaze,134021641653847851,362,657
gaze,134021641653929036,366,653
gaze,134021641654014243,361,660
gaze,134021641654090678,361,647
gaze,134021641654162461,350,656
gaze,134021641654244615,362,661
gaze,134021641654346010,407,643
gaze,134021641654433335,461,644
gaze,134021641654513698,487,620
gaze,134021641654597344,519,623
gaze,134021641654680454,518,618
gaze,134021641654764018,506,616
gaze,134021641654846134,520,620
gaze,134021641654929208,509,617
gaze,134021641655013210,507,611
gaze,134021641655096971,504,617
gaze,134021641655173734,513,621
gaze,134021641655259721,510,611
gaze,134021641655327827,501,620
gaze,134021641655411243,504,610
gaze,134021641655514088,501,606
KeyDown,134021641655516512,40
gaze,134021641655602310,497,618
gaze,134021641655684451,504,615
gaze,134021641655763777,510,616
gaze,134021641655846099,504,610
gaze,134021641655930061,503,626
gaze,134021641656013089,506,617
gaze,134021641656092064,504,615
gaze,134021641656161909,499,613
gaze,134021641656245764,508,618
gaze,134021641656347237,513,625
KeyUp,134021641656397047,40
gaze,134021641656430582,507,616
gaze,134021641656513033,503,619
gaze,134021641656597619,504,614
gaze,134021641656680523,506,610
gaze,134021641656763407,498,616
gaze,134021641656845846,505,619
gaze,134021641656929985,503,609
gaze,134021641657014601,509,620
gaze,134021641657097593,506,604
gaze,134021641657174750,509,620
gaze,134021641657260481,503,612
gaze,134021641657327948,501,614
gaze,134021641657411109,498,612
gaze,134021641657515084,510,619
gaze,134021641657596820,501,607
gaze,134021641657683861,503,607
gaze,134021641657764017,509,618
gaze,134021641657848263,506,612
gaze,134021641657930120,500,615
gaze,134021641658016479,506,621
gaze,134021641658090951,488,614
gaze,134021641658163208,432,583
gaze,134021641658246646,440,603
gaze,134021641658323917,436,578
gaze,134021641658431994,431,581
gaze,134021641658513882,432,588
gaze,134021641658598789,439,583
gaze,134021641658681461,436,589
gaze,134021641658764724,436,567
gaze,134021641658847012,429,575
gaze,134021641658930345,436,582
gaze,134021641659014091,438,587
gaze,134021641659097568,443,582
gaze,134021641659180514,438,566
gaze,134021641659252367,432,590
gaze,134021641659329456,437,577
gaze,134021641659411682,431,572
gaze,134021641659514959,438,573
gaze,134021641659601889,434,579
gaze,134021641659684056,436,581
gaze,134021641659764167,429,581
gaze,134021641659849532,423,572
gaze,134021641659929927,444,587
gaze,134021641660016319,434,586
gaze,134021641660096878,423,570
gaze,134021641660177675,399,593
gaze,134021641660245126,382,578
gaze,134021641660325868,374,566
gaze,134021641660431753,388,578
gaze,134021641660513232,383,582
gaze,134021641660599779,382,584
gaze,134021641660683542,400,584
gaze,134021641660766452,386,580
gaze,134021641660846587,393,580
gaze,134021641660931566,391,565
gaze,134021641661017816,384,569
gaze,134021641661098200,394,583
gaze,134021641661181224,387,579
gaze,134021641661252515,397,578
gaze,134021641661329171,396,572
gaze,134021641661411239,397,580
gaze,134021641661496190,395,586
gaze,134021641661598943,387,588
gaze,134021641661680681,390,589
gaze,134021641661765485,402,585
gaze,134021641661846964,480,580
gaze,134021641661938099,584,578
gaze,134021641662015609,634,568
gaze,134021641662100259,645,564
gaze,134021641662175369,640,563
gaze,134021641662251129,643,570
gaze,134021641662329148,636,569
gaze,134021641662407512,645,563
gaze,134021641662515371,639,559
gaze,134021641662596754,641,569
gaze,134021641662682076,647,578
gaze,134021641662763938,633,570
gaze,134021641662848751,637,569
gaze,134021641662929805,636,578
gaze,134021641663018676,643,577
gaze,134021641663098330,633,570
gaze,134021641663184564,631,565
gaze,134021641663264306,644,574
gaze,134021641663337483,645,579
gaze,134021641663412970,635,575
gaze,134021641663494659,643,584
gaze,134021641663578586,635,578
gaze,134021641663682857,641,591
gaze,134021641663764702,638,579
gaze,134021641663848315,637,590
gaze,134021641663930360,635,590
gaze,134021641664013879,636,577
gaze,134021641664097767,645,584
gaze,134021641664182003,638,580
gaze,134021641664259186,638,591
gaze,134021641664328916,630,581
gaze,134021641664411733,634,578
gaze,134021641664514378,676,600
gaze,134021641664597553,734,613
gaze,134021641664681145,728,627
gaze,134021641664764066,754,619
gaze,134021641664846779,744,623
gaze,134021641664929928,742,622
gaze,134021641665017763,747,622
gaze,134021641665098339,749,622
gaze,134021641665180265,749,632
gaze,134021641665266188,743,625
gaze,134021641665342507,753,623
gaze,134021641665429041,741,621
gaze,134021641665493822,742,620
gaze,134021641665578115,742,619
gaze,134021641665681906,742,620
gaze,134021641665763754,734,624
gaze,134021641665848316,746,619
gaze,134021641665930865,751,619
gaze,134021641666013833,731,620
gaze,134021641666097745,749,620
gaze,134021641666180086,744,622
gaze,134021641666261841,732,610
gaze,134021641666328245,744,629
gaze,134021641666412739,737,628
gaze,134021641666491154,740,619
gaze,134021641666598272,769,614
gaze,134021641666681532,815,610
gaze,134021641666765038,815,616
gaze,134021641666846436,813,608
gaze,134021641666932349,813,610
gaze,134021641667013881,812,612
gaze,134021641667100837,818,612
gaze,134021641667179468,820,615
gaze,134021641667266391,825,612
gaze,134021641667347140,818,609
gaze,134021641667423280,826,615
gaze,134021641667494966,823,613
gaze,134021641667579275,814,612
gaze,134021641667683560,814,610
gaze,134021641667764167,822,611
gaze,134021641667848630,811,615
gaze,134021641667929642,813,610
gaze,134021641668015330,813,605
gaze,134021641668097748,811,606
gaze,134021641668184450,813,618
gaze,134021641668263564,806,612
gaze,134021641668344876,810,612
gaze,134021641668411778,802,607
gaze,134021641668490246,808,607
gaze,134021641668599136,806,600
gaze,134021641668681130,807,607
gaze,134021641668765986,807,608
gaze,134021641668842278,885,610
gaze,134021641668933770,932,604
gaze,134021641669015340,942,593
gaze,134021641669098924,939,599
gaze,134021641669180070,950,599
gaze,134021641669266200,946,601
gaze,134021641669348000,937,610
gaze,134021641669425059,940,602
gaze,134021641669494808,945,591
gaze,134021641669584264,940,600
gaze,134021641669688373,937,605
gaze,134021641669764931,943,604
gaze,134021641669847495,934,604
gaze,134021641669930992,945,599
gaze,134021641670014363,951,598
gaze,134021641670097237,939,606
gaze,134021641670180668,945,606
gaze,134021641670264232,955,606
gaze,134021641670341678,941,610
gaze,134021641670411486,941,608
gaze,134021641670491057,946,596
gaze,134021641670598186,940,606
gaze,134021641670684052,935,602
gaze,134021641670765359,939,597
gaze,134021641670849200,939,598
gaze,134021641670931686,945,610
gaze,134021641671017967,937,599
gaze,134021641671097411,939,612
gaze,134021641671182133,954,609
gaze,134021641671263457,946,606
gaze,134021641671348564,953,604
gaze,134021641671420034,953,593
gaze,134021641671495287,946,600
gaze,134021641671579506,947,611
gaze,134021641671682384,908,594
gaze,134021641671764624,753,617
gaze,134021641671850407,608,611
gaze,134021641671931362,526,619
gaze,134021641672016285,483,620
gaze,134021641672097709,496,609
gaze,134021641672186401,502,616
gaze,134021641672264814,511,619
gaze,134021641672341351,511,619
gaze,134021641672413566,507,615
gaze,134021641672495191,502,610
gaze,134021641672577828,508,615
gaze,134021641672682215,507,624
gaze,134021641672764130,501,618
gaze,134021641672848169,506,607
gaze,134021641672930590,505,618
gaze,134021641673015885,514,611
gaze,134021641673097328,509,609
gaze,134021641673181948,521,633
gaze,134021641673264829,513,621
gaze,134021641673347725,517,623
gaze,134021641673425160,520,627
gaze,134021641673489943,513,615
gaze,134021641673578941,512,611
gaze,134021641673662938,511,622
gaze,134021641673765571,518,619
gaze,134021641673851720,509,615
gaze,134021641673932264,519,621
gaze,134021641674014027,509,609
gaze,134021641674098803,525,631
gaze,134021641674179888,474,617
gaze,134021641674267555,412,628
gaze,134021641674347745,413,620
gaze,134021641674427157,402,622
gaze,134021641674494947,402,628
gaze,134021641674574438,397,622
gaze,134021641674682750,403,619
gaze,134021641674763444,404,628
gaze,134021641674848241,420,628
gaze,134021641674930143,416,621
gaze,134021641675015660,412,633
gaze,134021641675103004,412,627
gaze,134021641675182606,413,621
gaze,134021641675264232,417,634
gaze,134021641675348805,416,628
gaze,134021641675430814,414,622
gaze,134021641675503440,411,623
gaze,134021641675578502,412,625
gaze,134021641675661879,419,622
gaze,134021641675765389,418,623
gaze,134021641675846827,407,627
gaze,134021641675931390,416,626
gaze,134021641676014313,486,561
gaze,134021641676100511,542,428
gaze,134021641676180837,579,308
gaze,134021641676271508,615,213
gaze,134021641676352140,611,192
gaze,134021641676428310,605,218
gaze,134021641676495933,611,252
gaze,134021641676574241,607,246
gaze,134021641676662501,606,239
gaze,134021641676765781,611,256
gaze,134021641676846723,603,245
gaze,134021641676932018,603,252
gaze,134021641677013866,594,235
gaze,134021641677099551,598,247
gaze,134021641677180200,603,248
gaze,134021641677266251,602,257
gaze,134021641677347442,606,280
gaze,134021641677432046,604,277
gaze,134021641677508265,611,261
gaze,134021641677575459,597,257
gaze,134021641677662572,603,267
gaze,134021641677768732,612,263
gaze,134021641677847490,608,268
gaze,134021641677930208,600,266
gaze,134021641678013908,597,232
gaze,134021641678097895,601,266
gaze,134021641678180659,604,261
gaze,134021641678264650,608,269
gaze,134021641678347575,607,271
gaze,134021641678430729,608,279
gaze,134021641678508469,604,264
gaze,134021641678574813,610,264
gaze,134021641678662146,606,272
gaze,134021641678765472,612,274
gaze,134021641678846979,608,251
gaze,134021641678931275,607,267
gaze,134021641679014695,598,258
gaze,134021641679099993,597,251
gaze,134021641679180520,608,280
gaze,134021641679267822,600,259
gaze,134021641679347571,599,265
gaze,134021641679432725,599,275
gaze,134021641679507304,602,267
gaze,134021641679575679,601,272
gaze,134021641679661792,608,273
gaze,134021641679765481,599,265
gaze,134021641679847671,606,273
gaze,134021641679930282,610,270
gaze,134021641680014082,600,267
gaze,134021641680097307,605,277
gaze,134021641680180465,611,275
gaze,134021641680264129,599,271
gaze,134021641680348701,601,260
gaze,134021641680431727,601,255
gaze,134021641680509071,604,272
gaze,134021641680574379,604,279
gaze,134021641680662606,605,269
gaze,134021641680769643,610,262
gaze,134021641680847610,608,271
gaze,134021641680932098,609,289
gaze,134021641681014233,609,274
gaze,134021641681098815,608,270
gaze,134021641681179927,606,278
gaze,134021641681265922,604,270
gaze,134021641681347299,603,272
gaze,134021641681432406,591,308
gaze,134021641681508079,597,309
gaze,134021641681576125,586,314
gaze,134021641681662704,588,336
gaze,134021641681765655,591,340
gaze,134021641681847892,587,344
gaze,134021641681931924,589,348
gaze,134021641682015490,587,328
gaze,134021641682098756,588,336
gaze,134021641682180890,590,324
gaze,134021641682264825,588,328
gaze,134021641682347636,591,327
gaze,134021641682430519,590,317
gaze,134021641682512221,593,325
gaze,134021641682573979,582,310
gaze,134021641682662050,584,319
gaze,134021641682765477,594,320
gaze,134021641682846668,596,329
gaze,134021641682931916,592,328
gaze,134021641683014699,585,314
gaze,134021641683101524,595,324
gaze,134021641683181215,584,321
gaze,134021641683266187,587,320
gaze,134021641683347637,595,323
gaze,134021641683433600,587,320
gaze,134021641683508634,588,323
gaze,134021641683576599,590,322
gaze,134021641683662269,576,294
gaze,134021641683745612,586,315
gaze,134021641683848646,589,320
gaze,134021641683930934,592,329
gaze,134021641684015696,591,319
gaze,134021641684097558,593,321
gaze,134021641684188482,588,321
gaze,134021641684264979,585,310
gaze,134021641684348761,585,314
gaze,134021641684430998,589,317
gaze,134021641684508657,584,320
gaze,134021641684579023,550,345
gaze,134021641684658386,513,384
gaze,134021641684766110,497,446
gaze,134021641684848687,451,516
gaze,134021641684931123,459,597
gaze,134021641685015141,470,642
gaze,134021641685098497,473,667
gaze,134021641685181581,465,658
gaze,134021641685265355,470,669
gaze,134021641685348208,474,666
gaze,134021641685431367,472,661
gaze,134021641685514563,476,667
gaze,134021641685586765,470,659
gaze,134021641685663992,472,666
gaze,134021641685745702,467,658
gaze,134021641685828561,467,652
gaze,134021641685931841,473,656
gaze,134021641686014603,466,652
gaze,134021641686099770,467,651
gaze,134021641686180734,469,654
gaze,134021641686266514,473,656
gaze,134021641686348530,465,656
gaze,134021641686432805,468,656
gaze,134021641686508572,468,657
gaze,134021641686580699,460,651
gaze,134021641686663064,469,655
gaze,134021641686764113,474,654
gaze,134021641686847324,475,657
gaze,134021641686930588,473,661
gaze,134021641687015266,472,647
gaze,134021641687101658,460,657
gaze,134021641687181454,404,638
gaze,134021641687266252,393,621
gaze,134021641687348480,386,618
gaze,134021641687432976,395,621
gaze,134021641687515691,388,621
gaze,134021641687594430,393,622
gaze,134021641687677375,388,617
gaze,134021641687746015,392,619
gaze,134021641687828338,387,616
gaze,134021641687931872,395,622
gaze,134021641688014458,400,615
gaze,134021641688100023,392,622
gaze,134021641688180948,403,624
gaze,134021641688266510,395,619
gaze,134021641688351722,396,626
gaze,134021641688434165,399,634
gaze,134021641688508994,400,628
gaze,134021641688581456,392,621
gaze,134021641688663081,390,619
gaze,134021641688764525,400,629
gaze,134021641688847702,400,628
gaze,134021641688930771,393,628
gaze,134021641689014309,393,627
gaze,134021641689097978,398,631
gaze,134021641689180598,389,623
gaze,134021641689264741,386,621
gaze,134021641689347894,401,622
gaze,134021641689431122,395,627
gaze,134021641689514653,394,622
gaze,134021641689592641,388,623
gaze,134021641689680744,395,621
gaze,134021641689756094,394,624
gaze,134021641689829438,387,630
gaze,134021641689912198,398,623
gaze,134021641690015413,389,626
gaze,134021641690097694,392,624
gaze,134021641690180645,395,633
gaze,134021641690264781,405,621
gaze,134021641690348063,392,630
gaze,134021641690431253,403,624
gaze,134021641690511215,404,624
gaze,134021641690579233,395,622
gaze,134021641690663111,402,622
gaze,134021641690749736,404,634
gaze,134021641690847420,395,623
gaze,134021641690931001,400,625
gaze,134021641691017592,399,621
gaze,134021641691098152,402,625
gaze,134021641691181342,405,630
gaze,134021641691265406,420,621
gaze,134021641691348289,485,613
gaze,134021641691431783,498,610
gaze,134021641691516084,495,605
gaze,134021641691599396,496,612
gaze,134021641691676815,498,609
gaze,134021641691760879,496,607
gaze,134021641691829248,493,607
gaze,134021641691912267,495,609
gaze,134021641692017147,490,604
gaze,134021641692098791,501,617
gaze,134021641692182675,492,610
gaze,134021641692264422,495,612
gaze,134021641692349857,491,613
gaze,134021641692431187,496,608
gaze,134021641692516015,490,612
gaze,134021641692592432,492,606
gaze,134021641692665267,496,609
gaze,134021641692746207,500,618
gaze,134021641692847466,492,609
gaze,134021641692931825,496,614
gaze,134021641693015355,496,613
gaze,134021641693099079,494,612
gaze,134021641693181052,495,612
gaze,134021641693264907,492,613
gaze,134021641693353130,499,612
gaze,134021641693431525,485,606
gaze,134021641693514588,489,611
gaze,134021641693598116,485,616
gaze,134021641693676497,490,606
gaze,134021641693760751,491,605
gaze,134021641693829510,495,613
gaze,134021641693912483,491,608
gaze,134021641693996798,494,600
gaze,134021641694100930,493,600
gaze,134021641694181519,498,615
gaze,134021641694266702,493,604
gaze,134021641694347656,496,611
gaze,134021641694433418,490,603
gaze,134021641694514837,495,612
gaze,134021641694594420,492,618
gaze,134021641694663573,497,622
gaze,134021641694746156,499,618
gaze,134021641694849107,436,587
gaze,134021641694926300,426,593
gaze,134021641695016338,414,571
gaze,134021641695099058,417,578
gaze,134021641695181119,414,566
gaze,134021641695265984,415,570
gaze,134021641695348261,412,570
gaze,134021641695431596,423,580
gaze,134021641695515250,420,571
gaze,134021641695598051,417,573
gaze,134021641695676475,418,573
gaze,134021641695766058,417,574
gaze,134021641695842938,416,575
gaze,134021641695912131,411,572
gaze,134021641695997034,411,573
gaze,134021641696099760,419,576
gaze,134021641696183490,420,573
gaze,134021641696267936,428,591
gaze,134021641696353931,403,574
gaze,134021641696434153,410,571
gaze,134021641696515746,410,575
gaze,134021641696594785,414,572
gaze,134021641696663860,411,581
gaze,134021641696746435,415,582
gaze,134021641696828819,412,578
gaze,134021641696931301,423,578
gaze,134021641697015338,418,582
gaze,134021641697098549,412,586
gaze,134021641697181042,417,578
gaze,134021641697266073,419,584
gaze,134021641697348239,411,579
gaze,134021641697432952,418,573
gaze,134021641697515337,417,579
gaze,134021641697599908,418,586
gaze,134021641697683803,421,580
gaze,134021641697761319,420,575
gaze,134021641697843643,415,584
gaze,134021641697911945,415,582
gaze,134021641697996501,411,569
gaze,134021641698100876,404,579
gaze,134021641698181321,410,572
gaze,134021641698267719,406,581
gaze,134021641698348783,410,583
gaze,134021641698435420,415,572
gaze,134021641698515434,416,585
gaze,134021641698599790,423,578
gaze,134021641698676412,414,578
gaze,134021641698752462,464,579
gaze,134021641698830004,572,581
gaze,134021641698931669,627,578
gaze,134021641699015277,643,569
gaze,134021641699098967,641,576
gaze,134021641699182058,633,577
gaze,134021641699265194,638,576
gaze,134021641699348967,642,581
gaze,134021641699432864,642,577
gaze,134021641699516234,630,570
gaze,134021641699598975,635,573
gaze,134021641699682347,634,580
gaze,134021641699760006,635,572
gaze,134021641699843771,642,577
gaze,134021641699912253,640,568
gaze,134021641699996718,639,578
gaze,134021641700079290,628,582
gaze,134021641700182579,638,576
gaze,134021641700264729,637,577
gaze,134021641700350718,636,573
gaze,134021641700432241,638,575
gaze,134021641700515588,638,570
gaze,134021641700602163,637,572
gaze,134021641700677397,632,573
gaze,134021641700750471,632,579
gaze,134021641700830284,635,580
gaze,134021641700912851,636,569
gaze,134021641701014936,632,571
gaze,134021641701098938,630,575
gaze,134021641701181446,634,576
gaze,134021641701265927,637,576
gaze,134021641701347976,636,574
gaze,134021641701431530,638,573
gaze,134021641701522091,630,569
gaze,134021641701599006,639,576
gaze,134021641701683408,636,572
gaze,134021641701768439,655,612
gaze,134021641701843047,652,623
gaze,134021641701929881,646,616
gaze,134021641701997330,656,634
gaze,134021641702080237,645,628
gaze,134021641702182832,652,630
gaze,134021641702264794,656,632
gaze,134021641702349921,646,623
gaze,134021641702431561,648,628
gaze,134021641702516449,649,627
gaze,134021641702597984,642,627
gaze,134021641702684468,651,623
gaze,134021641702759396,649,629
gaze,134021641702831303,658,627
gaze,134021641702912946,643,618
gaze,134021641703020654,650,623
gaze,134021641703098930,645,615
gaze,134021641703181966,653,607
gaze,134021641703265561,644,619
gaze,134021641703348832,650,620
gaze,134021641703431932,650,626
gaze,134021641703515026,738,623
gaze,134021641703598987,818,588
gaze,134021641703687020,841,606
gaze,134021641703766441,834,596
gaze,134021641703842313,831,601
gaze,134021641703928570,829,608
gaze,134021641703996634,838,607
gaze,134021641704081351,828,609
gaze,134021641704183234,841,602
gaze,134021641704265561,832,598
gaze,134021641704350792,832,607
gaze,134021641704431972,831,597
gaze,134021641704515412,824,609
gaze,134021641704598244,822,603
gaze,134021641704682512,822,600
gaze,134021641704760557,835,607
gaze,134021641704830125,825,600
gaze,134021641704912864,823,608
gaze,134021641705015311,830,604
gaze,134021641705099337,825,609
gaze,134021641705182213,823,590
gaze,134021641705266723,827,600
gaze,134021641705349367,827,597
gaze,134021641705433747,822,583
gaze,134021641705516188,834,594
gaze,134021641705599665,830,601
gaze,134021641705683222,827,599
gaze,134021641705765853,825,601
gaze,134021641705845329,825,603
gaze,134021641705928445,831,609
gaze,134021641705996935,834,596
gaze,134021641706079894,825,597
gaze,134021641706163207,831,604
gaze,134021641706267657,837,610
gaze,134021641706350160,829,601
gaze,134021641706434403,836,607
gaze,134021641706515102,826,591
gaze,134021641706600159,824,603
gaze,134021641706682929,828,600
gaze,134021641706760792,826,605
gaze,134021641706829429,798,611
gaze,134021641706913804,651,616
gaze,134021641707018412,506,617
gaze,134021641707094125,456,637
gaze,134021641707184733,437,630
gaze,134021641707266872,448,624
gaze,134021641707350622,452,632
gaze,134021641707431610,455,634
gaze,134021641707518007,457,625
gaze,134021641707597937,458,631
gaze,134021641707683919,458,630
gaze,134021641707764928,463,636
gaze,134021641707844341,467,639
gaze,134021641707932058,469,630
gaze,134021641708010603,470,643
gaze,134021641708080610,463,639
gaze,134021641708163511,460,635
gaze,134021641708267570,454,628
gaze,134021641708358010,460,624
gaze,134021641708438674,465,636
gaze,134021641708516380,460,636
gaze,134021641708599918,453,634
gaze,134021641708682451,468,635
gaze,134021641708761483,470,635
gaze,134021641708829746,455,635
gaze,134021641708912569,455,634
gaze,134021641708997280,458,641
gaze,134021641709098671,459,640
gaze,134021641709182973,456,628
gaze,134021641709265517,450,630
gaze,134021641709348814,453,633
gaze,134021641709433098,464,631
gaze,134021641709516237,463,636
gaze,134021641709600019,487,627
gaze,134021641709683479,570,623
gaze,134021641709767129,589,622
gaze,134021641709849712,603,626
gaze,134021641709925792,590,615
gaze,134021641710011423,591,618
gaze,134021641710079879,588,625
gaze,134021641710162439,597,631
gaze,134021641710246733,587,622
gaze,134021641710349779,593,619
gaze,134021641710432920,594,630
gaze,134021641710515584,595,624
gaze,134021641710601641,586,623
gaze,134021641710684102,601,622
gaze,134021641710770249,587,634
gaze,134021641710844079,587,634
gaze,134021641710914854,588,621
gaze,134021641710996576,585,627
gaze,134021641711100685,582,625
gaze,134021641711176158,590,624
gaze,134021641711268539,590,633
gaze,134021641711348834,585,632
gaze,134021641711434624,586,624
gaze,134021641711515859,585,621
gaze,134021641711600868,587,612
gaze,134021641711683779,584,615
gaze,134021641711770167,584,616
gaze,134021641711849788,579,588
gaze,134021641711927239,581,588
gaze,134021641712017572,599,600
gaze,134021641712093933,614,645
gaze,134021641712165783,662,771
gaze,134021641712248282,664,893
gaze,134021641712351318,706,1017
gaze,134021641712435020,685,1192
gaze,134021641712507597,667,1333
gaze,134021641717586309,271,1108
gaze,134021641717756858,485,905
gaze,134021641717850444,619,833
gaze,134021641717932724,627,759
gaze,134021641718011336,627,705
gaze,134021641718101690,636,667
gaze,134021641718183419,630,649
gaze,134021641718263142,645,625
gaze,134021641718333016,633,604
gaze,134021641718414901,643,589
gaze,134021641718518358,634,584
gaze,134021641718604827,627,603
gaze,134021641718685147,634,598
gaze,134021641718765814,630,611
gaze,134021641718849737,633,603
gaze,134021641718926699,637,616
gaze,134021641719003556,636,624
gaze,134021641719080688,632,617
gaze,134021641719163787,635,634
gaze,134021641719267621,643,626
gaze,134021641719343357,647,628
gaze,134021641719435375,631,611
gaze,134021641719516021,635,635
gaze,134021641719601011,640,633
gaze,134021641719683011,644,640
gaze,134021641719766428,640,628
gaze,134021641719848689,639,629
gaze,134021641719932163,643,631
gaze,134021641720016085,641,635
gaze,134021641720093312,636,635
gaze,134021641720183224,640,632
gaze,134021641720259687,643,633
gaze,134021641720339684,648,627
gaze,134021641720414743,616,637
gaze,134021641720521419,537,631
gaze,134021641720599801,553,631
gaze,134021641720686116,543,634
gaze,134021641720769201,548,631
gaze,134021641720850713,552,638
gaze,134021641720934120,553,640
gaze,134021641721010009,549,636
gaze,134021641721082126,552,641
gaze,134021641721163610,540,635
gaze,134021641721267021,558,645
gaze,134021641721343676,551,636
gaze,134021641721435248,546,632
gaze,134021641721516369,553,637
gaze,134021641721600643,551,640
gaze,134021641721683470,542,641
gaze,134021641721766719,542,631
gaze,134021641721849425,549,632
gaze,134021641721932904,542,634
gaze,134021641722016496,548,630
gaze,134021641722094225,547,633
gaze,134021641722183351,544,639
gaze,134021641722260198,548,636
gaze,134021641722332369,546,625
gaze,134021641722413626,546,628
gaze,134021641722496367,548,635
gaze,134021641722601412,551,638
gaze,134021641722682418,545,638
gaze,134021641722767931,555,632
gaze,134021641722849208,550,639
gaze,134021641722935592,559,639
gaze,134021641723020565,543,626
gaze,134021641723083254,547,627
gaze,134021641723164313,550,634
gaze,134021641723267602,549,632
gaze,134021641723349438,549,634
gaze,134021641723429488,554,635
gaze,134021641723516783,548,626
gaze,134021641723598574,580,623
gaze,134021641723684192,605,625
gaze,134021641723765480,593,621
gaze,134021641723849899,602,627
gaze,134021641723932473,598,624
gaze,134021641724019520,603,612
gaze,134021641724093511,596,629
gaze,134021641724185963,597,614
gaze,134021641724266160,598,613
gaze,134021641724350652,598,623
gaze,134021641724414594,593,614
gaze,134021641724502110,589,610
gaze,134021641724600363,592,620
gaze,134021641724683220,583,549
gaze,134021641724767424,561,352
gaze,134021641724854424,526,236
gaze,134021641724932891,532,185
gaze,134021641725013328,541,169
gaze,134021641725081470,541,175
gaze,134021641725164830,538,185
gaze,134021641725267683,540,186
gaze,134021641725349191,542,191
gaze,134021641725429470,537,191
KeyDown,134021641725516874,53
gaze,134021641725516210,539,195
gaze,134021641725601373,536,190
gaze,134021641725683487,540,185
gaze,134021641725770637,539,176
gaze,134021641725849010,535,159
gaze,134021641725933261,534,186
gaze,134021641726016199,544,174
gaze,134021641726094565,533,180
gaze,134021641726183377,533,186
gaze,134021641726266652,538,177
gaze,134021641726344491,540,182
gaze,134021641726417561,539,188
KeyUp,134021641726476511,53
gaze,134021641726496953,537,162
gaze,134021641726580452,542,193
gaze,134021641726684260,534,182
gaze,134021641726766261,540,187
gaze,134021641726848683,537,170
gaze,134021641726933165,536,187
gaze,134021641727011332,531,175
gaze,134021641727082357,530,183
gaze,134021641727164462,540,193
gaze,134021641727248707,532,189
gaze,134021641727351342,538,190
gaze,134021641727433286,543,180
gaze,134021641727514389,550,194
gaze,134021641727599836,536,196
gaze,134021641727683441,534,179
gaze,134021641727766353,546,197
gaze,134021641727848623,540,175
gaze,134021641727932326,520,206
gaze,134021641728016762,446,232
gaze,134021641728099375,415,279
gaze,134021641728176327,417,278
gaze,134021641728267580,419,305
gaze,134021641728359306,417,289
gaze,134021641728432497,414,303
gaze,134021641728497938,417,279
gaze,134021641728581116,408,285
gaze,134021641728684048,416,299
gaze,134021641728766185,415,262
gaze,134021641728849846,415,280
gaze,134021641728932677,412,283
gaze,134021641729016265,414,284
gaze,134021641729093798,417,263
gaze,134021641729164215,418,279
gaze,134021641729247769,420,264
gaze,134021641729330753,423,286
gaze,134021641729434664,419,279
gaze,134021641729510436,420,267
gaze,134021641729601344,425,281
gaze,134021641729684583,423,272
gaze,134021641729767027,413,269
gaze,134021641729856847,423,266
gaze,134021641729932898,415,259
gaze,134021641730015710,416,278
gaze,134021641730099185,421,270
gaze,134021641730182242,419,273
gaze,134021641730261167,422,281
gaze,134021641730350746,418,274
gaze,134021641730426968,386,291
gaze,134021641730497446,391,286
gaze,134021641730581000,395,282
gaze,134021641730664628,397,290
gaze,134021641730771211,399,302
gaze,134021641730849862,393,295
gaze,134021641730935012,394,293
gaze,134021641731017135,397,294
gaze,134021641731101482,382,289
gaze,134021641731176744,392,296
gaze,134021641731248423,393,308
gaze,134021641731331317,390,294
gaze,134021641731434332,386,289
gaze,134021641731516485,387,289
gaze,134021641731594503,393,286
gaze,134021641731685007,397,293
gaze,134021641731766486,399,309
gaze,134021641731850622,398,290
gaze,134021641731933939,397,294
gaze,134021641732021264,388,298
gaze,134021641732099841,388,292
gaze,134021641732182919,390,297
gaze,134021641732261018,394,302
gaze,134021641732351653,398,303
gaze,134021641732432059,399,302
gaze,134021641732511828,393,300
gaze,134021641732580656,387,289
gaze,134021641732663917,385,301
gaze,134021641732767583,395,309
gaze,134021641732850225,361,330
gaze,134021641732933162,349,425
gaze,134021641733017075,359,441
gaze,134021641733100022,357,447
gaze,134021641733177410,361,448
gaze,134021641733247750,358,438
gaze,134021641733331669,375,461
gaze,134021641733414502,359,451
gaze,134021641733518395,368,456
gaze,134021641733592878,369,448
gaze,134021641733686715,364,441
gaze,134021641733767025,361,442
gaze,134021641733850970,354,436
gaze,134021641733933837,367,445
gaze,134021641734016971,358,430
gaze,134021641734100287,367,456
gaze,134021641734183750,360,451
gaze,134021641734267563,363,447
gaze,134021641734345352,365,439
gaze,134021641734434153,359,453
gaze,134021641734510061,368,444
gaze,134021641734580848,360,450
gaze,134021641734665129,364,457
gaze,134021641734747945,361,450
gaze,134021641734851834,358,439
gaze,134021641734933126,365,443
gaze,134021641735020687,368,443
gaze,134021641735104809,366,447
gaze,134021641735185262,358,431
gaze,134021641735261839,361,437
gaze,134021641735333174,360,441
gaze,134021641735418354,370,453
gaze,134021641735518402,361,453
gaze,134021641735598989,366,448
gaze,134021641735679854,364,451
gaze,134021641735766862,355,444
gaze,134021641735850795,355,443
gaze,134021641735932281,373,453
gaze,134021641736017001,360,452
gaze,134021641736099719,361,449
gaze,134021641736183601,361,443
gaze,134021641736266940,358,418
gaze,134021641736347412,364,396
gaze,134021641736434660,367,394
gaze,134021641736516048,365,394
gaze,134021641736595604,366,384
gaze,134021641736665628,361,381
gaze,134021641736748526,367,377
gaze,134021641736850785,370,384
gaze,134021641736935789,365,390
gaze,134021641737017278,363,385
gaze,134021641737100343,364,392
gaze,134021641737182318,363,393
gaze,134021641737261582,362,392
gaze,134021641737331457,363,388
gaze,134021641737423548,362,391
gaze,134021641737518082,360,394
gaze,134021641737599395,360,386
gaze,134021641737682073,368,382
gaze,134021641737767555,369,386
gaze,134021641737848863,366,394
gaze,134021641737934846,376,390
gaze,134021641738016454,378,400
gaze,134021641738102429,369,391
gaze,134021641738183726,357,379
gaze,134021641738268596,363,383
gaze,134021641738345752,374,386
gaze,134021641738435726,367,383
gaze,134021641738517149,358,377
gaze,134021641738595527,365,394
gaze,134021641738665296,375,389
gaze,134021641738747100,369,393
gaze,134021641738850663,363,377
gaze,134021641738933652,367,390
gaze,134021641739017057,367,392
gaze,134021641739101032,379,394
gaze,134021641739184036,468,367
gaze,134021641739262443,577,342
gaze,134021641739331795,634,298
gaze,134021641739415166,668,276
gaze,134021641739518723,678,290
gaze,134021641739600463,667,277
gaze,134021641739679951,672,314
gaze,134021641739768020,673,272
gaze,134021641739849942,673,292
gaze,134021641739933142,669,284
gaze,134021641740017033,668,301
gaze,134021641740100050,668,287
gaze,134021641740182905,659,272
gaze,134021641740266674,657,266
gaze,134021641740344706,657,272
gaze,134021641740434287,670,270
gaze,134021641740522422,658,279
gaze,134021641740593849,660,291
gaze,134021641740671800,666,278
gaze,134021641740752926,665,287
gaze,134021641740830324,655,281
gaze,134021641740933885,655,286
gaze,134021641741016709,661,273
gaze,134021641741099267,657,277
gaze,134021641741182550,666,275
gaze,134021641741261268,659,293
gaze,134021641741330815,659,280
gaze,134021641741414193,653,282
gaze,134021641741517847,664,293
gaze,134021641741599587,666,281
gaze,134021641741686852,664,279
gaze,134021641741767657,662,297
gaze,134021641741852829,670,298
gaze,134021641741933347,669,293
gaze,134021641742018548,661,281
gaze,134021641742099896,660,267
gaze,134021641742184691,658,271
gaze,134021641742266517,662,285
KeyDown,134021641742316936,40
gaze,134021641742346592,661,275
gaze,134021641742433508,664,299
gaze,134021641742517114,660,287
gaze,134021641742599204,665,301
gaze,134021641742677498,580,338
gaze,134021641742748957,436,454
gaze,134021641742831673,355,566
gaze,134021641742915014,322,642
gaze,134021641743019141,320,703
gaze,134021641743101373,337,727
gaze,134021641743184318,346,735
KeyUp,134021641743197147,40
gaze,134021641743261684,344,740
gaze,134021641743331731,351,740
gaze,134021641743414866,350,725
gaze,134021641743518223,350,722
gaze,134021641743599700,358,719
gaze,134021641743686502,354,721
gaze,134021641743766661,354,719
gaze,134021641743848456,357,725
gaze,134021641743935554,352,718
gaze,134021641744017324,351,718
gaze,134021641744102269,355,726
KeyDown,134021641744156691,40
gaze,134021641744182818,354,714
gaze,134021641744268526,355,725
gaze,134021641744344813,364,719
gaze,134021641744436429,354,720
gaze,134021641744516674,359,727
gaze,134021641744602674,354,715
gaze,134021641744683940,348,721
KeyUp,134021641744717122,40
gaze,134021641744763962,358,730
gaze,134021641744830964,364,726
gaze,134021641744914959,354,723
gaze,134021641745018164,354,725
gaze,134021641745100291,350,719
gaze,134021641745186750,350,718
gaze,134021641745261468,357,728
gaze,134021641745333731,356,716
gaze,134021641745415539,346,736
gaze,134021641745497741,351,745
gaze,134021641745602015,351,743
KeyDown,134021641745676926,40
gaze,134021641745684249,354,752
gaze,134021641745767786,353,738
gaze,134021641745845676,351,743
gaze,134021641745934935,351,749
gaze,134021641746017252,352,752
gaze,134021641746103214,354,749
gaze,134021641746184240,354,750
KeyUp,134021641746237501,40
gaze,134021641746270352,362,748
gaze,134021641746350458,354,748
gaze,134021641746430304,357,749
gaze,134021641746518877,359,754
gaze,134021641746600434,347,751
gaze,134021641746687019,356,751
gaze,134021641746762306,360,755
gaze,134021641746832484,352,752
gaze,134021641746915401,350,752
gaze,134021641747020846,348,756
KeyDown,134021641747036790,40
gaze,134021641747101015,353,751
gaze,134021641747185501,352,759
gaze,134021641747267352,351,757
gaze,134021641747347250,347,752
gaze,134021641747416216,351,757
gaze,134021641747498591,353,759
gaze,134021641747582198,351,756
gaze,134021641747685511,350,759
KeyUp,134021641747757476,40
gaze,134021641747766830,342,749
gaze,134021641747846950,363,771
gaze,134021641747934624,395,799
gaze,134021641748018532,396,810
gaze,134021641748101496,404,808
gaze,134021641748183708,394,809
gaze,134021641748268459,389,808
gaze,134021641748354334,391,815
gaze,134021641748434913,401,814
gaze,134021641748512016,401,813
gaze,134021641748602490,400,810
KeyDown,134021641748636642,40
gaze,134021641748684378,404,813
gaze,134021641748764311,381,805
gaze,134021641748832988,396,820
gaze,134021641748914778,395,814
gaze,134021641748998753,393,812
gaze,134021641749101890,399,814
gaze,134021641749183828,395,809
gaze,134021641749269951,398,814
KeyUp,134021641749276365,40
gaze,134021641749350930,397,809
gaze,134021641749430416,395,816
gaze,134021641749498227,397,815
gaze,134021641749581628,389,816
gaze,134021641749686789,400,819
gaze,134021641749768300,396,827
gaze,134021641749851308,397,816
gaze,134021641749928953,389,816
gaze,134021641750018550,402,822
KeyDown,134021641750077762,40
gaze,134021641750102580,397,819
gaze,134021641750183839,400,814
gaze,134021641750268009,395,812
gaze,134021641750356175,393,821
gaze,134021641750434285,397,818
gaze,134021641750511446,389,815
gaze,134021641750602290,386,818
gaze,134021641750684790,392,818
gaze,134021641750771290,386,819
KeyUp,134021641750797570,40
gaze,134021641750846957,417,834
gaze,134021641750916689,426,846
gaze,134021641750999247,428,839
gaze,134021641751082074,428,840
gaze,134021641751185922,428,842
gaze,134021641751268197,425,837
gaze,134021641751351253,420,849
gaze,134021641751428822,431,839
gaze,134021641751498693,437,841
gaze,134021641751582022,418,841
gaze,134021641751666561,428,836
KeyDown,134021641751757134,40
gaze,134021641751769604,423,846
gaze,134021641751857208,419,840
gaze,134021641751936653,419,841
KeyUp,134021641751997876,40
gaze,134021641752012646,426,843
gaze,134021641752103705,430,844
gaze,134021641752183520,426,842
gaze,134021641752269869,420,837
gaze,134021641752350814,420,838
gaze,134021641752436512,417,837
gaze,134021641752517294,415,837
gaze,134021641752597335,415,836
gaze,134021641752687630,420,844
gaze,134021641752776424,417,841
gaze,134021641752851031,411,838
gaze,134021641752929023,419,844
gaze,134021641752999988,413,844
gaze,134021641753082719,419,841
gaze,134021641753186173,423,843
gaze,134021641753267310,424,840
gaze,134021641753352500,426,842
gaze,134021641753434416,428,849
gaze,134021641753514111,430,848
gaze,134021641753582228,426,847
gaze,134021641753665604,418,842
gaze,134021641753768619,426,844
gaze,134021641753851172,419,838
gaze,134021641753935527,426,844
gaze,134021641754013298,417,844
gaze,134021641754102820,426,838
gaze,134021641754184877,422,838
gaze,134021641754268721,419,833
gaze,134021641754358388,416,837
gaze,134021641754434881,416,838
gaze,134021641754517351,421,844
gaze,134021641754595036,412,834
gaze,134021641754686219,415,807
gaze,134021641754767300,433,812
gaze,134021641754852770,434,1024
gaze,134021641754919222,382,1307
gaze,134021641756004499,41,1235
gaze,134021641756098813,248,1168
gaze,134021641756176841,347,1024
gaze,134021641756258857,308,1004
gaze,134021641756348174,441,1070
gaze,134021641756436536,384,900
gaze,134021641756519007,387,860
gaze,134021641756596290,382,846
gaze,134021641756687089,394,835
gaze,134021641756768495,408,792
gaze,134021641756852285,401,799
gaze,134021641756929161,401,812
gaze,134021641757001717,407,799
gaze,134021641757084667,401,821
gaze,134021641757186235,412,794
gaze,134021641757268284,392,817
gaze,134021641757351934,405,795
gaze,134021641757435408,405,802
gaze,134021641757513492,410,815
gaze,134021641757582647,409,826
gaze,134021641757666681,412,798
gaze,134021641757749054,407,809
gaze,134021641757851356,405,815
gaze,134021641757933888,400,817
gaze,134021641758012675,395,821
gaze,134021641758102761,396,820
gaze,134021641758184884,390,739
gaze,134021641758270220,391,671
gaze,134021641758362048,392,594
gaze,134021641758432077,375,521
gaze,134021641758519512,385,487
gaze,134021641758596320,374,469
gaze,134021641758683063,384,487
gaze,134021641758768875,388,497
gaze,134021641758850738,377,502
gaze,134021641758931174,381,497
gaze,134021641758999101,383,495
gaze,134021641759082191,404,492
gaze,134021641759185899,454,415
gaze,134021641759268180,453,334
gaze,134021641759352998,433,333
gaze,134021641759434080,448,338
gaze,134021641759519706,436,332
gaze,134021641759595339,444,354
gaze,134021641759668435,433,341
gaze,134021641759749673,439,342
gaze,134021641759852708,447,350
gaze,134021641759934332,436,349
gaze,134021641760015433,444,373
gaze,134021641760101849,428,334
gaze,134021641760184345,444,359
gaze,134021641760268383,438,353
gaze,134021641760351784,436,347
gaze,134021641760434859,435,337
gaze,134021641760518367,443,349
gaze,134021641760601721,438,353
gaze,134021641760680073,448,354
gaze,134021641760772446,434,354
gaze,134021641760850884,447,357
gaze,134021641760931227,437,354
gaze,134021641760999089,440,347
gaze,134021641761082436,440,353
gaze,134021641761186581,449,366
gaze,134021641761267302,443,360
gaze,134021641761352377,440,364
MouseMove,134021641761356848,785,647
gaze,134021641761434951,448,354
MouseMove,134021641761437794,772,628
MouseMove,134021641761517468,766,624
gaze,134021641761517618,436,347
MouseMove,134021641761596719,760,622
gaze,134021641761595938,436,359
gaze,134021641761667993,402,361
MouseMove,134021641761678238,754,620
gaze,134021641761750284,366,371
MouseMove,134021641761756942,746,619
MouseMove,134021641761837152,732,613
gaze,134021641761852870,381,372
MouseMove,134021641761917843,710,607
gaze,134021641761934977,371,360
MouseMove,134021641761996154,680,599
gaze,134021641762012735,372,361
MouseMove,134021641762077127,652,587
gaze,134021641762102830,375,368
MouseMove,134021641762157773,631,573
gaze,134021641762184309,379,364
MouseMove,134021641762236343,614,562
gaze,134021641762270865,376,362
MouseMove,134021641762318455,607,556
gaze,134021641762353386,375,371
MouseMove,134021641762397047,604,552
gaze,134021641762436454,380,374
MouseMove,134021641762476876,603,551
gaze,134021641762518479,375,364
MouseMove,134021641762557247,603,549
gaze,134021641762602173,371,370
MouseMove,134021641762636857,603,547
gaze,134021641762680112,383,369
MouseMove,134021641762716403,605,544
gaze,134021641762769140,377,369
MouseMove,134021641762795959,607,539
gaze,134021641762851171,376,379
MouseMove,134021641762877576,607,536
gaze,134021641762930226,377,351
MouseMove,134021641762957510,607,533
gaze,134021641763000845,377,353
MouseMove,134021641763038074,608,530
gaze,134021641763083162,375,357
MouseMove,134021641763116354,608,528
gaze,134021641763165100,386,366
MouseMove,134021641763196183,608,526
gaze,134021641763269858,374,352
MouseMove,134021641763276240,608,524
gaze,134021641763351297,380,355
MouseMove,134021641763358695,609,521
MouseMove,134021641763436381,609,517
gaze,134021641763437151,385,370
MouseMove,134021641763518407,611,509
gaze,134021641763517618,378,339
MouseMove,134021641763596204,611,501
gaze,134021641763597551,374,361
gaze,134021641763669215,380,361
MouseMove,134021641763677380,611,490
gaze,134021641763750206,365,350
MouseMove,134021641763756970,609,477
gaze,134021641763832532,370,354
MouseMove,134021641763837573,600,460
MouseMove,134021641763916727,590,442
gaze,134021641763936480,373,337
MouseMove,134021641763997485,584,432
gaze,134021641764018181,376,379
MouseMove,134021641764077274,579,426
gaze,134021641764099205,372,357
MouseMove,134021641764158716,574,420
gaze,134021641764184882,365,350
MouseMove,134021641764237327,572,417
gaze,134021641764267587,370,350
MouseMove,134021641764317964,570,415
gaze,134021641764351020,363,356
gaze,134021641764434477,366,349
MouseMove,134021641764477777,568,412
gaze,134021641764517685,367,346
MouseMove,134021641764556210,567,409
gaze,134021641764601030,411,342
MouseMove,134021641764636998,566,404
gaze,134021641764684874,434,323
MouseMove,134021641764716576,565,400
gaze,134021641764761914,436,323
MouseMove,134021641764798551,562,394
gaze,134021641764851661,429,317
gaze,134021641764934881,445,339
MouseMove,134021641764959935,562,393
gaze,134021641765013702,436,315
gaze,134021641765084895,437,318
gaze,134021641765165872,429,306
gaze,134021641765248552,435,319
gaze,134021641765352607,437,332
gaze,134021641765434147,434,317
gaze,134021641765518714,430,321
gaze,134021641765600352,434,319
gaze,134021641765681785,437,320
gaze,134021641765748640,424,315
gaze,134021641765831349,426,309
MouseMove,134021641765917063,562,392
gaze,134021641765915987,436,333
MouseMove,134021641765997128,562,391
gaze,134021641766019932,428,321
MouseMove,134021641766076327,562,389
gaze,134021641766101787,431,325
MouseMove,134021641766156862,562,388
gaze,134021641766182045,435,314
MouseMove,134021641766236885,561,388
gaze,134021641766269128,433,319
MouseMove,134021641766317805,560,387
gaze,134021641766351957,425,328
gaze,134021641766435431,434,323
MouseMove,134021641766476641,560,387
gaze,134021641766518379,435,332
gaze,134021641766601110,437,325
gaze,134021641766690646,417,338
gaze,134021641766768031,342,356
gaze,134021641766847623,347,369
MouseMove,134021641766877073,559,386
gaze,134021641766935340,358,379
gaze,134021641767018316,361,371
MouseMove,134021641767036946,559,384
gaze,134021641767095776,353,369
MouseMove,134021641767116966,559,383
gaze,134021641767165484,354,379
MouseMove,134021641767197165,559,382
gaze,134021641767249291,354,363
gaze,134021641767352575,359,378
gaze,134021641767434321,364,375
gaze,134021641767521063,361,362
gaze,134021641767600973,368,376
gaze,134021641767686486,363,367
gaze,134021641767762280,368,372
gaze,134021641767834283,375,377
gaze,134021641767915291,352,354
gaze,134021641768020233,366,357
gaze,134021641768101869,359,357
gaze,134021641768180902,362,356
gaze,134021641768268993,361,362
gaze,134021641768352639,357,359
gaze,134021641768435781,368,366
MouseMove,134021641768476925,558,382
gaze,134021641768517796,368,367
gaze,134021641768604023,364,353
gaze,134021641768685316,357,360
gaze,134021641768769098,357,354
gaze,134021641768844823,361,350
gaze,134021641768936559,361,366
gaze,134021641769018587,366,375
gaze,134021641769098062,358,366
gaze,134021641769166662,363,377
MouseMove,134021641769197755,558,381
gaze,134021641769248876,364,367
MouseMove,134021641769277234,558,380
gaze,134021641769332402,376,361
MouseMove,134021641769358072,558,379
MouseMove,134021641769438243,558,379
gaze,134021641769438345,358,370
MouseMove,134021641769516123,558,377
gaze,134021641769517432,365,363
MouseMove,134021641769596305,558,376
gaze,134021641769603115,360,363
MouseMove,134021641769677086,558,376
gaze,134021641769685058,352,361
MouseMove,134021641769757164,559,374
gaze,134021641769765171,368,369
gaze,134021641769832646,359,367
MouseMove,134021641769836669,560,374
gaze,134021641769915579,366,366
gaze,134021641769999518,356,354
gaze,134021641770102395,361,363
gaze,134021641770184922,360,368
gaze,134021641770262139,363,367
gaze,134021641770352500,374,373
gaze,134021641770436886,370,372
gaze,134021641770518301,361,373
gaze,134021641770601555,361,368
MouseMove,134021641770637110,560,373
gaze,134021641770685352,365,369
gaze,134021641770771647,360,371
MouseMove,134021641770797444,560,373
gaze,134021641770851079,365,365
gaze,134021641770930206,360,367
LeftMouseDown,134021641770958348
gaze,134021641771019895,363,365
gaze,134021641771100904,363,380
gaze,134021641771180859,365,361
gaze,134021641771249114,363,369
gaze,134021641771333160,353,352
gaze,134021641771436014,364,370
gaze,134021641771516946,369,379
gaze,134021641771604438,361,360
gaze,134021641771687853,368,368
LeftMouseUp,134021641771759914
gaze,134021641771771117,373,374
gaze,134021641771846084,375,371
gaze,134021641771918905,371,366
gaze,134021641772000034,365,366
gaze,134021641772087232,364,370
gaze,134021641772186119,363,361
gaze,134021641772262667,363,365
gaze,134021641772354730,356,361
gaze,134021641772434991,358,373
gaze,134021641772524292,349,352
gaze,134021641772601354,352,354
gaze,134021641772687383,361,363
gaze,134021641772767729,371,376
gaze,134021641772854996,363,365
gaze,134021641772935568,362,370
gaze,134021641773018348,360,353
gaze,134021641773104100,357,363
gaze,134021641773180217,369,364
MouseMove,134021641773196487,561,372
gaze,134021641773249821,362,366
gaze,134021641773332659,364,364
gaze,134021641773436544,359,359
gaze,134021641773518069,371,386
gaze,134021641773603454,370,375
gaze,134021641773685066,371,358
gaze,134021641773770010,362,354
gaze,134021641773851769,349,364
gaze,134021641773929073,364,366
gaze,134021641774000773,351,359
gaze,134021641774082494,356,368
gaze,134021641774165918,365,366
gaze,134021641774268375,365,373
MouseMove,134021641774317016,562,371
gaze,134021641774353622,350,363
MouseMove,134021641774396969,563,369
gaze,134021641774435783,365,386
MouseMove,134021641774477578,564,366
gaze,134021641774518667,391,382
MouseMove,134021641774557033,570,364
gaze,134021641774601422,505,415
MouseMove,134021641774636834,574,362
gaze,134021641774686516,683,468
MouseMove,134021641774719316,575,361
gaze,134021641774769374,868,592
MouseMove,134021641774796315,576,361
gaze,134021641774852866,1040,716
MouseMove,134021641774881426,580,358
gaze,134021641774936411,1202,830
MouseMove,134021641774956203,583,357
gaze,134021641775019374,1350,961
MouseMove,134021641775036497,585,356
gaze,134021641775088657,1500,1039
MouseMove,134021641775116908,586,355
gaze,134021641775182429,1513,1100
gaze,134021641776843294,1468,-864
gaze,134021641782405447,343,535
gaze,134021641782505483,398,528
gaze,134021641782567775,388,537
gaze,134021641782650061,385,553
gaze,134021641782736905,386,544
gaze,134021641782822518,389,545
gaze,134021641782907602,397,559
gaze,134021641782989318,387,546
gaze,134021641783073250,383,555
gaze,134021641783150560,381,542
gaze,134021641783223223,383,543
gaze,134021641783304805,394,557
gaze,134021641783387922,399,545
gaze,134021641783471330,368,549
gaze,134021641783555390,304,648
KeyDown,134021641783598162,40
gaze,134021641783639797,329,780
gaze,134021641783725428,352,803
gaze,134021641783804289,358,797
gaze,134021641783887147,354,792
gaze,134021641783971418,358,785
gaze,134021641784097832,345,782
gaze,134021641784157948,354,778
gaze,134021641784240985,358,788
gaze,134021641784324636,363,783
gaze,134021641784407456,360,782
gaze,134021641784510722,364,775
gaze,134021641784592570,353,778
gaze,134021641784681538,349,775
gaze,134021641784761573,353,776
gaze,134021641784843730,344,772
gaze,134021641784923593,359,773
gaze,134021641785011452,359,774
gaze,134021641785095329,351,776
gaze,134021641785178392,346,769
gaze,134021641785261993,350,773
gaze,134021641785340572,352,778
gaze,134021641785429641,363,782
gaze,134021641785521945,373,763
gaze,134021641785603641,380,776
gaze,134021641785673763,344,771
gaze,134021641785772743,369,768
gaze,134021641785848707,378,766
gaze,134021641785919620,380,771
gaze,134021641786008538,378,766
gaze,134021641786083406,390,775
gaze,134021641786187844,372,746
gaze,134021641786264429,388,705
gaze,134021641786339413,385,702
gaze,134021641786417698,392,695
gaze,134021641786521452,389,697
gaze,134021641786601921,387,696
gaze,134021641786687910,389,692
gaze,134021641786769597,387,689
gaze,134021641786854100,387,693
gaze,134021641786935931,375,694
gaze,134021641787017048,382,692
gaze,134021641787107567,383,693
gaze,134021641787186717,388,695
gaze,134021641787273090,385,695
gaze,134021641787348569,381,693
gaze,134021641787438790,359,609
gaze,134021641787520282,377,571
gaze,134021641787604856,390,579
gaze,134021641787688469,382,573
gaze,134021641787771192,382,568
gaze,134021641787852366,395,576
gaze,134021641787933853,394,571
gaze,134021641787999921,395,575
gaze,134021641788086065,388,572
gaze,134021641788188215,389,569
gaze,134021641788264847,385,579
gaze,134021641788336782,392,576
gaze,134021641788417537,386,582
gaze,134021641788521202,387,585
gaze,134021641788601758,386,565
gaze,134021641788688358,397,575
KeyDown,134021641788736940,40
gaze,134021641788768925,381,571
gaze,134021641788853883,395,570
gaze,134021641788935840,394,570
gaze,134021641789016663,389,582
KeyDown,134021641789059076,40
gaze,134021641789105066,388,576
gaze,134021641789186428,383,567
gaze,134021641789270589,388,582
gaze,134021641789348615,392,581
KeyDown,134021641789366912,40
gaze,134021641789437362,354,583
gaze,134021641789520210,367,605
gaze,134021641789603031,366,598
KeyDown,134021641789678673,40
gaze,134021641789691352,360,595
gaze,134021641789769672,368,610
gaze,134021641789853638,359,595
gaze,134021641789930066,364,608
KeyDown,134021641789997374,40
gaze,134021641790003142,365,606
gaze,134021641790089016,367,610
gaze,134021641790188058,376,610
gaze,134021641790264264,371,609
KeyDown,134021641790318375,40
gaze,134021641790337112,367,605
gaze,134021641790417340,368,617
gaze,134021641790500237,368,604
gaze,134021641790604337,376,612
KeyDown,134021641790638055,40
gaze,134021641790686251,366,603
gaze,134021641790772468,363,593
gaze,134021641790856376,359,595
gaze,134021641790938600,375,609
KeyDown,134021641790957511,40
gaze,134021641791014417,370,599
gaze,134021641791111049,369,604
gaze,134021641791185779,375,615
gaze,134021641791272360,372,614
KeyDown,134021641791278891,40
gaze,134021641791352827,381,614
gaze,134021641791434617,371,608
gaze,134021641791522209,353,589
KeyDown,134021641791590035,40
gaze,134021641791611341,363,608
gaze,134021641791699598,359,599
gaze,134021641791769760,366,614
gaze,134021641791854988,369,611
KeyDown,134021641791897134,40
gaze,134021641791930310,372,618
gaze,134021641792003162,374,609
gaze,134021641792084388,377,620
gaze,134021641792167317,377,610
gaze,134021641792271419,367,612
gaze,134021641792347914,339,624
KeyDown,134021641792377770,40
gaze,134021641792420520,351,659
gaze,134021641792505438,359,648
gaze,134021641792605264,353,651
KeyDown,134021641792686275,40
gaze,134021641792687040,348,646
gaze,134021641792771333,344,646
gaze,134021641792852696,346,653
gaze,134021641792939926,351,656
KeyDown,134021641792997729,40
gaze,134021641793022765,355,640
gaze,134021641793100793,346,638
gaze,134021641793189230,351,639
gaze,134021641793269307,359,657
KeyDown,134021641793317511,40
KeyUp,134021641793357157,40
gaze,134021641793356612,353,650
gaze,134021641793430697,356,659
gaze,134021641793522310,352,648
gaze,134021641793603692,346,645
gaze,134021641793689047,353,644
gaze,134021641793769738,348,647
gaze,134021641793856805,349,646
gaze,134021641793936381,353,658
gaze,134021641794017966,357,657
gaze,134021641794086960,355,654
gaze,134021641794167998,355,659
gaze,134021641794272689,357,653
gaze,134021641794348124,353,654
gaze,134021641794420372,350,651
gaze,134021641794500232,355,654
gaze,134021641794604850,359,651
gaze,134021641794687332,356,648
gaze,134021641794770108,346,653
gaze,134021641794853112,346,648
gaze,134021641794936428,352,650
gaze,134021641795022785,349,649
gaze,134021641795102107,346,653
gaze,134021641795187965,353,641
gaze,134021641795269405,350,643
gaze,134021641795355248,345,649
gaze,134021641795432075,346,648
gaze,134021641795521765,352,652
gaze,134021641795603358,347,646
gaze,134021641795688539,356,658
gaze,134021641795775441,357,655
gaze,134021641795854364,354,654
gaze,134021641795936851,357,653
gaze,134021641796017804,351,651
gaze,134021641796085466,349,649
gaze,134021641796167760,351,652
gaze,134021641796271808,363,657
gaze,134021641796349060,368,661
gaze,134021641796420010,361,649
gaze,134021641796501072,364,658
KeyDown,134021641796556522,38
gaze,134021641796604320,365,658
gaze,134021641796694852,365,666
gaze,134021641796771148,362,655
gaze,134021641796854338,369,659
gaze,134021641796937449,358,653
gaze,134021641797027572,353,652
KeyUp,134021641797038953,38
gaze,134021641797099588,355,660
gaze,134021641797189439,370,659
gaze,134021641797274012,354,650
gaze,134021641797355443,354,653
gaze,134021641797437031,359,655
gaze,134021641797522095,363,651
gaze,134021641797603567,354,657
gaze,134021641797689125,359,656
gaze,134021641797769804,367,661
gaze,134021641797856485,363,656
gaze,134021641797936657,361,658
KeyDown,134021641797997583,38
gaze,134021641798024670,361,663
gaze,134021641798084180,354,656
gaze,134021641798168182,357,663
gaze,134021641798272619,363,659
gaze,134021641798348419,363,658
gaze,134021641798420377,365,663
KeyUp,134021641798476631,38
gaze,134021641798501536,359,655
gaze,134021641798605196,360,655
gaze,134021641798688992,369,664
gaze,134021641798771830,369,661
gaze,134021641798852274,357,662
gaze,134021641798938661,356,658
gaze,134021641799023483,365,663
gaze,134021641799101475,365,658
gaze,134021641799187611,367,659
gaze,134021641799271060,352,652
KeyDown,134021641799277192,39
gaze,134021641799354596,349,663
gaze,134021641799432258,360,666
gaze,134021641799521338,354,652
gaze,134021641799603237,363,662
gaze,134021641799689469,365,667
gaze,134021641799770354,366,663
gaze,134021641799855656,362,663
gaze,134021641799937071,360,667
gaze,134021641800016465,358,663
gaze,134021641800085557,372,682
gaze,134021641800169182,401,720
gaze,134021641800253668,392,814
KeyUp,134021641800317147,39
gaze,134021641800357145,464,926
gaze,134021641800418136,519,1064
gaze,134021641800493386,550,1210
KeyDown,134021641802556846,8
KeyUp,134021641803196591,8
KeyDown,134021641803997181,52
gaze,134021641804658558,355,852
gaze,134021641804755393,391,752
gaze,134021641804856541,388,663
gaze,134021641804938116,381,608
gaze,134021641805022671,387,602
gaze,134021641805104287,388,598
KeyUp,134021641805117051,52
gaze,134021641805189207,385,617
gaze,134021641805271239,384,624
gaze,134021641805351882,390,636
gaze,134021641805438536,389,637
gaze,134021641805519417,402,645
gaze,134021641805606417,391,645
gaze,134021641805688432,399,644
gaze,134021641805773024,406,644
gaze,134021641805854781,392,642
gaze,134021641805939780,389,640
gaze,134021641806022213,396,645
gaze,134021641806108785,394,647
gaze,134021641806187327,398,647
gaze,134021641806269017,401,640
gaze,134021641806335509,402,645
gaze,134021641806419272,364,657
gaze,134021641806523068,354,658
gaze,134021641806602235,366,660
gaze,134021641806670462,355,664
gaze,134021641806752772,373,660
gaze,134021641806856354,365,669
gaze,134021641806938085,364,655
gaze,134021641807037977,369,659
gaze,134021641807107462,367,666
gaze,134021641807190475,369,665
gaze,134021641807271953,370,658
gaze,134021641807351996,370,661
gaze,134021641807439397,361,661
gaze,134021641807520995,368,658
MouseMove,134021641807596718,588,355
gaze,134021641807605845,373,661
MouseMove,134021641807676700,590,358
gaze,134021641807682670,357,653
MouseMove,134021641807756493,590,361
gaze,134021641807774717,365,664
gaze,134021641807855042,364,662
gaze,134021641807939446,373,672
gaze,134021641808021542,409,701
gaze,134021641808106933,403,699
MouseMove,134021641808157266,591,361
gaze,134021641808188352,401,704
gaze,134021641808268974,396,705
gaze,134021641808336758,406,702
gaze,134021641808434180,403,700
gaze,134021641808503017,390,702
gaze,134021641808606086,403,696
gaze,134021641808668174,402,712
gaze,134021641808751901,402,700
gaze,134021641808835796,398,707
gaze,134021641808939311,388,702
MouseMove,134021641808957052,591,361
gaze,134021641809020595,394,701
MouseMove,134021641809038418,590,361
MouseWheel,134021641809047516,-120
gaze,134021641809107813,433,701
gaze,134021641809188031,495,706
MouseMove,134021641809200200,590,361
gaze,134021641809273224,488,707
gaze,134021641809354666,486,700
gaze,134021641809435375,488,701
MouseMove,134021641809516722,588,362
gaze,134021641809522104,489,709
MouseMove,134021641809597268,587,362
gaze,134021641809603432,492,702
gaze,134021641809689750,489,706
MouseMove,134021641809757112,586,364
gaze,134021641809766279,489,703
MouseMove,134021641809836967,586,364
gaze,134021641809857016,483,707
MouseMove,134021641809917657,585,366
gaze,134021641809936264,490,703
MouseMove,134021641809996807,584,366
gaze,134021641810023209,481,701
MouseMove,134021641810076198,584,367
gaze,134021641810104698,484,703
MouseMove,134021641810156286,584,369
gaze,134021641810188692,486,705
MouseMove,134021641810236987,581,373
gaze,134021641810273045,493,708
MouseMove,134021641810317336,580,374
gaze,134021641810351955,479,701
MouseMove,134021641810397328,580,377
gaze,134021641810419330,477,698
MouseMove,134021641810476289,580,378
gaze,134021641810502674,488,701
MouseMove,134021641810556655,580,379
gaze,134021641810589125,487,694
MouseMove,134021641810638174,580,380
MouseWheel,134021641810643339,-120
gaze,134021641810688555,484,697
MouseMove,134021641810716405,580,381
gaze,134021641810751403,489,690
gaze,134021641810837327,486,689
MouseMove,134021641810876493,580,381
gaze,134021641810917833,491,691
gaze,134021641811023096,481,683
gaze,134021641811104080,486,684
gaze,134021641811190292,485,629
gaze,134021641811272170,491,577
MouseMove,134021641811276407,580,382
gaze,134021641811357276,494,581
MouseMove,134021641811437899,579,383
gaze,134021641811438041,481,571
gaze,134021641811519073,482,567
MouseMove,134021641811595974,579,384
gaze,134021641811606093,486,575
MouseMove,134021641811678586,579,386
gaze,134021641811688084,486,580
MouseMove,134021641811757494,579,388
gaze,134021641811772892,487,574
MouseMove,134021641811835706,579,391
gaze,134021641811849537,482,568
MouseMove,134021641811916807,579,393
gaze,134021641811941172,484,565
MouseMove,134021641811996871,579,395
gaze,134021641812021694,485,562
MouseMove,134021641812076566,580,400
gaze,134021641812106063,491,573
MouseMove,134021641812157188,581,403
gaze,134021641812187279,497,577
MouseMove,134021641812237732,583,408
gaze,134021641812273520,486,572
MouseMove,134021641812317036,586,414
gaze,134021641812354750,485,564
MouseMove,134021641812397265,587,417
gaze,134021641812435252,492,570
MouseMove,134021641812476248,587,418
gaze,134021641812502456,482,563
MouseMove,134021641812557401,587,420
gaze,134021641812584986,492,567
MouseMove,134021641812636879,587,421
gaze,134021641812689020,490,567
MouseMove,134021641812717983,587,424
gaze,134021641812765506,489,568
MouseMove,134021641812798160,587,427
gaze,134021641812838023,488,570
MouseMove,134021641812876939,587,428
gaze,134021641812917318,492,571
MouseMove,134021641812955957,587,430
gaze,134021641813023776,485,564
MouseMove,134021641813038843,587,431
gaze,134021641813103575,492,574
gaze,134021641813189318,482,568
MouseMove,134021641813197631,587,431
MouseWheel,134021641813201931,-120
gaze,134021641813271352,497,567
gaze,134021641813356991,501,573
gaze,134021641813442510,500,558
gaze,134021641813516889,497,572
MouseMove,134021641813518247,587,432
MouseMove,134021641813597072,586,432
gaze,134021641813606382,486,563
MouseMove,134021641813682987,585,434
gaze,134021641813690628,485,580
MouseMove,134021641813757083,583,436
gaze,134021641813773427,483,563
MouseMove,134021641813839023,582,439
gaze,134021641813849637,512,567
MouseMove,134021641813917608,581,442
gaze,134021641813941011,579,563
MouseMove,134021641813997334,578,447
gaze,134021641814021929,617,545
MouseMove,134021641814076812,578,447
gaze,134021641814107410,631,543
MouseMove,134021641814156046,578,448
gaze,134021641814187719,635,551
MouseMove,134021641814236303,578,448
gaze,134021641814272973,627,547
MouseMove,134021641814316190,578,449
gaze,134021641814354600,632,557
MouseMove,134021641814397867,577,450
gaze,134021641814439426,630,547
gaze,134021641814502299,629,543
gaze,134021641814586137,631,537
gaze,134021641814689478,629,545
gaze,134021641814766893,626,543
MouseMove,134021641814797577,577,450
gaze,134021641814836426,633,538
MouseMove,134021641814877349,576,451
gaze,134021641814919199,627,547
MouseMove,134021641814956331,576,453
gaze,134021641815022722,626,550
MouseMove,134021641815037656,575,456
gaze,134021641815105076,623,538
MouseMove,134021641815117421,575,456
gaze,134021641815189162,629,540
MouseMove,134021641815196542,574,458
gaze,134021641815271823,625,532
MouseMove,134021641815276509,574,460
gaze,134021641815355014,626,547
MouseMove,134021641815356959,572,463
MouseMove,134021641815436378,571,464
gaze,134021641815438286,621,491
MouseMove,134021641815516293,571,466
gaze,134021641815515917,619,482
MouseMove,134021641815597250,570,469
gaze,134021641815605740,619,488
MouseMove,134021641815677825,569,471
gaze,134021641815691522,624,479
MouseMove,134021641815757664,568,472
gaze,134021641815773178,608,477
MouseMove,134021641815837054,568,473
gaze,134021641815850162,628,481
MouseMove,134021641815916863,567,475
gaze,134021641815940149,614,464
MouseMove,134021641815998053,567,478
gaze,134021641816021887,624,470
MouseMove,134021641816078479,566,481
gaze,134021641816105779,622,469
MouseMove,134021641816156517,566,481
gaze,134021641816187314,618,487
MouseMove,134021641816236330,566,484
gaze,134021641816272982,617,477
MouseMove,134021641816316114,565,487
gaze,134021641816354948,620,475
MouseMove,134021641816396571,564,492
gaze,134021641816435132,609,457
MouseMove,134021641816477369,562,497
gaze,134021641816503100,616,486
MouseMove,134021641816556072,560,503
gaze,134021641816585379,626,462
MouseMove,134021641816636182,559,511
gaze,134021641816669216,623,472
MouseMove,134021641816716937,559,518
gaze,134021641816771136,596,471
MouseMove,134021641816796500,558,527
gaze,134021641816834673,482,544
MouseMove,134021641816876782,557,537
gaze,134021641816920239,415,601
MouseMove,134021641816956585,555,544
gaze,134021641817023360,394,625
MouseMove,134021641817037654,554,547
gaze,134021641817105030,398,638
MouseMove,134021641817116288,554,548
gaze,134021641817189141,393,630
MouseMove,134021641817198456,554,550
gaze,134021641817271343,408,639
MouseMove,134021641817277188,554,551
MouseMove,134021641817356241,554,553
gaze,134021641817356238,410,648
MouseMove,134021641817436853,554,554
gaze,134021641817436956,402,634
MouseMove,134021641817517232,554,555
gaze,134021641817521672,413,642
MouseMove,134021641817596168,554,558
gaze,134021641817598532,408,641
MouseMove,134021641817677078,554,560
gaze,134021641817690774,416,636
MouseMove,134021641817758276,554,564
gaze,134021641817771392,408,641
MouseMove,134021641817836420,554,566
gaze,134021641817851642,404,626
MouseMove,134021641817918444,554,569
gaze,134021641817938732,403,624
MouseMove,134021641817997887,554,572
gaze,134021641818020732,406,631
MouseMove,134021641818079182,554,573
gaze,134021641818104257,401,617
MouseMove,134021641818156554,554,575
gaze,134021641818187936,410,631
MouseMove,134021641818244701,554,576
gaze,134021641818271585,409,624
MouseMove,134021641818317457,554,577
gaze,134021641818353978,405,628
MouseMove,134021641818404337,553,579
gaze,134021641818440061,399,631
MouseMove,134021641818476563,552,581
gaze,134021641818514669,399,619
MouseMove,134021641818557322,551,582
gaze,134021641818587558,404,631
MouseMove,134021641818635902,550,583
gaze,134021641818668343,410,627
MouseMove,134021641818717651,549,584
gaze,134021641818770577,398,634
MouseMove,134021641818797099,548,584
gaze,134021641818839102,403,624
MouseMove,134021641818877412,547,585
gaze,134021641818918952,417,647
MouseMove,134021641818956386,546,585
gaze,134021641819023178,403,642
gaze,134021641819103857,420,635
gaze,134021641819189963,445,644
gaze,134021641819271817,457,647
gaze,134021641819356521,462,653
gaze,134021641819437647,463,652
gaze,134021641819522473,462,652
LeftMouseDown,134021641819597380
gaze,134021641819598431,461,649
gaze,134021641819690317,461,656
gaze,134021641819771344,451,642
gaze,134021641819850745,446,641
gaze,134021641819937884,452,658
gaze,134021641820025103,460,648
gaze,134021641820104286,456,651
gaze,134021641820187473,452,646
gaze,134021641820271713,448,646
LeftMouseUp,134021641820318194
gaze,134021641820356099,452,652
gaze,134021641820437576,446,656
gaze,134021641820515238,450,654
gaze,134021641820586994,454,661
gaze,134021641820668924,455,658
gaze,134021641820772047,450,656
gaze,134021641820837381,450,655
gaze,134021641820918008,447,650
gaze,134021641821022370,456,659
gaze,134021641821103971,446,652
gaze,134021641821189381,451,651
gaze,134021641821271542,442,647
gaze,134021641821356066,448,655
gaze,134021641821438068,458,660
gaze,134021641821522548,447,658
MouseMove,134021641821597989,545,586
gaze,134021641821598336,454,664
gaze,134021641821691080,455,654
MouseMove,134021641821756695,545,586
gaze,134021641821771404,417,667
gaze,134021641821851792,363,677
MouseMove,134021641821917134,545,588
gaze,134021641821938937,380,676
MouseMove,134021641821996748,545,589
gaze,134021641822026366,384,670
MouseMove,134021641822076065,545,591
gaze,134021641822107201,382,672
MouseMove,134021641822158056,545,593
gaze,134021641822187176,374,670
MouseMove,134021641822236635,545,597
gaze,134021641822272878,392,687
MouseMove,134021641822316046,545,599
MouseWheel,134021641822320967,-120
gaze,134021641822355050,381,681
MouseMove,134021641822397328,545,600
gaze,134021641822439723,382,672
gaze,134021641822516799,382,680
MouseMove,134021641822556994,545,600
gaze,134021641822587792,382,674
MouseWheel,134021641822637390,-120
gaze,134021641822670459,380,674
gaze,134021641822749769,381,679
gaze,134021641822854278,381,670
gaze,134021641822917256,381,674
gaze,134021641823007763,384,676
gaze,134021641823105851,382,680
gaze,134021641823187165,392,680
gaze,134021641823273539,386,669
gaze,134021641823354293,387,677
gaze,134021641823439930,395,677
gaze,134021641823521214,391,671
gaze,134021641823606155,386,675
gaze,134021641823682447,376,668
gaze,134021641823774087,381,670
gaze,134021641823854518,380,674
gaze,134021641823935182,386,675
gaze,134021641824021904,384,664
gaze,134021641824104097,389,672
gaze,134021641824189062,392,665
gaze,134021641824271811,385,658
gaze,134021641824357126,386,663
gaze,134021641824438196,387,652
gaze,134021641824523060,401,602
gaze,134021641824600408,409,536
gaze,134021641824670851,425,528
gaze,134021641824753752,418,512
gaze,134021641824856212,419,521
gaze,134021641824918142,422,540
gaze,134021641825002508,412,514
gaze,134021641825105611,414,523
gaze,134021641825187443,420,527
gaze,134021641825272661,417,529
gaze,134021641825356135,427,538
gaze,134021641825439712,409,528
gaze,134021641825520883,414,525
gaze,134021641825606338,411,527
gaze,134021641825683066,415,531
gaze,134021641825774640,423,530
gaze,134021641825855358,411,525
gaze,134021641825934916,416,523
gaze,134021641826022699,414,529
gaze,134021641826108851,415,527
MouseMove,134021641826156598,544,602
gaze,134021641826190150,412,524
MouseMove,134021641826242531,543,603
gaze,134021641826271000,421,529
MouseMove,134021641826317200,540,604
gaze,134021641826356316,417,534
gaze,134021641826437664,417,529
MouseMove,134021641826476684,539,604
gaze,134021641826522311,410,527
gaze,134021641826598728,419,538
MouseMove,134021641826638002,538,604
gaze,134021641826676092,409,524
gaze,134021641826752701,416,534
gaze,134021641826855895,416,530
gaze,134021641826918037,422,534
gaze,134021641827006571,424,543
gaze,134021641827085996,437,529
MouseWheel,134021641827117009,-120
gaze,134021641827190650,479,531
gaze,134021641827271132,471,522
MouseMove,134021641827276128,538,604
gaze,134021641827356783,476,517
gaze,134021641827437510,475,512
gaze,134021641827523286,470,516
gaze,134021641827604062,470,513
gaze,134021641827686058,476,527
gaze,134021641827772555,481,519
MouseMove,134021641827836304,537,604
gaze,134021641827854437,480,527
gaze,134021641827941222,481,522
MouseMove,134021641827997015,536,604
gaze,134021641828015598,483,530
MouseMove,134021641828079314,536,604
gaze,134021641828107966,481,515
MouseMove,134021641828157042,535,604
gaze,134021641828188167,479,532
gaze,134021641828272848,478,528
gaze,134021641828359584,478,513
gaze,134021641828440156,479,516
gaze,134021641828521485,476,503
gaze,134021641828600858,485,515
gaze,134021641828668513,481,509
gaze,134021641828752627,472,513
gaze,134021641828855963,477,508
gaze,134021641828932154,486,519
MouseMove,134021641828956068,534,604
gaze,134021641829004571,482,520
gaze,134021641829085705,484,523
gaze,134021641829169220,493,528
gaze,134021641829272872,490,507
MouseMove,134021641829277908,532,604
gaze,134021641829354579,478,513
MouseMove,134021641829356579,532,603
MouseMove,134021641829436688,531,602
gaze,134021641829439778,479,516
MouseMove,134021641829517657,530,600
gaze,134021641829521196,486,519
MouseMove,134021641829596345,528,599
gaze,134021641829605797,479,518
MouseMove,134021641829676481,527,597
gaze,134021641829682864,490,513
MouseMove,134021641829757560,526,595
gaze,134021641829773697,475,511
MouseMove,134021641829836778,525,594
gaze,134021641829853763,479,505
MouseMove,134021641829916190,523,592
gaze,134021641829939291,428,505
MouseMove,134021641829997490,522,591
gaze,134021641830021986,401,501
MouseMove,134021641830076530,521,590
gaze,134021641830098487,396,501
MouseMove,134021641830156323,519,589
gaze,134021641830189893,394,509
MouseMove,134021641830237022,519,588
gaze,134021641830272723,398,513
MouseMove,134021641830317771,517,588
gaze,134021641830356450,388,502
gaze,134021641830437418,387,499
gaze,134021641830522378,385,498
gaze,134021641830598493,384,495
MouseMove,134021641830636766,517,587
gaze,134021641830670863,387,495
MouseMove,134021641830718023,516,586
gaze,134021641830752051,387,496
MouseMove,134021641830797909,515,585
gaze,134021641830835262,388,494
MouseMove,134021641830876721,513,585
gaze,134021641830942099,396,504
MouseMove,134021641830958095,511,585
gaze,134021641831015960,395,507
MouseMove,134021641831037978,508,583
gaze,134021641831090950,390,501
MouseMove,134021641831122296,507,583
gaze,134021641831169293,392,515
MouseMove,134021641831197273,505,583
gaze,134021641831272931,394,506
gaze,134021641831354360,397,509
gaze,134021641831440958,397,511
gaze,134021641831521653,391,506
gaze,134021641831607033,396,510
gaze,134021641831688027,384,494
MouseMove,134021641831757004,505,583
gaze,134021641831767755,394,507
MouseMove,134021641831836043,504,582
gaze,134021641831855212,387,500
gaze,134021641831937708,401,513
gaze,134021641832022863,393,503
gaze,134021641832099253,397,511
gaze,134021641832191719,397,517
gaze,134021641832271400,393,510
gaze,134021641832357005,388,501
gaze,134021641832438200,390,500
gaze,134021641832523684,392,501
LeftMouseDown,134021641832557809
gaze,134021641832604243,387,493
gaze,134021641832685611,404,491
gaze,134021641832758592,462,494
gaze,134021641832835734,478,496
gaze,134021641832939054,482,479
gaze,134021641833017163,479,500
gaze,134021641833086368,470,484
gaze,134021641833173373,487,505
gaze,134021641833273615,482,500
gaze,134021641833354862,490,496
LeftMouseUp,134021641833439185
gaze,134021641833440669,489,497
gaze,134021641833521749,477,499
gaze,134021641833606915,485,492
gaze,134021641833688677,479,493
gaze,134021641833768450,484,495
gaze,134021641833855488,484,510
gaze,134021641833938456,472,483
gaze,134021641834021434,472,488
gaze,134021641834100078,479,500
gaze,134021641834188293,480,501
gaze,134021641834271655,484,492
gaze,134021641834355834,482,483
gaze,134021641834438841,477,490
gaze,134021641834520350,476,490
gaze,134021641834607605,479,491
gaze,134021641834683215,481,493
gaze,134021641834754321,443,542
gaze,134021641834837040,412,616
gaze,134021641834939950,402,659
gaze,134021641835017923,411,693
MouseMove,134021641835038488,505,582
gaze,134021641835088499,415,688
MouseMove,134021641835116835,506,582
gaze,134021641835169673,411,690
MouseMove,134021641835197712,507,582
gaze,134021641835252023,419,702
MouseMove,134021641835276197,507,582
gaze,134021641835356381,422,696
gaze,134021641835437930,417,693
gaze,134021641835523633,416,699
gaze,134021641835605241,420,689
MouseMove,134021641835676680,508,582
gaze,134021641835690562,426,688
MouseMove,134021641835758228,508,583
gaze,134021641835766450,416,693
gaze,134021641835857298,418,694
gaze,134021641835937664,412,691
MouseWheel,134021641835998273,-120
gaze,134021641836024989,422,692
gaze,134021641836104607,423,692
gaze,134021641836184131,420,692
gaze,134021641836272492,425,691
gaze,134021641836354660,422,687
gaze,134021641836440508,420,697
gaze,134021641836521026,428,699
gaze,134021641836606671,419,699
gaze,134021641836683561,420,695
gaze,134021641836754854,419,691
gaze,134021641836836189,422,696
gaze,134021641836939729,414,698
gaze,134021641837021369,420,694
gaze,134021641837102814,421,694
gaze,134021641837168833,429,694
gaze,134021641837253038,419,693
gaze,134021641837356305,417,687
gaze,134021641837438892,417,692
gaze,134021641837521852,419,698
gaze,134021641837604938,424,690
gaze,134021641837688688,421,682
gaze,134021641837775151,427,693
gaze,134021641837855683,426,693
MouseWheel,134021641837917010,-120
gaze,134021641837937478,423,689
gaze,134021641838029243,419,689
gaze,134021641838105441,423,691
gaze,134021641838185299,421,690
gaze,134021641838272375,425,688
gaze,134021641838354283,425,687
gaze,134021641838439953,426,695
gaze,134021641838521384,413,696
gaze,134021641838606703,415,684
gaze,134021641838682877,419,691
gaze,134021641838754408,425,694
gaze,134021641838835915,424,686
gaze,134021641838940091,421,690
gaze,134021641839028771,418,693
gaze,134021641839106827,423,691
gaze,134021641839173410,429,698
gaze,134021641839258746,429,690
gaze,134021641839336159,419,691
gaze,134021641839439109,420,690
gaze,134021641839520185,414,684
gaze,134021641839605928,420,694
gaze,134021641839688517,425,694
gaze,134021641839767963,417,697
gaze,134021641839855224,422,695
gaze,134021641839938405,420,693
gaze,134021641840022426,417,695
gaze,134021641840105157,414,686
gaze,134021641840187990,413,689
MouseWheel,134021641840237918,-120
gaze,134021641840266876,430,699
gaze,134021641840356264,426,699
gaze,134021641840437785,420,696
gaze,134021641840523061,411,691
gaze,134021641840604010,418,691
gaze,134021641840685370,414,697
gaze,134021641840752612,413,697
gaze,134021641840836034,420,704
gaze,134021641840921793,423,694
gaze,134021641841024651,411,688
gaze,134021641841104524,420,693
gaze,134021641841184115,425,698
gaze,134021641841253062,420,690
gaze,134021641841336873,413,692
gaze,134021641841419697,417,691
gaze,134021641841524787,415,694
gaze,134021641841604531,413,695
gaze,134021641841690083,417,684
gaze,134021641841771915,425,696
gaze,134021641841851664,422,696
gaze,134021641841939590,420,695
gaze,134021641842021116,415,699
gaze,134021641842107545,425,703
gaze,134021641842187832,424,698
gaze,134021641842273312,423,695
gaze,134021641842349451,414,693
gaze,134021641842441207,421,690
gaze,134021641842521549,413,689
gaze,134021641842606465,410,687
gaze,134021641842690792,408,696
gaze,134021641842767952,411,711
gaze,134021641842835851,398,748
gaze,134021641842919217,409,755
MouseMove,134021641842957113,510,583
gaze,134021641843023723,399,752
MouseMove,134021641843037995,511,583
gaze,134021641843105929,396,758
MouseMove,134021641843116644,514,583
gaze,134021641843188636,394,763
MouseMove,134021641843197394,515,584
gaze,134021641843267205,405,755
MouseMove,134021641843277376,518,584
gaze,134021641843336266,413,767
MouseMove,134021641843356995,519,584
gaze,134021641843420218,409,762
MouseMove,134021641843436384,521,584
MouseMove,134021641843517756,522,584
MouseWheel,134021641843522825,-120
gaze,134021641843523389,405,755
MouseMove,134021641843597284,522,584
gaze,134021641843604712,402,757
MouseMove,134021641843678249,523,584
gaze,134021641843691043,404,753
MouseMove,134021641843756783,524,584
gaze,134021641843774007,408,764
MouseMove,134021641843836859,524,584
gaze,134021641843850947,408,754
MouseMove,134021641843917629,525,584
gaze,134021641843939852,406,755
gaze,134021641844021480,395,750
gaze,134021641844106496,398,751
gaze,134021641844187547,410,740
MouseMove,134021641844236245,526,584
gaze,134021641844274529,408,752
MouseMove,134021641844316577,527,584
gaze,134021641844354303,401,752
MouseMove,134021641844398620,527,585
gaze,134021641844441380,410,747
MouseMove,134021641844476341,528,585
gaze,134021641844521250,395,746
gaze,134021641844606924,398,748
gaze,134021641844689176,399,756
MouseMove,134021641844717460,529,585
gaze,134021641844768387,401,746
MouseMove,134021641844798647,530,585
gaze,134021641844837247,400,754
MouseMove,134021641844876817,530,585
gaze,134021641844920277,429,758
MouseMove,134021641844956012,531,585
gaze,134021641845024817,463,746
MouseMove,134021641845037833,533,585
gaze,134021641845105375,482,747
MouseMove,134021641845116360,534,585
gaze,134021641845189753,479,741
MouseMove,134021641845197654,538,586
gaze,134021641845268863,479,734
MouseMove,134021641845275914,539,586
gaze,134021641845338862,482,738
MouseMove,134021641845356680,542,587
gaze,134021641845420336,475,740
MouseMove,134021641845442001,546,588
gaze,134021641845503002,470,739
MouseMove,134021641845516305,552,588
MouseMove,134021641845596584,558,590
gaze,134021641845606419,477,742
MouseMove,134021641845678110,564,590
gaze,134021641845687893,474,740
MouseMove,134021641845757092,570,590
gaze,134021641845775105,470,734
MouseMove,134021641845837616,577,590
gaze,134021641845849098,473,740
MouseMove,134021641845917234,584,591
gaze,134021641845941226,476,742
MouseMove,134021641845997167,592,591
gaze,134021641846022678,482,744
MouseMove,134021641846076241,599,591
gaze,134021641846106256,473,742
MouseMove,134021641846156504,606,593
gaze,134021641846187078,471,743
MouseMove,134021641846236158,611,593
gaze,134021641846274294,477,744
MouseMove,134021641846316428,618,593
gaze,134021641846355443,467,738
MouseMove,134021641846396314,622,593
gaze,134021641846436476,470,747
MouseMove,134021641846477291,626,593
MouseWheel,134021641846480797,-120
gaze,134021641846521982,476,744
MouseMove,134021641846558215,629,593
gaze,134021641846605273,476,738
MouseMove,134021641846636166,632,593
gaze,134021641846689766,469,732
MouseMove,134021641846716535,635,593
gaze,134021641846767727,472,729
MouseMove,134021641846795953,636,593
gaze,134021641846837691,477,719
MouseMove,134021641846877340,637,593
gaze,134021641846921009,477,708
MouseMove,134021641846957096,638,593
gaze,134021641847024168,481,714
MouseMove,134021641847047329,640,593
gaze,134021641847105793,480,717
gaze,134021641847190371,483,714
MouseMove,134021641847197654,640,592
gaze,134021641847271177,479,703
MouseMove,134021641847276531,641,592
gaze,134021641847353600,483,714
gaze,134021641847420266,479,712
gaze,134021641847502637,485,705
gaze,134021641847586289,480,715
gaze,134021641847689998,483,711
gaze,134021641847772248,480,703
gaze,134021641847852322,482,711
gaze,134021641847939776,480,710
gaze,134021641848021468,482,709
gaze,134021641848107319,479,714
gaze,134021641848188379,485,711
gaze,134021641848273916,483,710
gaze,134021641848355722,488,709
gaze,134021641848440858,487,721
gaze,134021641848516388,484,706
gaze,134021641848607404,477,707
gaze,134021641848688311,481,711
gaze,134021641848768675,478,713
gaze,134021641848836647,481,704
gaze,134021641848919958,482,713
gaze,134021641849004090,483,713
gaze,134021641849106517,471,712
gaze,134021641849187888,471,706
gaze,134021641849274201,482,716
MouseMove,134021641849276644,642,591
gaze,134021641849356026,480,712
gaze,134021641849436139,481,712
MouseMove,134021641849437319,643,591
gaze,134021641849503321,474,709
gaze,134021641849586256,478,711
gaze,134021641849691630,481,723
gaze,134021641849773005,483,713
gaze,134021641849857120,471,707
gaze,134021641849932202,486,724
gaze,134021641850024905,476,706
gaze,134021641850106316,475,719
gaze,134021641850190586,479,705
gaze,134021641850272893,487,719
gaze,134021641850358019,476,711
gaze,134021641850439014,482,712
gaze,134021641850519654,483,721
gaze,134021641850605930,487,724
gaze,134021641850688837,484,720
gaze,134021641850772360,472,682
gaze,134021641850849065,451,554
gaze,134021641850922407,438,394
gaze,134021641851003341,428,267
gaze,134021641851106609,425,237
gaze,134021641851187871,438,203
gaze,134021641851275352,447,222
gaze,134021641851355994,438,248
gaze,134021641851435645,451,266
gaze,134021641851502948,448,269
gaze,134021641851586470,456,279
gaze,134021641851689836,451,272
gaze,134021641851771195,443,267
gaze,134021641851858484,452,278
gaze,134021641851932491,459,284
gaze,134021641852024195,456,284
gaze,134021641852105765,452,287
gaze,134021641852189965,455,277
gaze,134021641852272331,449,275
gaze,134021641852361826,455,280
gaze,134021641852438964,453,302
gaze,134021641852518697,451,299
gaze,134021641852606109,458,280
gaze,134021641852688574,444,273
gaze,134021641852771980,451,278
gaze,134021641852848927,445,281
gaze,134021641852919479,445,262
gaze,134021641853002870,456,260
gaze,134021641853086459,453,290
gaze,134021641853188340,456,280
gaze,134021641853271175,461,285
gaze,134021641853357615,451,275
gaze,134021641853433427,459,284
gaze,134021641853505381,448,278
gaze,134021641853586610,458,264
gaze,134021641853676555,460,288
gaze,134021641853773207,447,266
gaze,134021641853854278,452,291
gaze,134021641853939896,455,283
gaze,134021641854015667,457,257
gaze,134021641854107231,545,283
gaze,134021641854187463,673,289
gaze,134021641854272682,769,281
gaze,134021641854354716,801,277
gaze,134021641854439893,802,281
gaze,134021641854520819,800,289
gaze,134021641854601377,797,277
gaze,134021641854689712,801,276
gaze,134021641854771304,797,278
gaze,134021641854857050,791,278
gaze,134021641854932151,799,275
gaze,134021641855008512,794,275
gaze,134021641855086002,787,276
gaze,134021641855188626,789,264
gaze,134021641855271557,786,267
gaze,134021641855355478,790,276
gaze,134021641855439054,787,263
gaze,134021641855520413,785,277
gaze,134021641855586256,782,268
gaze,134021641855669876,783,247
gaze,134021641855773306,787,277
gaze,134021641855855341,787,284
gaze,134021641855939984,782,289
gaze,134021641856015712,786,270
gaze,134021641856107350,790,266
gaze,134021641856187331,787,274
gaze,134021641856273976,789,278
gaze,134021641856354837,793,300
gaze,134021641856440363,786,251
gaze,134021641856521114,783,286
gaze,134021641856601332,798,293
gaze,134021641856689693,779,276
gaze,134021641856771573,689,300
gaze,134021641856856948,600,268
gaze,134021641856932877,593,270
gaze,134021641857004767,602,269
gaze,134021641857085746,600,280
gaze,134021641857168607,611,280
gaze,134021641857272732,608,255
gaze,134021641857354419,605,253
gaze,134021641857439916,599,235
gaze,134021641857514899,605,259
gaze,134021641857587238,617,247
gaze,134021641857674154,612,269
gaze,134021641857752627,609,244
gaze,134021641857856019,616,268
gaze,134021641857938133,620,286
gaze,134021641858022857,618,269
gaze,134021641858098686,616,251
gaze,134021641858190659,619,258
gaze,134021641858270757,614,273
gaze,134021641858356239,619,290
gaze,134021641858438618,616,254
gaze,134021641858520337,615,257
gaze,134021641858604060,622,281
gaze,134021641858682829,614,257
gaze,134021641858771741,624,280
gaze,134021641858854055,621,273
gaze,134021641858937183,622,283
gaze,134021641859018193,613,263
gaze,134021641859089737,612,243
gaze,134021641859169341,612,264
gaze,134021641859251319,622,292
gaze,134021641859354578,625,288
gaze,134021641859438211,626,287
gaze,134021641859520099,628,275
gaze,134021641859598671,621,260
gaze,134021641859669062,620,282
gaze,134021641859751268,615,272
gaze,134021641859855219,624,287
gaze,134021641859937245,634,284
gaze,134021641860022029,617,278
gaze,134021641860104129,622,287
gaze,134021641860181601,624,277
gaze,134021641860272213,623,279
gaze,134021641860354827,619,266
gaze,134021641860438210,632,311
gaze,134021641860521528,618,271
gaze,134021641860603742,625,245
gaze,134021641860682929,632,239
gaze,134021641860777809,638,480
gaze,134021641862674830,558,1085
gaze,134021641862770183,564,1017
gaze,134021641862856598,553,988
gaze,134021641862938688,562,947
gaze,134021641863023678,543,930
gaze,134021641863106390,565,921
gaze,134021641863184238,593,936
gaze,134021641863253141,573,927
gaze,134021641863337896,552,917
gaze,134021641863441334,573,947
gaze,134021641863523603,579,922
gaze,134021641863602201,568,916
gaze,134021641863659760,572,966
gaze,134021641863742287,554,1084
gaze,134021641863843798,515,1324
gaze,134021641865095977,960,635
gaze,134021641865185753,943,657
gaze,134021641865252414,930,549
gaze,134021641865336982,925,477
gaze,134021641865420590,931,402
gaze,134021641865523287,934,420
gaze,134021641865600608,935,415
gaze,134021641865670771,939,470
gaze,134021641865754070,929,466
gaze,134021641865836543,940,471
gaze,134021641865940196,924,498
gaze,134021641866022336,933,481
gaze,134021641866106904,926,489
gaze,134021641866187631,942,440
gaze,134021641866273837,930,505
gaze,134021641866349407,933,475
gaze,134021641866441343,923,492
gaze,134021641866521959,936,484
gaze,134021641866606450,933,496
gaze,134021641866688599,938,468
gaze,134021641866766915,933,492
gaze,134021641866860093,928,478
gaze,134021641866938575,939,473
gaze,134021641867028178,942,488
gaze,134021641867106400,933,481
gaze,134021641867189913,937,490
gaze,134021641867267364,931,490
gaze,134021641867336461,934,493
MouseMove,134021641867356226,643,591
gaze,134021641867419299,928,476
MouseMove,134021641867436992,648,581
gaze,134021641867502493,809,537
MouseMove,134021641867517862,654,560
MouseMove,134021641867595947,658,541
gaze,134021641867606388,606,514
MouseMove,134021641867676303,659,533
gaze,134021641867682944,488,522
gaze,134021641867755492,440,514
MouseMove,134021641867758295,659,528
MouseMove,134021641867836437,660,526
gaze,134021641867837147,467,540
MouseMove,134021641867916702,660,524
gaze,134021641867919430,470,535
MouseMove,134021641867998541,660,523
gaze,134021641868024378,471,519
MouseMove,134021641868076824,661,522
gaze,134021641868105530,470,517
MouseMove,134021641868156362,662,522
gaze,134021641868189622,482,520
MouseMove,134021641868237714,662,521
gaze,134021641868272661,490,526
MouseMove,134021641868316468,667,520
gaze,134021641868358465,482,529
MouseMove,134021641868397448,670,520
gaze,134021641868433753,476,510
MouseMove,134021641868476696,674,520
gaze,134021641868522412,488,520
MouseMove,134021641868557136,678,521
gaze,134021641868605254,474,516
MouseMove,134021641868635948,684,523
gaze,134021641868688918,487,528
MouseMove,134021641868716980,689,527
gaze,134021641868771861,488,530
MouseMove,134021641868796454,696,532
gaze,134021641868849761,489,511
MouseMove,134021641868876920,705,539
gaze,134021641868940195,490,520
MouseMove,134021641868957476,712,544
gaze,134021641869022863,498,537
MouseMove,134021641869036949,722,552
gaze,134021641869106744,495,531
MouseMove,134021641869117062,731,562
gaze,134021641869189029,491,525
MouseMove,134021641869197935,738,572
MouseMove,134021641869280568,743,583
gaze,134021641869271690,491,531
gaze,134021641869350802,481,517
MouseMove,134021641869357095,746,592
gaze,134021641869419601,495,519
MouseMove,134021641869436248,746,602
gaze,134021641869502003,485,521
MouseMove,134021641869516594,742,609
MouseMove,134021641869596817,734,619
gaze,134021641869606828,476,519
MouseMove,134021641869678356,725,629
gaze,134021641869687909,491,518
MouseMove,134021641869756485,713,641
gaze,134021641869768708,493,526
MouseMove,134021641869837958,707,649
gaze,134021641869837004,480,503
MouseMove,134021641869916445,701,656
gaze,134021641869919314,481,521
MouseMove,134021641869997244,697,661
gaze,134021641870023142,487,521
MouseMove,134021641870078300,694,666
gaze,134021641870104603,489,503
MouseMove,134021641870157287,693,669
gaze,134021641870190210,490,527
MouseMove,134021641870237366,693,672
gaze,134021641870272337,497,510
MouseMove,134021641870317235,693,677
gaze,134021641870370711,492,524
MouseMove,134021641870399253,699,685
gaze,134021641870433122,499,529
MouseMove,134021641870476853,706,694
gaze,134021641870524158,580,604
MouseMove,134021641870556880,715,703
gaze,134021641870606350,678,700
MouseMove,134021641870636453,723,709
gaze,134021641870691545,771,833
MouseMove,134021641870716491,731,717
gaze,134021641870772752,760,918
MouseMove,134021641870796244,741,725
gaze,134021641870852182,779,979
MouseMove,134021641870876772,749,732
gaze,134021641870942810,763,978
MouseMove,134021641870957647,753,740
gaze,134021641871022839,763,987
MouseMove,134021641871036735,757,749
gaze,134021641871108246,763,984
MouseMove,134021641871116792,757,760
gaze,134021641871190426,731,974
MouseMove,134021641871197008,757,772
gaze,134021641871275600,747,979
MouseMove,134021641871276875,761,789
gaze,134021641871350812,755,979
MouseMove,134021641871358521,768,806
gaze,134021641871423437,747,975
MouseMove,134021641871436697,776,827
gaze,134021641871503276,750,975
MouseMove,134021641871516726,790,848
MouseMove,134021641871596009,804,867
gaze,134021641871607110,751,974
MouseMove,134021641871676301,816,884
gaze,134021641871688611,746,981
MouseMove,134021641871757144,823,894
gaze,134021641871770293,747,966
MouseMove,134021641871836720,828,903
gaze,134021641871837075,736,977
MouseMove,134021641871916942,834,911
gaze,134021641871920811,747,979
MouseMove,134021641871997165,840,921
gaze,134021641872004683,756,981
MouseMove,134021641872077923,846,931
gaze,134021641872111489,761,979
MouseMove,134021641872156030,850,941
gaze,134021641872188397,748,973
MouseMove,134021641872237629,853,952
gaze,134021641872275583,759,978
MouseMove,134021641872319676,853,963
gaze,134021641872359535,741,976
MouseMove,134021641872398213,853,974
gaze,134021641872435867,748,981
MouseMove,134021641872476922,853,985
gaze,134021641872523376,758,975
MouseMove,134021641872556892,853,995
gaze,134021641872605760,758,990
MouseMove,134021641872637140,852,1003
gaze,134021641872689505,752,985
MouseMove,134021641872717109,851,1010
gaze,134021641872773434,734,977
MouseMove,134021641872796327,850,1016
gaze,134021641872856012,734,984
MouseMove,134021641872877277,849,1020
gaze,134021641872933738,751,991
MouseMove,134021641872957401,849,1024
gaze,134021641873024423,733,975
MouseMove,134021641873037665,849,1028
gaze,134021641873106292,755,986
MouseMove,134021641873117199,849,1032
gaze,134021641873189261,750,978
MouseMove,134021641873196202,849,1035
gaze,134021641873272926,748,992
gaze,134021641873350728,767,1030
MouseMove,134021641873357166,848,1036
gaze,134021641873420883,756,1052
MouseMove,134021641873437832,848,1036
gaze,134021641873504723,775,1045
MouseMove,134021641873517756,846,1037
MouseMove,134021641873597904,842,1037
gaze,134021641873606633,761,1056
MouseMove,134021641873677347,838,1038
gaze,134021641873689167,752,1058
MouseMove,134021641873756726,828,1038
gaze,134021641873772641,747,1061
MouseMove,134021641873837677,817,1038
gaze,134021641873850670,762,1052
MouseMove,134021641873916093,803,1038
gaze,134021641873920508,770,1058
MouseMove,134021641873997020,793,1038
gaze,134021641874004228,761,1064
MouseMove,134021641874077076,782,1038
gaze,134021641874107537,747,1058
MouseMove,134021641874156573,771,1038
gaze,134021641874193610,769,1050
MouseMove,134021641874236108,758,1038
gaze,134021641874272776,767,1055
MouseMove,134021641874316680,744,1038
gaze,134021641874356289,765,1058
MouseMove,134021641874398577,724,1042
gaze,134021641874434083,759,1052
MouseMove,134021641874478208,707,1044
gaze,134021641874523511,777,1052
MouseMove,134021641874557895,686,1047
gaze,134021641874605399,767,1061
MouseMove,134021641874637411,671,1049
gaze,134021641874690851,737,1050
MouseMove,134021641874716710,660,1050
gaze,134021641874773094,746,1055
MouseMove,134021641874797222,649,1054
gaze,134021641874856513,751,1055
MouseMove,134021641874878405,641,1055
gaze,134021641874934167,750,1057
MouseMove,134021641874956030,630,1056
gaze,134021641875023306,758,1040
MouseMove,134021641875037494,626,1056
gaze,134021641875105566,763,1052
MouseMove,134021641875117120,623,1057
gaze,134021641875189321,765,1054
MouseMove,134021641875197488,621,1057
gaze,134021641875272329,773,1061
MouseMove,134021641875276636,620,1057
gaze,134021641875351314,769,1060
gaze,134021641875421398,758,1047
MouseMove,134021641875437486,619,1057
gaze,134021641875504360,772,1056
gaze,134021641875607644,762,1063
MouseMove,134021641875677305,619,1058
gaze,134021641875701856,754,1056
MouseMove,134021641875758047,618,1058
gaze,134021641875775323,760,1052
MouseMove,134021641875837530,616,1058
gaze,134021641875851089,760,1043
MouseMove,134021641875917085,613,1058
gaze,134021641875922663,762,1048
MouseMove,134021641875999332,610,1058
gaze,134021641876004446,753,1058
MouseMove,134021641876077516,605,1059
gaze,134021641876107404,752,1049
MouseMove,134021641876156582,602,1060
gaze,134021641876189010,754,1043
MouseMove,134021641876238063,602,1060
gaze,134021641876274062,758,1052
gaze,134021641876358976,744,1043
gaze,134021641876434922,747,1051
gaze,134021641876524812,775,1043
gaze,134021641876605216,738,1058
gaze,134021641876681705,631,1050
MouseMove,134021641876718284,601,1060
gaze,134021641876778074,520,1040
MouseMove,134021641876796719,601,1061
gaze,134021641876857926,520,1038
MouseMove,134021641876877790,601,1061
gaze,134021641876936246,511,1042
MouseMove,134021641876958359,601,1063
gaze,134021641877025145,531,1044
MouseMove,134021641877038183,603,1063
gaze,134021641877108025,534,1054
MouseMove,134021641877118914,605,1064
gaze,134021641877189854,537,1055
MouseMove,134021641877196779,609,1065
gaze,134021641877274133,525,1044
MouseMove,134021641877277959,612,1065
gaze,134021641877340906,536,1051
MouseMove,134021641877358192,616,1065
gaze,134021641877426100,529,1052
MouseMove,134021641877437165,620,1065
gaze,134021641877504291,542,1040
MouseMove,134021641877516733,624,1065
MouseMove,134021641877597429,629,1065
gaze,134021641877608394,533,1054
MouseMove,134021641877677465,632,1065
gaze,134021641877690816,530,1044
MouseMove,134021641877757795,634,1064
gaze,134021641877773892,521,1096
MouseMove,134021641877836405,635,1064
gaze,134021641877852023,546,1050
MouseMove,134021641877917665,636,1064
gaze,134021641877921859,537,1041
gaze,134021641878004469,524,1055
gaze,134021641878107740,516,1060
gaze,134021641878189737,524,1045
gaze,134021641878273764,538,1043
MouseMove,134021641878317526,636,1064
gaze,134021641878356332,534,1025
gaze,134021641878435493,532,1054
gaze,134021641878524320,540,1054
gaze,134021641878605398,548,1066
gaze,134021641878690968,524,1056
MouseMove,134021641878719236,637,1064
gaze,134021641878777017,520,1044
MouseMove,134021641878798305,638,1064
gaze,134021641878856245,523,1059
MouseMove,134021641878876978,638,1064
gaze,134021641878936195,528,1045
gaze,134021641879024067,584,1053
MouseMove,134021641879039612,639,1064
gaze,134021641879107339,614,1044
gaze,134021641879190505,605,1058
gaze,134021641879271957,617,1049
gaze,134021641879352917,617,1067
gaze,134021641879421990,594,1052
gaze,134021641879502786,598,1048
LeftMouseDown,134021641879517786
gaze,134021641879587112,581,1054
gaze,134021641879682649,574,1040
gaze,134021641879774207,607,1063
gaze,134021641879851211,595,1047
gaze,134021641879921145,593,1049
gaze,134021641880003570,592,1054
gaze,134021641880088540,591,1050
gaze,134021641880190893,593,1048
gaze,134021641880272655,590,1053
MouseMove,134021641880319223,640,1064
LeftMouseUp,134021641880325015
gaze,134021641880360658,603,1040
gaze,134021641880440674,603,1053
gaze,134021641880516386,592,1050
gaze,134021641880607567,583,1047
gaze,134021641880690169,595,1056
gaze,134021641880774704,582,1059
gaze,134021641880855367,586,1053
gaze,134021641880943511,575,1051
gaze,134021641881019391,576,1054
MouseMove,134021641881037822,641,1064
gaze,134021641881108726,594,1064
gaze,134021641881189529,600,1070
MouseMove,134021641881197170,641,1064
gaze,134021641881276009,598,1054
MouseMove,134021641881277438,643,1064
gaze,134021641881357518,590,1054
MouseMove,134021641881362724,644,1064
gaze,134021641881436845,595,1049
MouseMove,134021641881439701,645,1064
gaze,134021641881503767,598,1052
MouseMove,134021641881517161,646,1064
gaze,134021641881587225,601,1053
MouseMove,134021641881597151,648,1064
gaze,134021641881670447,584,1046
MouseMove,134021641881677727,648,1064
MouseMove,134021641881758844,649,1063
gaze,134021641881774260,581,1051
MouseMove,134021641881836779,650,1062
gaze,134021641881856422,573,1048
MouseMove,134021641881917229,651,1060
gaze,134021641881936138,582,1050
MouseMove,134021641881997384,656,1057
gaze,134021641882004320,591,1059
MouseMove,134021641882079660,668,1051
gaze,134021641882088045,578,1061
MouseMove,134021641882157118,679,1045
gaze,134021641882190671,588,1059
MouseMove,134021641882236615,693,1035
gaze,134021641882272293,595,1050
MouseMove,134021641882316936,703,1027
gaze,134021641882357944,583,1058
MouseMove,134021641882397527,714,1018
gaze,134021641882439796,584,1055
MouseMove,134021641882478033,723,1011
gaze,134021641882521784,582,1066
MouseMove,134021641882558332,728,1009
gaze,134021641882602694,579,1052
MouseMove,134021641882637115,731,1006
gaze,134021641882690409,578,1054
MouseMove,134021641882716783,732,1005
gaze,134021641882772811,583,1055
MouseMove,134021641882797926,734,1004
gaze,134021641882859943,585,1052
gaze,134021641882939614,574,1047
gaze,134021641883017295,580,1054
gaze,134021641883109075,588,1056
gaze,134021641883189876,586,1050
MouseMove,134021641883196918,734,1004
gaze,134021641883274833,587,1053
MouseMove,134021641883277244,736,1003
gaze,134021641883357128,595,1056
MouseMove,134021641883358567,736,1003
MouseMove,134021641883437258,738,1003
gaze,134021641883441340,581,1015
gaze,134021641883518403,548,955
gaze,134021641883589306,548,925
gaze,134021641883673866,544,921
MouseMove,134021641883758165,739,1003
gaze,134021641883774867,564,913
MouseMove,134021641883836398,741,1003
gaze,134021641883856319,566,906
MouseMove,134021641883916519,742,1002
gaze,134021641883936019,562,909
MouseMove,134021641883997892,743,1002
gaze,134021641884004679,564,911
MouseMove,134021641884077960,744,1001
gaze,134021641884087220,559,908
MouseMove,134021641884156210,744,1001
gaze,134021641884189796,574,913
MouseMove,134021641884238226,745,1000
gaze,134021641884274789,560,910
gaze,134021641884358338,558,910
gaze,134021641884441194,569,908
gaze,134021641884525536,556,909
LeftMouseDown,134021641884559547
gaze,134021641884600795,549,913
gaze,134021641884694152,548,915
gaze,134021641884773146,544,916
gaze,134021641884857501,566,917
gaze,134021641884940133,578,917
gaze,134021641885017508,642,926
gaze,134021641885108053,703,936
gaze,134021641885189734,702,927
LeftMouseUp,134021641885199668
gaze,134021641885274302,688,938
gaze,134021641885359451,697,931
MouseMove,134021641885440922,746,999
gaze,134021641885441576,697,936
MouseMove,134021641885517791,746,998
gaze,134021641885517387,712,940
gaze,134021641885589046,689,934
MouseMove,134021641885598122,746,994
gaze,134021641885671677,677,932
MouseMove,134021641885677716,746,991
gaze,134021641885754632,673,936
MouseMove,134021641885759367,746,988
MouseMove,134021641885861639,745,982
gaze,134021641885861675,687,933
MouseMove,134021641885917426,741,974
gaze,134021641885934335,681,946
MouseMove,134021641885997958,737,966
gaze,134021641886006636,692,937
MouseMove,134021641886077444,731,956
gaze,134021641886087843,696,937
MouseMove,134021641886156975,717,939
gaze,134021641886192377,675,941
MouseMove,134021641886236175,699,921
gaze,134021641886273565,670,938
MouseMove,134021641886316725,680,900
gaze,134021641886356341,666,931
MouseMove,134021641886398445,657,870
gaze,134021641886440564,691,942
MouseMove,134021641886477127,641,845
gaze,134021641886523014,679,939
MouseMove,134021641886556524,625,814
gaze,134021641886608284,682,938
MouseMove,134021641886637555,611,783
gaze,134021641886689017,681,940
MouseMove,134021641886717838,595,746
gaze,134021641886777324,683,942
MouseMove,134021641886797344,582,713
gaze,134021641886859437,681,948
MouseMove,134021641886876843,565,672
gaze,134021641886942434,679,936
MouseMove,134021641886956308,549,638
gaze,134021641887017954,680,946
MouseMove,134021641887037656,532,596
gaze,134021641887109639,676,940
MouseMove,134021641887118451,518,565
gaze,134021641887189734,680,937
MouseMove,134021641887197603,501,536
gaze,134021641887274558,672,940
MouseMove,134021641887276978,484,509
MouseMove,134021641887356254,473,492
gaze,134021641887357690,697,941
MouseMove,134021641887437274,464,476
gaze,134021641887441773,682,938
MouseMove,134021641887517063,460,465
gaze,134021641887522398,693,938
MouseMove,134021641887596568,457,457
gaze,134021641887602428,683,937
gaze,134021641887670348,680,946
MouseMove,134021641887677984,455,450
gaze,134021641887753750,632,886
MouseMove,134021641887756831,451,442
MouseMove,134021641887836801,450,436
gaze,134021641887864566,591,749
MouseMove,134021641887916768,447,430
gaze,134021641887934973,558,622
MouseMove,134021641887997940,445,428
gaze,134021641888007192,560,537
MouseMove,134021641888077270,443,424
gaze,134021641888088460,560,531
MouseMove,134021641888156373,440,422
gaze,134021641888171081,554,512
MouseMove,134021641888237480,438,421
gaze,134021641888273810,572,535
MouseMove,134021641888316930,436,421
gaze,134021641888356106,565,529
MouseMove,134021641888397758,435,421
gaze,134021641888441227,568,543
MouseMove,134021641888476449,432,421
gaze,134021641888522091,567,529
MouseMove,134021641888556302,432,421
gaze,134021641888606661,567,526
MouseMove,134021641888635920,430,421
gaze,134021641888686529,565,538
MouseMove,134021641888717162,429,421
gaze,134021641888773450,563,540
MouseMove,134021641888797674,427,421
gaze,134021641888855720,570,556
MouseMove,134021641888879580,424,421
gaze,134021641888939492,579,538
MouseMove,134021641888956585,421,418
gaze,134021641889023520,565,549
MouseMove,134021641889048168,418,416
gaze,134021641889101953,564,557
MouseMove,134021641889118239,413,413
gaze,134021641889190231,575,547
MouseMove,134021641889196958,408,410
gaze,134021641889272806,567,552
MouseMove,134021641889276110,404,409
MouseMove,134021641889357400,400,407
gaze,134021641889357250,560,535
MouseMove,134021641889436170,396,406
gaze,134021641889439509,441,455
MouseMove,134021641889516622,393,404
gaze,134021641889522158,380,372
MouseMove,134021641889597131,388,401
gaze,134021641889599903,336,371
gaze,134021641889670536,327,357
MouseMove,134021641889680498,383,396
gaze,134021641889753115,325,352
MouseMove,134021641889757117,380,394
MouseMove,134021641889840911,375,389
gaze,134021641889856067,331,372
MouseMove,134021641889916647,370,381
gaze,134021641889938856,334,354
MouseMove,134021641889997355,366,375
gaze,134021641890031162,337,367
MouseMove,134021641890077581,359,368
gaze,134021641890087291,343,370
MouseMove,134021641890157066,353,359
gaze,134021641890169498,334,370
MouseMove,134021641890236642,348,354
gaze,134021641890252460,332,374
MouseMove,134021641890317277,343,349
gaze,134021641890356541,342,371
MouseMove,134021641890396357,339,346
gaze,134021641890438667,339,387
MouseMove,134021641890476663,338,344
gaze,134021641890521703,332,363
MouseMove,134021641890556406,336,342
gaze,134021641890604970,337,355
MouseMove,134021641890637502,333,341
gaze,134021641890684193,335,361
MouseMove,134021641890722933,332,341
gaze,134021641890773138,336,364
MouseMove,134021641890796203,329,340
gaze,134021641890855190,339,366
MouseMove,134021641890876204,326,340
gaze,134021641890941331,340,373
MouseMove,134021641890956156,324,340
gaze,134021641891022655,352,359
MouseMove,134021641891038310,319,339
gaze,134021641891107920,351,376
MouseMove,134021641891116340,316,338
gaze,134021641891183908,358,383
MouseMove,134021641891201896,312,338
gaze,134021641891275572,353,370
MouseMove,134021641891277085,305,338
gaze,134021641891355471,357,384
MouseMove,134021641891358764,301,338
MouseMove,134021641891436608,299,338
gaze,134021641891440536,367,413
MouseMove,134021641891516838,296,338
gaze,134021641891521590,356,381
MouseMove,134021641891596111,295,338
gaze,134021641891600995,359,381
gaze,134021641891670318,356,384
MouseMove,134021641891677403,294,338
gaze,134021641891749195,349,378
MouseMove,134021641891757250,293,338
gaze,134021641891851745,355,370
gaze,134021641891939467,360,380
MouseMove,134021641891997748,293,338
gaze,134021641892027936,340,379
MouseMove,134021641892078584,292,338
gaze,134021641892103787,273,355
MouseMove,134021641892157383,292,338
gaze,134021641892169935,259,352
MouseMove,134021641892237000,290,339
gaze,134021641892252953,267,361
MouseMove,134021641892318075,289,340
gaze,134021641892357745,262,346
MouseMove,134021641892397429,287,340
gaze,134021641892439310,273,357
MouseMove,134021641892476334,286,340
gaze,134021641892523787,274,358
MouseMove,134021641892556141,286,341
gaze,134021641892605247,260,354
gaze,134021641892686521,264,355
gaze,134021641892772922,261,344
MouseMove,134021641892796669,284,341
gaze,134021641892861339,266,343
gaze,134021641892938840,268,351
gaze,134021641893022132,268,356
gaze,134021641893106469,266,352
gaze,134021641893182850,264,343
LeftMouseDown,134021641893199651
gaze,134021641893273194,266,345
gaze,134021641893356137,264,352
gaze,134021641893441843,263,353
gaze,134021641893522354,268,352
gaze,134021641893601884,266,345
gaze,134021641893669909,263,339
gaze,134021641893753036,259,342
gaze,134021641893856194,260,336
LeftMouseUp,134021641893917351
session_end
