MouseMove,134021657657484819,205,288
MouseMove,134021657657538868,210,286
MouseMove,134021657657618605,221,284
MouseMove,134021657657698840,231,280
MouseMove,134021657657778700,244,277
MouseMove,134021657657858550,262,271
MouseMove,134021657657941689,284,265
MouseMove,134021657658018897,305,261
MouseMove,134021657658098478,326,255
MouseMove,134021657658178652,343,250
MouseMove,134021657658258866,363,241
MouseMove,134021657658338575,374,235
MouseMove,134021657658418818,386,229
MouseMove,134021657658501123,397,219
MouseMove,134021657658579795,406,213
MouseMove,134021657658658569,415,204
MouseMove,134021657658738636,420,198
MouseMove,134021657658818382,426,188
MouseMove,134021657658898611,431,185
MouseMove,134021657658978463,435,182
MouseMove,134021657659058175,438,179
MouseMove,134021657659138486,442,175
MouseMove,134021657659218499,443,173
MouseMove,134021657659298560,445,171
MouseMove,134021657659378268,445,170
MouseMove,134021657659462254,445,168
session_start,638932889656072594,1757692165607,C:\Users\emory\Desktop\Participant16\stonefly
gaze,134021657659515377,189,303
MouseMove,134021657659538713,445,166
MouseMove,134021657659619101,445,164
gaze,134021657659641300,192,300
MouseMove,134021657659699326,445,163
gaze,134021657659795044,194,300
MouseMove,134021657659796564,445,162
MouseMove,134021657659858363,445,160
gaze,134021657659881285,189,292
MouseMove,134021657659941607,445,159
MouseMove,134021657660022709,445,158
MouseMove,134021657660098589,445,157
MouseMove,134021657660178603,446,157
gaze,134021657660254296,200,300
MouseMove,134021657660260377,447,155
MouseMove,134021657660338373,447,154
gaze,134021657660368803,186,299
MouseMove,134021657660418684,447,153
gaze,134021657660418119,249,296
gaze,134021657660479762,361,267
MouseMove,134021657660502704,447,153
gaze,134021657660531086,393,254
MouseMove,134021657660578454,447,152
gaze,134021657660586929,411,250
MouseMove,134021657660658329,449,151
gaze,134021657660715868,405,247
MouseMove,134021657660738763,453,150
gaze,134021657660774831,407,256
MouseMove,134021657660819221,458,149
gaze,134021657660861518,404,238
MouseMove,134021657660900859,465,146
gaze,134021657660942019,408,237
MouseMove,134021657660980459,470,145
gaze,134021657661026638,401,233
MouseMove,134021657661058507,474,142
gaze,134021657661107956,390,236
MouseMove,134021657661140192,479,142
gaze,134021657661194017,395,232
MouseMove,134021657661219862,481,140
gaze,134021657661274624,391,240
MouseMove,134021657661298314,485,137
gaze,134021657661360578,391,240
MouseMove,134021657661378263,489,134
gaze,134021657661441149,396,236
MouseMove,134021657661458251,489,133
gaze,134021657661517143,388,242
MouseMove,134021657661538224,491,130
gaze,134021657661610010,389,243
MouseMove,134021657661618364,492,128
gaze,134021657661692857,392,241
MouseMove,134021657661700465,494,126
gaze,134021657661775440,384,226
MouseMove,134021657661779164,496,123
MouseMove,134021657661859113,498,121
gaze,134021657661859313,392,244
MouseMove,134021657661939019,500,118
gaze,134021657661943630,392,241
MouseMove,134021657662019099,501,115
gaze,134021657662025538,394,246
MouseMove,134021657662098256,503,113
gaze,134021657662117104,385,237
MouseMove,134021657662179419,503,110
gaze,134021657662191348,386,231
MouseMove,134021657662258669,504,108
gaze,134021657662277681,388,236
MouseMove,134021657662343204,504,107
gaze,134021657662358801,390,240
MouseMove,134021657662418855,505,105
gaze,134021657662433470,383,232
gaze,134021657662488986,381,237
MouseMove,134021657662499523,505,104
gaze,134021657662570751,384,240
MouseMove,134021657662578602,505,103
MouseMove,134021657662658720,505,101
gaze,134021657662716629,380,232
MouseMove,134021657662738213,506,100
gaze,134021657662774821,385,241
gaze,134021657662859759,409,207
gaze,134021657662943435,442,179
MouseMove,134021657662963879,506,100
MouseMove,134021657662971213,506,99
MouseMove,134021657662980027,506,98
gaze,134021657663026858,437,172
MouseMove,134021657663059227,506,98
gaze,134021657663109027,447,171
MouseMove,134021657663138015,506,97
gaze,134021657663192236,441,165
MouseMove,134021657663218211,506,96
gaze,134021657663275623,435,169
gaze,134021657663359298,437,162
MouseMove,134021657663378669,506,95
gaze,134021657663441916,439,160
gaze,134021657663515159,434,166
gaze,134021657663610154,438,156
gaze,134021657663692657,433,159
gaze,134021657663783459,437,166
gaze,134021657663860619,437,161
gaze,134021657663944358,438,156
gaze,134021657664026707,444,163
gaze,134021657664109792,439,162
gaze,134021657664192454,440,164
gaze,134021657664275408,435,164
gaze,134021657664359276,437,160
gaze,134021657664432889,444,164
gaze,134021657664489275,436,153
gaze,134021657664570899,440,162
LeftMouseDown,134021657664579223
gaze,134021657664691872,442,147
gaze,134021657664775256,438,159
gaze,134021657664859009,444,159
gaze,134021657664942484,441,153
gaze,134021657665026153,438,156
gaze,134021657665112465,435,155
gaze,134021657665193111,435,152
gaze,134021657665278858,432,162
gaze,134021657665359191,439,161
gaze,134021657665452592,437,164
gaze,134021657665522202,443,163
gaze,134021657665605881,437,164
LeftMouseUp,134021657665619892
gaze,134021657665693511,435,160
gaze,134021657665775422,436,156
gaze,134021657665858665,431,157
gaze,134021657665942344,439,168
gaze,134021657666027554,436,162
gaze,134021657666109395,431,166
gaze,134021657666192926,439,156
gaze,134021657666276871,433,159
gaze,134021657666370630,437,153
gaze,134021657666437848,437,155
gaze,134021657666502742,432,150
gaze,134021657666572462,441,150
gaze,134021657666693023,443,160
gaze,134021657666785510,437,161
gaze,134021657666859078,435,147
gaze,134021657666942528,443,157
gaze,134021657667025958,437,151
gaze,134021657667109509,435,154
gaze,134021657667193109,437,160
gaze,134021657667276583,437,164
gaze,134021657667359619,441,161
gaze,134021657667442783,442,164
gaze,134021657667519829,435,169
MouseMove,134021657667544592,509,95
gaze,134021657667605109,436,165
MouseMove,134021657667618003,511,97
gaze,134021657667694224,437,168
MouseMove,134021657667701155,515,101
gaze,134021657667776458,439,165
MouseMove,134021657667778897,519,106
MouseMove,134021657667859331,525,113
gaze,134021657667859807,443,164
MouseMove,134021657667938432,530,118
gaze,134021657667942808,445,159
MouseMove,134021657668018566,537,127
gaze,134021657668026154,440,152
MouseMove,134021657668099329,543,133
gaze,134021657668110181,443,159
MouseMove,134021657668181682,549,142
gaze,134021657668192749,441,159
MouseMove,134021657668259516,557,150
gaze,134021657668276263,432,155
MouseMove,134021657668341353,565,159
gaze,134021657668359007,435,155
MouseMove,134021657668419433,574,169
gaze,134021657668437273,435,159
MouseMove,134021657668498989,584,181
gaze,134021657668502707,433,165
gaze,134021657668572494,431,158
MouseMove,134021657668583139,593,191
gaze,134021657668655297,434,166
MouseMove,134021657668660231,604,203
MouseMove,134021657668739784,616,214
gaze,134021657668799768,436,150
MouseMove,134021657668820398,624,223
gaze,134021657668858542,431,151
MouseMove,134021657668898496,633,233
gaze,134021657668944825,426,148
MouseMove,134021657668978494,643,245
gaze,134021657669025868,434,159
MouseMove,134021657669058566,653,253
gaze,134021657669110737,432,156
MouseMove,134021657669140445,662,263
gaze,134021657669192298,431,156
MouseMove,134021657669218406,672,275
gaze,134021657669277520,430,160
MouseMove,134021657669298928,679,285
gaze,134021657669359357,428,158
MouseMove,134021657669378327,688,295
gaze,134021657669445701,427,151
MouseMove,134021657669460766,696,305
gaze,134021657669525778,427,158
MouseMove,134021657669538856,704,314
gaze,134021657669600214,431,162
MouseMove,134021657669618692,711,323
gaze,134021657669693910,426,162
MouseMove,134021657669701126,722,332
gaze,134021657669776845,433,160
MouseMove,134021657669778874,728,337
MouseMove,134021657669858873,734,342
gaze,134021657669859518,432,155
MouseMove,134021657669938093,736,344
gaze,134021657669942724,435,158
MouseMove,134021657670018847,741,348
gaze,134021657670026651,439,162
MouseMove,134021657670098921,743,350
gaze,134021657670109210,434,160
MouseMove,134021657670178137,746,353
gaze,134021657670192679,431,151
MouseMove,134021657670258429,749,356
gaze,134021657670276939,431,159
MouseMove,134021657670338397,753,360
gaze,134021657670359793,429,160
MouseMove,134021657670419429,755,361
gaze,134021657670445357,431,157
MouseMove,134021657670499271,757,363
gaze,134021657670516193,430,162
gaze,134021657670574900,482,174
MouseMove,134021657670578634,759,367
gaze,134021657670655849,637,218
MouseMove,134021657670659961,761,369
MouseMove,134021657670740338,761,371
gaze,134021657670796447,761,246
MouseMove,134021657670820731,763,374
gaze,134021657670859472,867,264
MouseMove,134021657670898577,764,376
gaze,134021657670945650,917,328
MouseMove,134021657670978518,766,380
gaze,134021657671026836,918,336
MouseMove,134021657671058970,769,384
gaze,134021657671111816,928,359
MouseMove,134021657671138523,770,386
gaze,134021657671192217,920,360
MouseMove,134021657671218007,771,387
gaze,134021657671278419,918,353
MouseMove,134021657671298441,772,389
gaze,134021657671359440,910,370
MouseMove,134021657671380397,773,389
gaze,134021657671444910,909,354
MouseMove,134021657671460504,773,390
gaze,134021657671526596,909,347
MouseMove,134021657671538492,774,390
gaze,134021657671596341,908,342
MouseMove,134021657671622827,775,392
gaze,134021657671691413,907,330
MouseMove,134021657671700754,777,394
gaze,134021657671773837,911,340
MouseMove,134021657671779059,778,395
gaze,134021657671856455,909,341
MouseMove,134021657671859112,780,397
MouseMove,134021657671946132,782,399
gaze,134021657671946192,910,361
MouseMove,134021657672018550,785,403
gaze,134021657672022179,917,335
MouseMove,134021657672099883,787,406
gaze,134021657672105190,916,345
MouseMove,134021657672179175,788,407
gaze,134021657672188851,906,344
MouseMove,134021657672258490,789,409
gaze,134021657672273043,908,341
MouseMove,134021657672338792,789,409
gaze,134021657672355600,906,352
MouseMove,134021657672419891,790,410
gaze,134021657672438994,909,349
gaze,134021657672511248,905,339
gaze,134021657672568357,909,340
gaze,134021657672650645,907,358
gaze,134021657672771604,909,342
gaze,134021657672855844,911,339
gaze,134021657672939822,911,349
gaze,134021657673022526,911,359
gaze,134021657673114963,918,335
gaze,134021657673188342,918,352
gaze,134021657673272769,914,361
gaze,134021657673356455,914,370
gaze,134021657673439196,914,359
gaze,134021657673526086,907,355
gaze,134021657673600198,910,349
gaze,134021657673683993,913,359
gaze,134021657673773015,907,351
gaze,134021657673855494,910,345
gaze,134021657673939730,912,333
gaze,134021657674028042,919,359
gaze,134021657674106926,909,333
gaze,134021657674188933,910,346
gaze,134021657674272525,911,347
gaze,134021657674356362,911,340
gaze,134021657674440281,909,352
gaze,134021657674516861,911,334
gaze,134021657674581015,905,318
gaze,134021657674650381,910,350
gaze,134021657674771899,900,312
gaze,134021657674855970,907,342
gaze,134021657674939264,906,339
gaze,134021657675033157,910,347
gaze,134021657675108809,909,346
gaze,134021657675188366,906,337
gaze,134021657675273973,910,334
gaze,134021657675355499,907,326
gaze,134021657675439289,910,347
gaze,134021657675521729,910,330
gaze,134021657675599511,905,301
gaze,134021657675684373,892,312
gaze,134021657675772404,905,342
gaze,134021657675982111,910,340
gaze,134021657675983477,908,317
gaze,134021657676071710,910,333
gaze,134021657676107603,905,337
gaze,134021657676198096,904,347
gaze,134021657676273554,903,335
gaze,134021657676356063,908,347
gaze,134021657676440049,910,354
gaze,134021657676516930,901,320
gaze,134021657676581383,907,339
gaze,134021657676651488,904,320
gaze,134021657676771762,907,345
gaze,134021657676835193,904,330
gaze,134021657676939970,909,333
gaze,134021657677022783,925,338
gaze,134021657677110602,1064,377
gaze,134021657677192888,1209,322
gaze,134021657677277748,1315,283
gaze,134021657677360713,1355,301
gaze,134021657677444192,1343,308
gaze,134021657677526344,1341,301
gaze,134021657677603382,1343,294
gaze,134021657677694280,1341,289
gaze,134021657677770503,1339,299
gaze,134021657677860349,1333,284
gaze,134021657677942504,1342,282
gaze,134021657678042214,1336,279
gaze,134021657678109432,1325,293
gaze,134021657678195384,1340,286
gaze,134021657678277023,1334,282
gaze,134021657678361680,1329,289
gaze,134021657678452460,1337,277
gaze,134021657678523100,1334,282
gaze,134021657678590919,1337,295
gaze,134021657678669501,1327,272
gaze,134021657678776388,1331,293
gaze,134021657678839387,1342,295
gaze,134021657678944443,1327,298
gaze,134021657679027110,1331,289
gaze,134021657679113435,1330,294
gaze,134021657679193438,1339,283
gaze,134021657679276568,1332,293
gaze,134021657679359639,1323,292
gaze,134021657679445072,1343,278
gaze,134021657679530404,1329,286
gaze,134021657679605431,1336,293
gaze,134021657679694335,1330,297
gaze,134021657679778769,1321,302
gaze,134021657679861792,1330,286
gaze,134021657679943347,1330,272
gaze,134021657680027112,1325,296
gaze,134021657680110083,1324,293
gaze,134021657680192887,1334,294
gaze,134021657680276458,1329,288
gaze,134021657680359941,1327,303
gaze,134021657680442810,1330,296
gaze,134021657680520675,1328,283
gaze,134021657680592343,1330,275
gaze,134021657680670042,1318,285
gaze,134021657680739798,1321,304
gaze,134021657680860244,1328,298
gaze,134021657680944018,1331,276
gaze,134021657681027222,1331,295
gaze,134021657681110293,1326,304
gaze,134021657681205052,1335,283
gaze,134021657681277299,1323,298
gaze,134021657681360797,1323,310
gaze,134021657681453811,1315,487
gaze,134021657682728949,1088,748
gaze,134021657682824780,1149,598
gaze,134021657682969334,1143,468
gaze,134021657683027039,1143,419
gaze,134021657683101603,1145,320
gaze,134021657683194611,1134,415
gaze,134021657683277055,1131,367
gaze,134021657683366328,1123,425
gaze,134021657683443878,1138,405
gaze,134021657683526897,1133,385
gaze,134021657683609190,1126,413
gaze,134021657683693216,1127,410
gaze,134021657683766317,1133,412
gaze,134021657683860921,1123,412
gaze,134021657683944186,1131,375
gaze,134021657684039866,1128,414
gaze,134021657684110228,1137,385
gaze,134021657684193275,1131,397
gaze,134021657684276492,1139,405
gaze,134021657684360287,1127,414
gaze,134021657684444563,1127,408
gaze,134021657684527170,1131,416
gaze,134021657684609972,1127,404
gaze,134021657684682939,1123,410
gaze,134021657684740390,1103,435
gaze,134021657684823018,938,470
gaze,134021657684906405,747,457
gaze,134021657685055575,601,433
gaze,134021657685113778,536,463
gaze,134021657685196421,565,462
gaze,134021657685277809,567,442
gaze,134021657685362416,569,434
gaze,134021657685443899,564,423
gaze,134021657685528245,577,443
gaze,134021657685609500,558,429
gaze,134021657685695075,571,448
gaze,134021657685777461,570,430
gaze,134021657685848642,572,439
gaze,134021657685945233,562,425
gaze,134021657686027213,565,438
gaze,134021657686112120,569,430
gaze,134021657686193367,570,442
gaze,134021657686280137,575,458
gaze,134021657686360072,584,443
gaze,134021657686449534,572,450
gaze,134021657686527064,580,437
gaze,134021657686612029,584,444
gaze,134021657686693700,569,432
gaze,134021657686768911,577,444
gaze,134021657686824326,587,451
gaze,134021657686905729,577,438
gaze,134021657686990014,585,453
gaze,134021657687133669,578,450
gaze,134021657687193361,575,443
gaze,134021657687280238,576,476
gaze,134021657687361351,583,454
gaze,134021657687445504,574,462
gaze,134021657687527074,578,450
gaze,134021657687611854,588,458
gaze,134021657687694187,577,453
gaze,134021657687779430,573,444
gaze,134021657687860033,577,445
gaze,134021657687935173,568,447
gaze,134021657688028861,516,479
gaze,134021657688110401,530,502
gaze,134021657688196139,530,524
gaze,134021657688278615,527,521
gaze,134021657688361871,523,516
gaze,134021657688445594,527,508
gaze,134021657688527505,520,520
gaze,134021657688611249,530,509
gaze,134021657688694895,534,515
gaze,134021657688777758,538,532
gaze,134021657688850611,528,513
gaze,134021657688908184,526,510
gaze,134021657688990491,528,507
gaze,134021657689135695,524,507
gaze,134021657689195182,527,512
gaze,134021657689279616,521,505
gaze,134021657689361704,528,527
gaze,134021657689448640,527,511
gaze,134021657689527950,529,527
gaze,134021657689614156,528,513
gaze,134021657689694917,533,511
gaze,134021657689780522,531,510
gaze,134021657689861230,525,517
gaze,134021657689936086,529,508
gaze,134021657690030236,535,508
gaze,134021657690111587,519,509
gaze,134021657690197358,464,507
gaze,134021657690279823,464,509
gaze,134021657690364109,470,514
gaze,134021657690445935,468,503
gaze,134021657690544181,474,506
gaze,134021657690612066,470,489
gaze,134021657690697664,463,505
gaze,134021657690779081,467,484
gaze,134021657690852916,466,493
MouseMove,134021657690898873,792,409
gaze,134021657690908630,467,496
MouseMove,134021657690978296,796,405
gaze,134021657690990298,469,486
MouseMove,134021657691059555,801,402
gaze,134021657691137334,470,503
MouseMove,134021657691138628,811,397
gaze,134021657691194446,471,496
MouseMove,134021657691218739,819,394
gaze,134021657691280504,466,493
MouseMove,134021657691298034,831,391
gaze,134021657691361786,472,488
MouseMove,134021657691379429,837,391
gaze,134021657691447875,470,491
MouseMove,134021657691458218,837,391
gaze,134021657691529003,473,496
gaze,134021657691614376,467,502
gaze,134021657691695774,480,501
gaze,134021657691783116,475,486
gaze,134021657691861780,476,498
gaze,134021657691937338,475,512
gaze,134021657692030577,472,501
gaze,134021657692111915,470,501
gaze,134021657692197859,478,490
gaze,134021657692278154,468,500
gaze,134021657692365572,477,506
gaze,134021657692446471,478,498
gaze,134021657692531075,480,505
gaze,134021657692613543,475,494
gaze,134021657692698637,479,503
MouseMove,134021657692739529,838,391
gaze,134021657692779400,472,496
MouseMove,134021657692820858,838,386
gaze,134021657692853869,481,501
MouseMove,134021657692905162,838,374
gaze,134021657692909315,473,512
MouseMove,134021657692978160,838,369
gaze,134021657692991337,483,509
MouseMove,134021657693058966,838,366
MouseMove,134021657693138697,837,365
gaze,134021657693139028,475,504
gaze,134021657693195167,470,499
MouseMove,134021657693218449,831,363
gaze,134021657693280849,468,495
MouseMove,134021657693306170,826,363
gaze,134021657693362394,472,509
MouseMove,134021657693378974,806,363
gaze,134021657693448132,473,492
MouseMove,134021657693458805,778,363
gaze,134021657693527974,475,510
MouseMove,134021657693539160,765,364
gaze,134021657693614332,479,504
MouseMove,134021657693620598,747,369
MouseMove,134021657693703826,734,370
gaze,134021657693703670,474,499
MouseMove,134021657693778940,722,370
gaze,134021657693781761,469,503
MouseMove,134021657693858407,710,370
gaze,134021657693862422,477,499
MouseMove,134021657693938848,698,373
gaze,134021657693938367,458,540
MouseMove,134021657694019016,677,386
gaze,134021657694030575,456,575
MouseMove,134021657694099357,667,396
gaze,134021657694112214,457,609
MouseMove,134021657694178554,667,397
gaze,134021657694198350,463,615
gaze,134021657694280046,450,582
gaze,134021657694366043,458,591
gaze,134021657694446469,462,593
gaze,134021657694531124,461,600
gaze,134021657694612124,459,600
gaze,134021657694698747,454,604
gaze,134021657694779626,465,596
gaze,134021657694855112,467,594
gaze,134021657694910393,462,590
gaze,134021657694992223,461,591
gaze,134021657695146094,464,593
gaze,134021657695196021,456,597
gaze,134021657695282508,458,593
gaze,134021657695363967,466,591
gaze,134021657695448721,464,600
gaze,134021657695529496,465,597
gaze,134021657695615376,462,593
gaze,134021657695696869,475,617
gaze,134021657695782576,464,595
gaze,134021657695863249,461,588
gaze,134021657695937776,460,585
gaze,134021657696031184,465,597
gaze,134021657696113050,488,608
gaze,134021657696199023,595,586
gaze,134021657696280139,789,503
gaze,134021657696365381,986,492
gaze,134021657696452378,1147,449
gaze,134021657696530988,1267,453
gaze,134021657696611724,1317,449
gaze,134021657696698824,1312,456
MouseMove,134021657696739643,662,399
gaze,134021657696779144,1299,430
MouseMove,134021657696820278,656,399
gaze,134021657696853810,1296,443
MouseMove,134021657696898841,648,404
gaze,134021657696910047,1289,451
MouseMove,134021657696978848,646,409
gaze,134021657696992094,1289,421
MouseMove,134021657697059687,644,420
gaze,134021657697074478,1281,427
MouseMove,134021657697140030,644,433
MouseMove,134021657697219239,644,445
gaze,134021657697222075,1280,435
gaze,134021657697278974,1281,419
MouseMove,134021657697298677,647,459
gaze,134021657697365405,1290,405
MouseMove,134021657697380173,657,475
gaze,134021657697445939,1294,390
MouseMove,134021657697459396,658,477
gaze,134021657697531781,1282,416
MouseMove,134021657697540491,667,483
gaze,134021657697610766,1282,424
MouseMove,134021657697618373,688,495
MouseMove,134021657697698710,713,505
gaze,134021657697697884,1294,412
MouseMove,134021657697778550,755,512
gaze,134021657697778413,1295,405
MouseMove,134021657697858378,803,520
gaze,134021657697863178,1284,416
MouseMove,134021657697938125,850,527
gaze,134021657697944766,1292,397
MouseMove,134021657698019127,889,529
gaze,134021657698020846,1280,405
MouseMove,134021657698098804,940,529
gaze,134021657698112945,1289,404
MouseMove,134021657698178397,989,529
gaze,134021657698194170,1289,399
MouseMove,134021657698259134,1040,529
gaze,134021657698281050,1280,403
MouseMove,134021657698339015,1106,533
gaze,134021657698363762,1273,404
MouseMove,134021657698421286,1161,539
gaze,134021657698449983,1283,397
MouseMove,134021657698500905,1221,543
gaze,134021657698527762,1284,417
MouseMove,134021657698578390,1278,543
gaze,134021657698613936,1307,379
MouseMove,134021657698659006,1325,547
gaze,134021657698693590,1344,322
MouseMove,134021657698739018,1360,547
gaze,134021657698780637,1330,326
MouseMove,134021657698824750,1388,547
gaze,134021657698860048,1335,312
MouseMove,134021657698898382,1409,547
gaze,134021657698935853,1341,302
MouseMove,134021657698978433,1426,547
gaze,134021657698990807,1347,302
MouseMove,134021657699058973,1437,547
gaze,134021657699073211,1337,300
MouseMove,134021657699138577,1443,547
gaze,134021657699156904,1333,307
MouseMove,134021657699218651,1446,547
MouseMove,134021657699298729,1449,547
gaze,134021657699302017,1338,312
gaze,134021657699360204,1338,303
MouseMove,134021657699378447,1450,547
gaze,134021657699447592,1336,300
gaze,134021657699526770,1341,294
gaze,134021657699616971,1333,307
gaze,134021657699693337,1329,307
MouseMove,134021657699702482,1452,546
gaze,134021657699787675,1328,308
MouseMove,134021657699790578,1452,546
MouseMove,134021657699858726,1454,544
gaze,134021657699860423,1327,295
MouseMove,134021657699938071,1456,543
gaze,134021657699947615,1324,311
MouseMove,134021657700018979,1461,541
gaze,134021657700027297,1315,303
MouseMove,134021657700098853,1464,539
gaze,134021657700103173,1323,313
MouseMove,134021657700179111,1467,538
gaze,134021657700196168,1320,314
MouseMove,134021657700258563,1472,535
gaze,134021657700278018,1325,306
MouseMove,134021657700338913,1474,533
gaze,134021657700361901,1326,307
MouseMove,134021657700418872,1478,529
gaze,134021657700445864,1322,306
MouseMove,134021657700500527,1482,523
gaze,134021657700528086,1327,301
MouseMove,134021657700580888,1486,519
gaze,134021657700611692,1333,288
MouseMove,134021657700660182,1492,510
gaze,134021657700695589,1340,275
MouseMove,134021657700738956,1497,499
gaze,134021657700777764,1341,284
MouseMove,134021657700818718,1501,488
gaze,134021657700861139,1341,288
MouseMove,134021657700898683,1506,476
gaze,134021657700945158,1339,280
MouseMove,134021657700979084,1509,463
gaze,134021657701017732,1336,289
MouseMove,134021657701059276,1511,451
gaze,134021657701075276,1345,287
MouseMove,134021657701139350,1513,442
gaze,134021657701158206,1340,288
MouseMove,134021657701218792,1514,433
MouseMove,134021657701303643,1514,427
gaze,134021657701305401,1340,287
gaze,134021657701361892,1342,283
MouseMove,134021657701379599,1515,421
gaze,134021657701449172,1330,282
MouseMove,134021657701470658,1516,416
gaze,134021657701527360,1344,279
MouseMove,134021657701539124,1516,410
gaze,134021657701614609,1334,274
MouseMove,134021657701619589,1516,407
gaze,134021657701694785,1331,296
MouseMove,134021657701699436,1516,404
MouseMove,134021657701778390,1516,404
gaze,134021657701781348,1330,287
MouseMove,134021657701858652,1516,402
gaze,134021657701860689,1327,287
MouseMove,134021657701938108,1516,400
gaze,134021657701947672,1321,284
MouseMove,134021657702019384,1516,399
gaze,134021657702027653,1332,276
MouseMove,134021657702098348,1516,398
gaze,134021657702102835,1326,281
gaze,134021657702196234,1330,286
MouseMove,134021657702258443,1515,396
gaze,134021657702277007,1325,284
gaze,134021657702364363,1326,278
gaze,134021657702444257,1325,276
MouseMove,134021657702500186,1515,396
gaze,134021657702529450,1323,290
gaze,134021657702611641,1326,278
gaze,134021657702698631,1327,294
gaze,134021657702777630,1320,278
gaze,134021657702872413,1321,291
MouseMove,134021657702899175,1513,394
gaze,134021657702943658,1321,280
MouseMove,134021657702978888,1512,394
gaze,134021657703020769,1325,277
MouseMove,134021657703060546,1511,392
gaze,134021657703074382,1320,285
MouseMove,134021657703139780,1506,390
gaze,134021657703156196,1328,302
MouseMove,134021657703218396,1504,389
gaze,134021657703240004,1330,284
MouseMove,134021657703298082,1500,386
MouseMove,134021657703379568,1497,386
gaze,134021657703386731,1325,244
gaze,134021657703444571,1301,209
MouseMove,134021657703458566,1491,385
gaze,134021657703530102,1252,182
MouseMove,134021657703538457,1486,385
gaze,134021657703611030,1235,145
MouseMove,134021657703618445,1485,384
gaze,134021657703697538,1230,134
MouseMove,134021657703700315,1484,384
gaze,134021657703786776,1232,127
gaze,134021657703863055,1237,130
gaze,134021657703943826,1230,135
gaze,134021657704030496,1235,136
gaze,134021657704110283,1238,134
gaze,134021657704186899,1231,134
gaze,134021657704278315,1232,131
gaze,134021657704362333,1236,146
gaze,134021657704443682,1232,142
gaze,134021657704529825,1234,133
gaze,134021657704611214,1232,125
gaze,134021657704697650,1232,132
gaze,134021657704777295,1233,146
gaze,134021657704871705,1230,138
gaze,134021657704945619,1236,129
gaze,134021657705039281,1227,132
gaze,134021657705103829,1233,131
gaze,134021657705160391,1228,135
MouseMove,134021657705219285,1483,384
gaze,134021657705240190,1225,125
MouseMove,134021657705299330,1478,386
gaze,134021657705324222,1238,142
MouseMove,134021657705379647,1470,391
MouseMove,134021657705458752,1459,394
gaze,134021657705473676,1222,125
gaze,134021657705526920,1226,134
MouseMove,134021657705539078,1445,400
gaze,134021657705615788,1235,139
MouseMove,134021657705619755,1432,405
gaze,134021657705694429,1227,122
MouseMove,134021657705698793,1421,410
MouseMove,134021657705778551,1413,411
gaze,134021657705780197,1226,135
MouseMove,134021657705859354,1408,411
gaze,134021657705860556,1164,166
MouseMove,134021657705939085,1405,411
gaze,134021657705946646,1109,183
gaze,134021657706027241,1033,208
gaze,134021657706113476,1004,213
gaze,134021657706193540,1016,233
gaze,134021657706270347,1052,319
gaze,134021657706362863,1064,386
gaze,134021657706445788,1082,460
MouseMove,134021657706501290,1405,411
gaze,134021657706528517,1084,576
MouseMove,134021657706578388,1406,411
gaze,134021657706611596,1114,669
MouseMove,134021657706660569,1407,411
gaze,134021657706698590,1156,806
gaze,134021657706778542,1120,931
MouseMove,134021657706819969,1408,410
gaze,134021657706861674,1063,1028
gaze,134021657706945509,1060,1112
gaze,134021657707106196,987,1263
gaze,134021657707313719,977,1270
gaze,134021657707543036,941,1285
gaze,134021657708021773,894,1257
gaze,134021657708113692,712,1150
gaze,134021657708194944,559,1016
gaze,134021657708282229,442,940
gaze,134021657708351891,373,913
gaze,134021657708449761,392,892
gaze,134021657708528434,386,911
gaze,134021657708614351,399,923
gaze,134021657708695476,410,933
gaze,134021657708781759,413,943
gaze,134021657708862143,413,943
gaze,134021657708949211,406,949
gaze,134021657709029219,413,950
gaze,134021657709114361,403,940
gaze,134021657709195644,407,944
gaze,134021657709272277,411,953
gaze,134021657709326944,409,953
gaze,134021657709408206,417,953
gaze,134021657709552757,422,965
gaze,134021657709611762,415,955
MouseMove,134021657709618554,1408,410
MouseMove,134021657709698870,1407,410
gaze,134021657709698306,414,956
MouseMove,134021657709778631,1400,419
gaze,134021657709778813,405,964
MouseMove,134021657709860654,1391,428
gaze,134021657709864985,360,914
MouseMove,134021657709938073,1381,437
gaze,134021657709945618,335,835
MouseMove,134021657710019077,1366,447
gaze,134021657710031686,282,823
MouseMove,134021657710099215,1342,462
gaze,134021657710116006,260,808
MouseMove,134021657710178812,1303,478
gaze,134021657710198959,266,823
MouseMove,134021657710258255,1256,498
gaze,134021657710280047,258,810
MouseMove,134021657710339353,1209,517
gaze,134021657710356510,257,816
MouseMove,134021657710420015,1167,536
gaze,134021657710448240,265,817
MouseMove,134021657710502294,1120,558
gaze,134021657710528798,267,813
MouseMove,134021657710578516,1073,578
gaze,134021657710614888,278,814
MouseMove,134021657710662325,1034,594
gaze,134021657710696379,266,806
MouseMove,134021657710739405,984,616
gaze,134021657710782527,270,809
MouseMove,134021657710820959,937,636
gaze,134021657710862704,272,810
MouseMove,134021657710898160,888,654
gaze,134021657710948143,264,812
MouseMove,134021657710979586,836,670
gaze,134021657711029906,270,807
MouseMove,134021657711060314,784,692
gaze,134021657711115894,269,801
MouseMove,134021657711139044,742,711
gaze,134021657711196851,265,805
MouseMove,134021657711218476,704,724
gaze,134021657711272034,265,808
MouseMove,134021657711298515,677,739
gaze,134021657711328264,238,806
MouseMove,134021657711380425,657,747
gaze,134021657711405236,167,804
MouseMove,134021657711458828,637,754
MouseMove,134021657711538654,625,758
gaze,134021657711551280,174,809
gaze,134021657711613556,149,789
MouseMove,134021657711618689,614,762
MouseMove,134021657711698827,603,764
gaze,134021657711698975,167,788
MouseMove,134021657711780076,593,767
gaze,134021657711780277,182,795
MouseMove,134021657711859579,582,771
gaze,134021657711865319,180,792
MouseMove,134021657711938322,570,776
gaze,134021657711947338,184,796
MouseMove,134021657712018872,558,782
gaze,134021657712032834,188,800
MouseMove,134021657712098941,542,788
gaze,134021657712115503,183,792
MouseMove,134021657712179165,527,793
gaze,134021657712198586,181,785
MouseMove,134021657712258831,515,797
gaze,134021657712280413,180,800
MouseMove,134021657712339573,502,799
gaze,134021657712355800,171,796
MouseMove,134021657712419834,491,803
gaze,134021657712447671,194,801
MouseMove,134021657712500045,480,805
gaze,134021657712529916,186,798
MouseMove,134021657712579677,469,808
gaze,134021657712614739,189,802
MouseMove,134021657712658644,462,812
gaze,134021657712697463,184,797
MouseMove,134021657712740140,455,815
gaze,134021657712780258,190,800
MouseMove,134021657712819980,449,819
gaze,134021657712863145,186,795
MouseMove,134021657712898271,443,822
gaze,134021657712952491,180,790
MouseMove,134021657712978191,437,825
gaze,134021657713030342,172,792
MouseMove,134021657713059354,433,828
gaze,134021657713115554,179,797
MouseMove,134021657713139248,431,829
gaze,134021657713196774,207,791
MouseMove,134021657713219070,429,832
gaze,134021657713269209,259,768
MouseMove,134021657713300483,427,834
gaze,134021657713327290,242,764
MouseMove,134021657713379828,426,835
gaze,134021657713409198,250,764
MouseMove,134021657713460077,425,837
MouseMove,134021657713544439,425,837
gaze,134021657713555546,257,763
gaze,134021657713613222,254,761
MouseMove,134021657713618481,425,838
gaze,134021657713700023,248,761
gaze,134021657713780621,244,757
gaze,134021657713865205,243,758
MouseMove,134021657713938354,425,838
gaze,134021657713947531,243,761
gaze,134021657714029419,242,766
gaze,134021657714115429,244,761
gaze,134021657714195998,249,760
gaze,134021657714281089,242,762
MouseMove,134021657714339089,425,839
gaze,134021657714352391,245,762
gaze,134021657714449137,252,768
gaze,134021657714529217,254,761
MouseMove,134021657714579572,425,840
gaze,134021657714614688,234,757
gaze,134021657714696823,257,768
gaze,134021657714783217,247,768
gaze,134021657714863335,256,777
MouseMove,134021657714899466,425,841
gaze,134021657714948470,245,758
gaze,134021657715030018,252,769
gaze,134021657715118575,286,760
gaze,134021657715197388,284,755
gaze,134021657715272988,291,759
MouseMove,134021657715298516,425,841
gaze,134021657715326052,281,754
MouseMove,134021657715379593,426,842
gaze,134021657715412123,285,766
MouseMove,134021657715460785,430,842
MouseMove,134021657715538438,432,843
gaze,134021657715554899,280,763
gaze,134021657715613153,297,760
MouseMove,134021657715619782,434,843
MouseMove,134021657715699233,435,843
gaze,134021657715699742,286,755
MouseMove,134021657715779204,436,843
gaze,134021657715783194,289,755
gaze,134021657715866220,282,758
gaze,134021657715947356,279,758
gaze,134021657716031758,287,757
gaze,134021657716112656,278,753
MouseMove,134021657716178767,436,843
gaze,134021657716199191,287,759
MouseMove,134021657716259386,431,843
gaze,134021657716279666,284,766
MouseMove,134021657716339322,421,838
gaze,134021657716354790,273,762
MouseMove,134021657716418893,410,834
gaze,134021657716447900,289,762
MouseMove,134021657716499448,399,828
gaze,134021657716528688,281,764
MouseMove,134021657716578798,388,823
gaze,134021657716614494,277,764
MouseMove,134021657716659025,378,820
gaze,134021657716696771,278,759
MouseMove,134021657716742384,368,815
gaze,134021657716781176,281,761
MouseMove,134021657716819989,358,811
gaze,134021657716863437,284,761
MouseMove,134021657716900164,350,807
gaze,134021657716943609,282,765
MouseMove,134021657716980232,343,805
gaze,134021657717026998,284,769
MouseMove,134021657717060658,337,802
gaze,134021657717109345,278,759
MouseMove,134021657717139247,330,799
gaze,134021657717194265,283,764
MouseMove,134021657717219808,323,796
gaze,134021657717266644,282,759
MouseMove,134021657717298594,318,793
gaze,134021657717326953,271,760
MouseMove,134021657717378731,313,790
gaze,134021657717409009,279,761
MouseMove,134021657717461371,306,785
MouseMove,134021657717544254,301,781
gaze,134021657717556985,276,763
gaze,134021657717607438,277,761
MouseMove,134021657717619820,298,778
gaze,134021657717694761,285,760
MouseMove,134021657717701500,294,776
gaze,134021657717776382,285,768
MouseMove,134021657717778822,293,774
MouseMove,134021657717859038,292,774
gaze,134021657717859640,285,767
MouseMove,134021657717940315,291,772
gaze,134021657717947622,266,762
MouseMove,134021657718018963,290,771
gaze,134021657718026318,278,770
gaze,134021657718109700,286,765
MouseMove,134021657718178550,290,771
gaze,134021657718198022,284,760
MouseMove,134021657718258856,290,770
gaze,134021657718275833,283,761
MouseMove,134021657718339376,290,768
gaze,134021657718349504,281,758
MouseMove,134021657718422201,290,767
gaze,134021657718454911,289,766
MouseMove,134021657718500448,290,766
gaze,134021657718531919,269,761
MouseMove,134021657718581533,290,764
gaze,134021657718612779,278,764
MouseMove,134021657718658947,290,761
gaze,134021657718698693,278,765
MouseMove,134021657718739420,289,760
gaze,134021657718779993,284,767
MouseMove,134021657718819523,288,759
gaze,134021657718865950,276,763
MouseMove,134021657718898841,286,757
gaze,134021657718947359,294,762
gaze,134021657719033206,284,768
gaze,134021657719113651,287,768
MouseMove,134021657719142746,285,757
gaze,134021657719199876,291,763
MouseMove,134021657719218346,284,757
gaze,134021657719269512,283,763
MouseMove,134021657719298320,284,757
gaze,134021657719327885,276,760
MouseMove,134021657719381423,283,757
gaze,134021657719409445,291,760
gaze,134021657719556182,290,765
gaze,134021657719613238,280,767
MouseMove,134021657719618855,282,757
MouseMove,134021657719698759,281,757
gaze,134021657719702536,279,761
MouseMove,134021657719778988,281,757
gaze,134021657719780062,282,757
MouseMove,134021657719858574,280,757
gaze,134021657719865751,291,755
gaze,134021657719946473,295,757
gaze,134021657720033063,293,763
gaze,134021657720112769,277,758
MouseMove,134021657720178800,279,757
gaze,134021657720200502,277,762
MouseMove,134021657720259925,279,757
gaze,134021657720288394,289,759
gaze,134021657720357215,287,760
gaze,134021657720449153,290,764
MouseMove,134021657720499315,278,757
gaze,134021657720530493,289,766
gaze,134021657720615076,278,749
gaze,134021657720696890,279,761
MouseMove,134021657720740214,277,757
gaze,134021657720781929,286,767
gaze,134021657720866968,284,760
gaze,134021657720947272,279,760
gaze,134021657721029740,282,761
gaze,134021657721118152,280,757
gaze,134021657721197004,282,763
LeftMouseDown,134021657721219643
gaze,134021657721270482,293,761
gaze,134021657721326331,279,759
gaze,134021657721409755,273,756
gaze,134021657721557354,281,759
gaze,134021657721614132,275,755
gaze,134021657721699176,273,754
gaze,134021657721780158,278,758
gaze,134021657721866220,273,760
gaze,134021657721946355,276,756
LeftMouseUp,134021657722020460
gaze,134021657722032324,272,758
gaze,134021657722113729,275,760
gaze,134021657722198819,274,766
gaze,134021657722281686,238,795
gaze,134021657722356233,238,811
gaze,134021657722448712,210,818
gaze,134021657722531066,217,823
gaze,134021657722614271,220,832
MouseMove,134021657722658430,277,757
gaze,134021657722697542,218,828
MouseMove,134021657722738505,277,757
gaze,134021657722781033,223,828
MouseMove,134021657722818701,278,759
gaze,134021657722863833,222,828
MouseMove,134021657722898801,279,760
gaze,134021657722946923,218,831
MouseMove,134021657722978233,281,762
gaze,134021657723031015,221,833
MouseMove,134021657723058919,283,764
gaze,134021657723113578,210,824
MouseMove,134021657723138300,286,768
gaze,134021657723197449,218,827
MouseMove,134021657723218387,288,771
gaze,134021657723269943,212,829
MouseMove,134021657723298524,293,778
gaze,134021657723327683,223,834
MouseMove,134021657723379485,298,784
gaze,134021657723409563,207,827
MouseMove,134021657723458487,303,791
gaze,134021657723533092,214,829
MouseMove,134021657723538896,311,801
gaze,134021657723615918,216,826
MouseMove,134021657723619752,319,808
MouseMove,134021657723700092,328,817
gaze,134021657723710956,220,833
MouseMove,134021657723779478,336,824
gaze,134021657723783287,213,832
MouseMove,134021657723860709,344,830
gaze,134021657723868229,211,827
MouseMove,134021657723939441,349,836
gaze,134021657723947321,210,829
MouseMove,134021657724018930,354,842
gaze,134021657724033144,211,828
MouseMove,134021657724098486,356,846
gaze,134021657724114122,209,826
MouseMove,134021657724178997,359,848
gaze,134021657724199645,214,830
MouseMove,134021657724258622,360,850
gaze,134021657724280817,212,823
MouseMove,134021657724338598,361,850
gaze,134021657724361419,212,832
gaze,134021657724444492,208,832
gaze,134021657724531950,206,828
gaze,134021657724614786,206,827
gaze,134021657724698730,205,831
gaze,134021657724781600,212,834
gaze,134021657724867914,199,832
gaze,134021657724947760,207,833
gaze,134021657725034394,208,828
MouseMove,134021657725059079,361,851
gaze,134021657725114389,216,833
gaze,134021657725208003,211,834
MouseMove,134021657725219201,361,853
gaze,134021657725276288,201,831
MouseMove,134021657725298482,361,853
gaze,134021657725350472,211,833
MouseMove,134021657725379316,361,855
gaze,134021657725410312,191,833
MouseMove,134021657725459809,361,857
gaze,134021657725533763,165,841
MouseMove,134021657725539006,361,859
gaze,134021657725615731,174,842
MouseMove,134021657725619089,359,861
MouseMove,134021657725699149,359,862
gaze,134021657725698916,179,849
MouseMove,134021657725780517,358,862
gaze,134021657725780602,176,848
MouseMove,134021657725858845,358,863
gaze,134021657725865441,182,850
MouseMove,134021657725939664,357,863
gaze,134021657725948023,181,850
MouseMove,134021657726019626,356,865
gaze,134021657726032830,181,853
MouseMove,134021657726100256,354,866
gaze,134021657726113652,175,852
MouseMove,134021657726179375,354,867
gaze,134021657726198480,180,848
MouseMove,134021657726258470,353,867
gaze,134021657726281079,185,853
MouseMove,134021657726339710,353,867
gaze,134021657726359896,181,846
MouseMove,134021657726426916,352,868
gaze,134021657726443747,179,851
MouseMove,134021657726498590,352,868
gaze,134021657726531431,176,847
MouseMove,134021657726578430,351,868
gaze,134021657726614019,180,855
MouseMove,134021657726658844,350,870
gaze,134021657726699032,183,848
MouseMove,134021657726739172,349,870
gaze,134021657726780366,178,845
MouseMove,134021657726819674,349,871
gaze,134021657726867129,183,845
MouseMove,134021657726899023,349,872
gaze,134021657726948511,176,848
MouseMove,134021657726979491,348,872
gaze,134021657727032463,182,839
MouseMove,134021657727061799,348,874
gaze,134021657727114135,180,845
MouseMove,134021657727140329,347,876
gaze,134021657727199326,173,858
MouseMove,134021657727218238,347,876
gaze,134021657727274767,180,861
MouseMove,134021657727298408,347,878
gaze,134021657727341898,180,860
MouseMove,134021657727378914,347,880
gaze,134021657727409961,180,853
MouseMove,134021657727458869,347,882
gaze,134021657727493528,184,857
MouseMove,134021657727539569,348,885
MouseMove,134021657727618208,349,887
gaze,134021657727640434,184,862
MouseMove,134021657727699653,349,888
gaze,134021657727699404,188,862
MouseMove,134021657727780373,350,891
gaze,134021657727787786,181,861
MouseMove,134021657727889789,351,893
gaze,134021657727901200,186,860
MouseMove,134021657727939729,351,896
gaze,134021657727957106,176,859
MouseMove,134021657728018672,351,900
MouseMove,134021657728099039,351,902
gaze,134021657728101229,180,860
gaze,134021657728151698,182,863
MouseMove,134021657728179486,351,906
gaze,134021657728238077,185,848
MouseMove,134021657728259014,352,909
gaze,134021657728282864,174,841
MouseMove,134021657728338455,352,912
gaze,134021657728377631,162,966
MouseMove,134021657728419618,353,913
MouseMove,134021657728499786,354,915
MouseMove,134021657728579146,354,916
MouseMove,134021657728822061,356,916
MouseMove,134021657728901195,357,916
MouseMove,134021657728978926,358,916
MouseMove,134021657729059157,359,916
MouseMove,134021657729139534,360,916
MouseMove,134021657729218383,361,916
MouseMove,134021657729378465,362,916
MouseMove,134021657729460741,362,916
gaze,134021657729481901,63,1158
gaze,134021657729576169,120,1039
gaze,134021657729714338,160,993
gaze,134021657729781623,193,879
gaze,134021657729865411,182,879
gaze,134021657729948187,180,839
gaze,134021657730032408,189,840
gaze,134021657730113633,202,831
gaze,134021657730199675,185,823
gaze,134021657730281327,190,848
MouseWheel,134021657730347442,-120
gaze,134021657730376541,191,850
gaze,134021657730452371,190,866
gaze,134021657730522060,180,846
gaze,134021657730614493,190,858
gaze,134021657730698030,185,855
gaze,134021657730781378,192,854
gaze,134021657730863959,189,858
gaze,134021657730947244,196,854
MouseMove,134021657730978818,362,916
gaze,134021657731034632,193,852
gaze,134021657731114431,193,849
gaze,134021657731199419,197,859
gaze,134021657731281576,201,857
gaze,134021657731365430,196,856
gaze,134021657731437802,197,858
gaze,134021657731495436,199,863
gaze,134021657731576827,190,852
gaze,134021657731725971,188,850
gaze,134021657731783030,201,852
gaze,134021657731866513,195,850
gaze,134021657731947460,197,847
gaze,134021657732032940,195,858
gaze,134021657732115014,194,852
gaze,134021657732199776,185,854
gaze,134021657732280985,189,852
gaze,134021657732367303,193,855
gaze,134021657732447830,198,854
gaze,134021657732522877,190,850
gaze,134021657732616658,198,854
gaze,134021657732697740,199,852
gaze,134021657732784088,197,863
gaze,134021657732864174,192,855
gaze,134021657732949439,199,856
gaze,134021657733032719,188,853
gaze,134021657733114776,190,853
gaze,134021657733197552,195,852
gaze,134021657733281293,186,859
gaze,134021657733365239,176,851
gaze,134021657733438324,190,853
MouseMove,134021657733459566,362,916
gaze,134021657733494974,196,850
MouseMove,134021657733539210,362,916
gaze,134021657733576742,192,856
MouseMove,134021657733618994,361,916
MouseMove,134021657733699060,361,916
gaze,134021657733727107,184,856
gaze,134021657733781300,188,859
MouseMove,134021657733858266,360,916
gaze,134021657733868295,193,857
gaze,134021657733947402,190,850
gaze,134021657734034405,203,868
gaze,134021657734113959,206,880
gaze,134021657734199915,200,886
gaze,134021657734285381,201,883
MouseMove,134021657734339513,359,917
gaze,134021657734374580,202,887
gaze,134021657734448110,212,884
MouseMove,134021657734499947,359,917
gaze,134021657734521220,211,881
gaze,134021657734616851,205,884
MouseMove,134021657734659907,358,917
gaze,134021657734697784,201,881
gaze,134021657734784540,201,882
MouseWheel,134021657734820571,-120
gaze,134021657734865627,200,882
gaze,134021657734949445,198,878
gaze,134021657735030696,198,883
MouseMove,134021657735062711,357,919
gaze,134021657735116749,202,880
gaze,134021657735203603,197,880
gaze,134021657735282552,202,880
gaze,134021657735364371,209,878
gaze,134021657735440140,204,884
MouseWheel,134021657735459750,-120
gaze,134021657735494499,194,873
gaze,134021657735576657,201,882
gaze,134021657735710148,205,880
gaze,134021657735783771,207,880
gaze,134021657735866607,204,884
gaze,134021657735947770,201,886
gaze,134021657736031882,203,884
gaze,134021657736113852,195,883
gaze,134021657736198051,194,876
gaze,134021657736281119,201,881
gaze,134021657736365120,205,879
gaze,134021657736447626,194,884
gaze,134021657736525792,203,882
gaze,134021657736610278,206,883
gaze,134021657736699170,204,883
gaze,134021657736781261,206,877
gaze,134021657736865293,197,878
gaze,134021657736949289,198,876
gaze,134021657737033121,200,880
gaze,134021657737114850,198,873
gaze,134021657737197786,196,878
gaze,134021657737281195,195,872
gaze,134021657737364166,198,880
gaze,134021657737443556,204,875
gaze,134021657737507000,208,882
gaze,134021657737576901,201,882
gaze,134021657737702454,208,884
gaze,134021657737782710,205,883
gaze,134021657737866848,202,883
gaze,134021657737947629,197,881
gaze,134021657738033614,196,872
gaze,134021657738114680,199,869
gaze,134021657738200277,196,870
gaze,134021657738290923,190,871
gaze,134021657738372018,190,872
gaze,134021657738447542,190,871
gaze,134021657738527945,193,876
gaze,134021657738609499,184,870
gaze,134021657738698571,194,868
gaze,134021657738780907,189,872
gaze,134021657738864207,193,872
gaze,134021657738948173,182,875
gaze,134021657739037502,194,872
gaze,134021657739114707,184,873
gaze,134021657739198302,191,877
gaze,134021657739281835,198,869
gaze,134021657739365659,190,871
gaze,134021657739443167,186,875
gaze,134021657739507340,189,875
gaze,134021657739577220,191,871
gaze,134021657739659906,185,870
MouseMove,134021657739700500,357,919
MouseMove,134021657739779009,355,919
gaze,134021657739809435,183,871
gaze,134021657739864527,184,869
MouseMove,134021657739939283,355,919
gaze,134021657739949975,191,867
MouseMove,134021657740019645,354,919
gaze,134021657740031460,186,872
MouseMove,134021657740099762,353,919
gaze,134021657740116809,188,874
MouseMove,134021657740178905,352,919
gaze,134021657740198577,191,874
MouseMove,134021657740258619,350,919
gaze,134021657740283270,190,873
MouseMove,134021657740339670,349,919
gaze,134021657740365896,118,886
MouseMove,134021657740418668,348,919
gaze,134021657740450334,120,889
MouseMove,134021657740498913,347,919
gaze,134021657740530468,132,892
MouseMove,134021657740579464,345,919
gaze,134021657740605888,138,895
MouseMove,134021657740658864,344,919
gaze,134021657740699039,138,896
MouseMove,134021657740739016,341,919
gaze,134021657740781798,135,888
MouseMove,134021657740819702,338,919
gaze,134021657740864971,138,895
MouseMove,134021657740898486,334,919
gaze,134021657740947552,137,895
MouseMove,134021657740979123,329,919
gaze,134021657741031625,132,897
MouseMove,134021657741060030,325,919
gaze,134021657741115385,132,889
MouseMove,134021657741138737,319,919
gaze,134021657741198028,128,895
MouseMove,134021657741218448,312,919
gaze,134021657741281110,139,897
MouseMove,134021657741299526,307,919
gaze,134021657741365219,136,891
MouseMove,134021657741380385,300,919
gaze,134021657741448060,130,891
MouseMove,134021657741459267,293,919
gaze,134021657741520408,139,894
MouseMove,134021657741539053,289,919
gaze,134021657741577978,139,890
MouseMove,134021657741619546,284,919
gaze,134021657741663816,139,890
MouseMove,134021657741698931,279,919
MouseMove,134021657741779207,270,920
gaze,134021657741785113,135,886
MouseMove,134021657741858220,262,921
gaze,134021657741866160,146,890
MouseMove,134021657741939065,253,922
gaze,134021657741949666,138,890
MouseMove,134021657742018882,250,923
gaze,134021657742031311,134,892
MouseMove,134021657742099061,247,924
gaze,134021657742116222,140,890
MouseMove,134021657742178749,245,925
gaze,134021657742198736,132,890
MouseMove,134021657742261269,243,925
gaze,134021657742282118,144,890
MouseMove,134021657742339091,242,925
gaze,134021657742365253,131,894
MouseMove,134021657742419305,241,925
gaze,134021657742450278,138,884
MouseMove,134021657742502436,240,925
gaze,134021657742530784,140,890
gaze,134021657742608942,128,882
MouseMove,134021657742659289,239,925
gaze,134021657742695249,126,888
MouseMove,134021657742738856,238,925
gaze,134021657742781984,130,884
gaze,134021657742864031,163,869
gaze,134021657742948345,173,856
gaze,134021657743031236,181,861
gaze,134021657743114443,175,859
gaze,134021657743197700,181,863
gaze,134021657743280904,182,863
gaze,134021657743365966,189,858
MouseMove,134021657743379821,237,925
gaze,134021657743448019,186,864
MouseMove,134021657743459392,236,925
gaze,134021657743525393,186,861
MouseMove,134021657743538571,236,925
gaze,134021657743591698,180,860
MouseMove,134021657743619095,235,926
gaze,134021657743660570,180,865
MouseMove,134021657743699596,235,926
MouseMove,134021657743778460,234,926
gaze,134021657743787177,176,855
gaze,134021657743866439,179,859
MouseMove,134021657743939060,233,926
gaze,134021657743949463,172,858
gaze,134021657744031003,175,854
gaze,134021657744116554,174,862
MouseMove,134021657744179857,233,926
gaze,134021657744197899,174,859
gaze,134021657744287769,183,862
gaze,134021657744361572,193,863
gaze,134021657744450972,231,841
gaze,134021657744531873,220,843
gaze,134021657744611692,229,845
gaze,134021657744695664,223,849
gaze,134021657744782004,235,844
gaze,134021657744865523,226,844
gaze,134021657744949083,235,842
gaze,134021657745036359,223,840
gaze,134021657745115440,225,842
gaze,134021657745204917,231,839
gaze,134021657745281695,229,842
gaze,134021657745367399,224,846
gaze,134021657745448369,228,841
gaze,134021657745528068,229,838
gaze,134021657745590909,229,846
gaze,134021657745663969,223,843
gaze,134021657745785417,226,847
gaze,134021657745866520,233,846
gaze,134021657745949924,232,840
gaze,134021657746031663,274,838
gaze,134021657746116947,308,832
gaze,134021657746198549,309,834
gaze,134021657746283002,309,834
gaze,134021657746368051,305,836
gaze,134021657746450686,314,832
gaze,134021657746531371,311,839
gaze,134021657746611215,308,842
gaze,134021657746694585,304,841
gaze,134021657746782941,307,842
gaze,134021657746865790,319,840
gaze,134021657746948829,309,837
gaze,134021657747032009,310,842
gaze,134021657747116409,309,840
gaze,134021657747197767,306,835
gaze,134021657747281671,310,838
gaze,134021657747369103,298,832
gaze,134021657747448175,307,840
gaze,134021657747525723,304,838
MouseWheel,134021657747539139,120
gaze,134021657747591924,298,835
gaze,134021657747661082,300,840
gaze,134021657747782009,307,839
gaze,134021657747845322,351,848
gaze,134021657747954230,372,849
gaze,134021657748032345,358,853
gaze,134021657748122286,361,851
gaze,134021657748198457,367,847
gaze,134021657748284512,372,852
gaze,134021657748365965,356,852
gaze,134021657748450765,369,852
gaze,134021657748531371,364,857
gaze,134021657748612980,373,851
gaze,134021657748700284,365,852
gaze,134021657748777373,373,851
gaze,134021657748866251,376,851
gaze,134021657748949224,360,851
gaze,134021657749033192,368,845
gaze,134021657749116707,371,853
gaze,134021657749199417,368,854
gaze,134021657749281619,364,849
gaze,134021657749365627,357,849
gaze,134021657749449192,364,850
gaze,134021657749531541,367,849
gaze,134021657749596206,367,856
gaze,134021657749674960,365,848
gaze,134021657749744769,363,853
gaze,134021657749869029,363,852
gaze,134021657749950233,354,854
gaze,134021657750033987,362,850
gaze,134021657750119438,362,853
gaze,134021657750208095,367,846
gaze,134021657750281851,369,848
gaze,134021657750368118,374,850
gaze,134021657750448525,368,849
gaze,134021657750532927,325,850
gaze,134021657750614305,280,844
gaze,134021657750695853,262,844
gaze,134021657750779126,256,838
gaze,134021657750865696,258,836
gaze,134021657750948026,263,840
gaze,134021657751031721,255,835
gaze,134021657751115318,260,835
gaze,134021657751198131,259,836
gaze,134021657751281797,261,837
gaze,134021657751365461,256,836
gaze,134021657751451419,258,842
gaze,134021657751531423,246,836
gaze,134021657751609779,257,838
gaze,134021657751675050,264,843
gaze,134021657751744363,267,836
gaze,134021657751827924,266,840
gaze,134021657751976714,263,840
gaze,134021657752031967,277,839
gaze,134021657752116684,270,838
gaze,134021657752198014,270,834
gaze,134021657752284657,279,845
gaze,134021657752365299,270,839
gaze,134021657752450662,267,837
gaze,134021657752531563,263,839
gaze,134021657752616211,257,836
gaze,134021657752701945,264,842
gaze,134021657752773938,269,841
gaze,134021657752866862,269,843
gaze,134021657752948690,274,839
gaze,134021657753033948,275,840
gaze,134021657753118115,266,829
gaze,134021657753200694,265,838
gaze,134021657753281553,266,837
gaze,134021657753367556,256,834
gaze,134021657753448423,220,813
MouseMove,134021657753459226,234,927
gaze,134021657753533689,202,807
MouseMove,134021657753538192,238,928
gaze,134021657753614901,199,803
MouseMove,134021657753619186,245,929
gaze,134021657753689518,192,804
MouseMove,134021657753698946,252,932
gaze,134021657753745067,196,805
MouseMove,134021657753778818,258,933
gaze,134021657753826962,202,796
MouseMove,134021657753860302,266,933
MouseMove,134021657753938365,271,934
gaze,134021657753952224,195,792
MouseMove,134021657754019417,276,935
gaze,134021657754033997,197,801
MouseMove,134021657754099855,278,935
gaze,134021657754117043,195,798
MouseMove,134021657754179210,279,936
gaze,134021657754198574,198,799
MouseMove,134021657754258367,280,936
gaze,134021657754280997,195,796
gaze,134021657754365328,199,798
gaze,134021657754449322,191,795
gaze,134021657754531589,197,797
gaze,134021657754617721,196,800
gaze,134021657754698260,200,795
MouseWheel,134021657754739735,120
gaze,134021657754780108,194,794
gaze,134021657754861049,197,795
gaze,134021657754955719,198,802
gaze,134021657755031855,198,795
gaze,134021657755116435,200,801
gaze,134021657755201533,203,800
gaze,134021657755282868,200,800
gaze,134021657755372983,194,796
gaze,134021657755448935,192,798
gaze,134021657755533435,188,795
gaze,134021657755614577,188,792
gaze,134021657755695239,190,797
gaze,134021657755759134,190,793
gaze,134021657755827523,198,798
gaze,134021657755910886,193,803
gaze,134021657756058641,202,791
gaze,134021657756114309,201,798
gaze,134021657756200690,202,801
gaze,134021657756281229,202,797
gaze,134021657756368264,194,796
gaze,134021657756448099,201,798
gaze,134021657756532987,190,797
gaze,134021657756614501,197,795
gaze,134021657756701139,194,801
gaze,134021657756783145,199,798
gaze,134021657756856280,193,801
gaze,134021657756951331,191,796
gaze,134021657757031978,192,802
gaze,134021657757117554,191,797
gaze,134021657757197767,190,792
gaze,134021657757282790,195,799
gaze,134021657757364945,193,792
gaze,134021657757450410,192,792
gaze,134021657757532375,195,794
gaze,134021657757615740,173,798
gaze,134021657757699331,141,809
gaze,134021657757772962,149,803
gaze,134021657757831520,152,801
gaze,134021657757912024,142,799
gaze,134021657758045889,149,808
gaze,134021657758119727,155,800
gaze,134021657758200249,151,806
gaze,134021657758282006,151,796
gaze,134021657758366327,155,800
gaze,134021657758449558,148,804
gaze,134021657758531486,148,803
gaze,134021657758615485,145,807
gaze,134021657758699241,143,808
gaze,134021657758781728,153,807
gaze,134021657758860296,153,807
gaze,134021657758945872,155,807
gaze,134021657759033067,154,806
gaze,134021657759116657,157,808
gaze,134021657759200974,156,808
gaze,134021657759281415,157,806
gaze,134021657759365656,148,803
gaze,134021657759449989,153,806
gaze,134021657759531759,154,806
gaze,134021657759617469,149,809
gaze,134021657759699210,155,805
gaze,134021657759778903,149,803
gaze,134021657759842562,144,805
gaze,134021657759911601,136,802
gaze,134021657760037326,150,804
gaze,134021657760118001,150,808
gaze,134021657760200777,150,804
gaze,134021657760281888,155,807
gaze,134021657760369973,149,808
gaze,134021657760448255,148,807
gaze,134021657760534338,149,812
gaze,134021657760614825,152,806
gaze,134021657760701338,154,803
gaze,134021657760781919,148,806
gaze,134021657760863482,155,809
gaze,134021657760944447,155,807
gaze,134021657761033300,151,808
gaze,134021657761115745,151,809
gaze,134021657761198812,149,805
gaze,134021657761282384,145,807
gaze,134021657761366074,149,809
gaze,134021657761448789,153,807
gaze,134021657761531654,148,815
gaze,134021657761614495,150,809
gaze,134021657761700951,153,815
gaze,134021657761776814,157,814
gaze,134021657761841851,155,811
gaze,134021657761912401,149,810
gaze,134021657761995089,157,814
gaze,134021657762143130,152,810
gaze,134021657762198571,148,811
gaze,134021657762283810,147,803
gaze,134021657762366074,151,808
gaze,134021657762451549,154,813
gaze,134021657762532066,150,809
gaze,134021657762616198,140,811
gaze,134021657762699100,202,807
gaze,134021657762782520,298,796
gaze,134021657762865674,387,784
gaze,134021657762938640,410,794
gaze,134021657763037134,403,797
gaze,134021657763115271,413,798
gaze,134021657763200772,397,796
gaze,134021657763282075,407,797
gaze,134021657763367709,400,792
gaze,134021657763448538,406,801
gaze,134021657763533564,398,795
gaze,134021657763614907,402,801
gaze,134021657763700292,404,796
gaze,134021657763781870,396,799
gaze,134021657763856022,395,793
gaze,134021657763912102,406,798
gaze,134021657763994323,404,795
gaze,134021657764120051,407,800
gaze,134021657764200738,402,802
gaze,134021657764284058,407,801
gaze,134021657764367012,410,794
gaze,134021657764454999,398,797
gaze,134021657764532869,405,798
gaze,134021657764617526,402,794
gaze,134021657764699284,402,796
gaze,134021657764783809,404,799
gaze,134021657764864947,400,798
gaze,134021657764944912,395,797
gaze,134021657765031203,400,793
gaze,134021657765115482,406,796
gaze,134021657765201822,393,803
gaze,134021657765282791,395,797
gaze,134021657765368002,391,797
gaze,134021657765449236,393,799
gaze,134021657765533876,389,803
gaze,134021657765616299,437,796
gaze,134021657765702391,442,797
gaze,134021657765783053,440,787
gaze,134021657765862900,447,795
gaze,134021657765924478,443,791
gaze,134021657765995346,440,789
gaze,134021657766078227,441,786
gaze,134021657766225890,435,795
gaze,134021657766281843,435,783
gaze,134021657766367186,438,795
gaze,134021657766448995,437,790
gaze,134021657766533983,433,796
gaze,134021657766615891,434,787
gaze,134021657766699901,439,792
gaze,134021657766783246,440,788
MouseWheel,134021657766821163,-120
gaze,134021657766865960,440,795
gaze,134021657766948606,444,796
gaze,134021657767021672,442,793
gaze,134021657767118044,442,790
gaze,134021657767198753,441,801
gaze,134021657767283673,438,797
gaze,134021657767366328,442,791
gaze,134021657767451184,433,809
gaze,134021657767532438,439,796
gaze,134021657767618087,412,801
gaze,134021657767699755,325,800
gaze,134021657767779867,321,797
gaze,134021657767861961,318,792
gaze,134021657767937301,312,790
gaze,134021657767991892,323,789
gaze,134021657768073257,331,785
gaze,134021657768226801,323,784
gaze,134021657768281704,332,784
gaze,134021657768367677,337,787
gaze,134021657768449665,327,783
gaze,134021657768533834,328,786
gaze,134021657768614625,315,781
gaze,134021657768700697,328,781
gaze,134021657768782897,326,785
gaze,134021657768867051,316,784
gaze,134021657768949239,333,783
gaze,134021657769025145,331,780
gaze,134021657769116014,334,781
gaze,134021657769198912,338,782
gaze,134021657769282010,332,777
gaze,134021657769366874,336,787
gaze,134021657769448994,328,782
gaze,134021657769533311,330,781
gaze,134021657769615706,325,785
gaze,134021657769704890,330,780
gaze,134021657769791653,328,785
gaze,134021657769867915,341,783
gaze,134021657769939209,335,785
gaze,134021657769997166,321,776
gaze,134021657770078016,332,779
gaze,134021657770205343,319,786
gaze,134021657770284591,319,785
gaze,134021657770367897,326,786
gaze,134021657770448239,327,783
gaze,134021657770533673,324,787
gaze,134021657770614613,323,783
gaze,134021657770701614,319,785
gaze,134021657770782732,321,785
gaze,134021657770867081,322,786
gaze,134021657770949353,326,789
gaze,134021657771028741,332,788
gaze,134021657771114452,326,781
gaze,134021657771199682,335,781
MouseWheel,134021657771219772,120
gaze,134021657771282742,328,788
gaze,134021657771365993,320,789
gaze,134021657771449686,329,790
gaze,134021657771531486,326,788
gaze,134021657771617418,326,785
gaze,134021657771699532,332,786
gaze,134021657771784267,323,780
gaze,134021657771866379,336,790
gaze,134021657771946017,336,804
gaze,134021657772009626,342,801
gaze,134021657772079304,332,798
gaze,134021657772203413,329,793
gaze,134021657772285416,349,804
gaze,134021657772372887,336,796
gaze,134021657772451389,334,799
gaze,134021657772533109,340,806
gaze,134021657772617356,339,801
gaze,134021657772698962,338,802
gaze,134021657772783857,333,796
gaze,134021657772865054,338,807
gaze,134021657772951589,348,809
gaze,134021657773026632,337,793
gaze,134021657773113987,341,805
gaze,134021657773200130,335,809
gaze,134021657773283485,335,803
gaze,134021657773365991,342,797
gaze,134021657773451053,341,802
gaze,134021657773532056,337,804
gaze,134021657773616429,352,805
gaze,134021657773703877,323,801
gaze,134021657773784350,342,802
gaze,134021657773865529,329,804
MouseMove,134021657773938771,282,936
gaze,134021657773946025,335,800
gaze,134021657774004395,319,802
MouseMove,134021657774022120,284,936
gaze,134021657774080130,275,804
MouseMove,134021657774099299,289,930
MouseMove,134021657774179399,291,926
gaze,134021657774203800,278,802
MouseMove,134021657774260240,295,921
gaze,134021657774261807,283,808
MouseMove,134021657774338996,298,915
gaze,134021657774370228,282,804
MouseMove,134021657774419610,301,909
gaze,134021657774450298,285,806
MouseMove,134021657774500076,303,903
gaze,134021657774534476,281,804
MouseMove,134021657774582379,306,898
gaze,134021657774614976,283,809
MouseMove,134021657774658497,310,891
gaze,134021657774700715,284,801
MouseMove,134021657774739691,312,883
gaze,134021657774781910,278,803
MouseMove,134021657774819262,313,873
gaze,134021657774871493,283,807
MouseMove,134021657774898803,315,865
gaze,134021657774948561,286,810
MouseMove,134021657774978459,316,858
gaze,134021657775029600,289,803
MouseMove,134021657775061616,317,850
gaze,134021657775121748,280,813
MouseMove,134021657775139327,318,845
gaze,134021657775198596,288,806
MouseMove,134021657775218726,320,838
gaze,134021657775282694,288,808
MouseMove,134021657775299275,322,832
gaze,134021657775367049,287,811
MouseMove,134021657775380340,325,823
gaze,134021657775449080,286,809
MouseMove,134021657775459906,327,818
gaze,134021657775535388,291,810
MouseMove,134021657775538773,328,814
gaze,134021657775615435,294,806
MouseMove,134021657775619801,329,812
MouseMove,134021657775699945,330,810
gaze,134021657775701359,288,804
MouseMove,134021657775779731,331,809
gaze,134021657775781833,286,805
gaze,134021657775867472,292,804
gaze,134021657775943317,277,807
gaze,134021657776015678,229,802
gaze,134021657776096573,237,804
gaze,134021657776162818,232,797
gaze,134021657776286390,233,798
gaze,134021657776345233,232,798
gaze,134021657776453492,238,799
gaze,134021657776532993,242,799
gaze,134021657776617949,239,797
MouseMove,134021657776659053,331,807
gaze,134021657776698830,234,802
gaze,134021657776784269,239,799
MouseMove,134021657776818642,331,807
gaze,134021657776865500,228,804
gaze,134021657776951867,232,803
gaze,134021657777031926,236,803
MouseMove,134021657777060543,331,806
gaze,134021657777111486,224,795
gaze,134021657777200011,232,801
MouseMove,134021657777219358,331,806
gaze,134021657777278047,232,800
MouseMove,134021657777298488,330,806
gaze,134021657777367040,229,801
MouseMove,134021657777379124,329,806
gaze,134021657777449644,224,800
MouseMove,134021657777458724,327,806
gaze,134021657777531437,232,801
MouseMove,134021657777538669,326,806
gaze,134021657777617529,240,803
MouseMove,134021657777619771,324,806
MouseMove,134021657777700557,324,806
gaze,134021657777711392,239,811
MouseMove,134021657777779255,322,806
gaze,134021657777784373,237,803
MouseMove,134021657777858380,321,806
gaze,134021657777866286,241,806
MouseMove,134021657777938695,320,806
gaze,134021657777950425,233,811
MouseMove,134021657778018676,319,806
gaze,134021657778026703,240,807
MouseMove,134021657778099006,318,806
gaze,134021657778098249,229,801
gaze,134021657778175724,223,797
MouseMove,134021657778178496,318,806
gaze,134021657778245120,233,809
MouseMove,134021657778345573,317,806
gaze,134021657778370240,240,805
gaze,134021657778450327,236,801
MouseMove,134021657778499863,316,806
gaze,134021657778533937,232,805
gaze,134021657778614746,239,807
gaze,134021657778701044,232,806
gaze,134021657778782069,237,808
gaze,134021657778868964,271,804
gaze,134021657778950345,280,802
gaze,134021657779044213,278,801
gaze,134021657779118590,282,806
gaze,134021657779196592,287,800
gaze,134021657779280741,283,795
gaze,134021657779366991,279,797
gaze,134021657779450271,282,801
gaze,134021657779532720,283,803
gaze,134021657779616605,277,800
gaze,134021657779700701,273,809
gaze,134021657779783742,276,805
gaze,134021657779866024,277,805
gaze,134021657779949816,272,804
gaze,134021657780039639,274,799
gaze,134021657780110326,279,801
gaze,134021657780176231,269,802
gaze,134021657780245842,272,803
gaze,134021657780372100,282,801
gaze,134021657780451808,281,802
gaze,134021657780535276,284,794
gaze,134021657780614993,270,794
gaze,134021657780702259,275,796
gaze,134021657780782282,288,800
gaze,134021657780868715,318,801
gaze,134021657780950072,314,796
gaze,134021657781035603,315,797
MouseMove,134021657781059731,315,806
gaze,134021657781118115,309,793
MouseMove,134021657781138643,315,805
gaze,134021657781196303,317,796
gaze,134021657781278686,320,795
MouseMove,134021657781299117,315,805
gaze,134021657781367477,317,795
MouseMove,134021657781378422,316,804
gaze,134021657781449338,319,787
MouseMove,134021657781458493,316,804
gaze,134021657781533512,321,803
gaze,134021657781614792,318,797
MouseMove,134021657781700089,317,803
gaze,134021657781702249,318,801
gaze,134021657781783322,313,800
gaze,134021657781867745,326,800
gaze,134021657781948826,322,799
gaze,134021657782034057,314,796
gaze,134021657782110138,316,797
gaze,134021657782177827,314,796
gaze,134021657782246764,314,803
gaze,134021657782329110,315,800
gaze,134021657782476191,322,798
gaze,134021657782533114,316,799
LeftMouseDown,134021657782580780
gaze,134021657782619301,316,791
gaze,134021657782699798,309,799
gaze,134021657782785268,313,804
gaze,134021657782865681,309,799
gaze,134021657782951570,311,798
gaze,134021657783041698,316,797
gaze,134021657783119159,306,796
gaze,134021657783199563,312,795
gaze,134021657783274085,318,797
gaze,134021657783367894,317,799
gaze,134021657783449951,319,804
LeftMouseUp,134021657783461031
gaze,134021657783532983,317,796
gaze,134021657783616689,318,795
gaze,134021657783700174,322,796
gaze,134021657783782727,314,794
gaze,134021657783866291,322,797
gaze,134021657783949656,311,796
gaze,134021657784028337,315,801
gaze,134021657784111913,311,800
gaze,134021657784185508,311,795
gaze,134021657784242136,316,797
gaze,134021657784324036,318,797
gaze,134021657784451105,327,797
gaze,134021657784533424,322,792
MouseMove,134021657784578667,319,803
gaze,134021657784611085,321,807
MouseMove,134021657784661046,321,803
gaze,134021657784697244,321,799
MouseMove,134021657784738754,325,804
gaze,134021657784784145,325,801
MouseMove,134021657784818523,329,804
gaze,134021657784866275,379,814
MouseMove,134021657784899834,338,808
gaze,134021657784950054,480,807
MouseMove,134021657784982124,345,810
gaze,134021657785033314,579,824
MouseMove,134021657785059530,355,814
gaze,134021657785119572,604,831
MouseMove,134021657785139419,366,817
gaze,134021657785203302,608,840
MouseMove,134021657785219369,377,820
gaze,134021657785280240,609,834
MouseMove,134021657785298283,390,825
gaze,134021657785365049,607,841
MouseMove,134021657785378774,401,827
gaze,134021657785451005,601,848
MouseMove,134021657785459066,412,830
gaze,134021657785532398,606,839
MouseMove,134021657785538787,422,832
MouseMove,134021657785618832,430,835
gaze,134021657785618896,603,840
MouseMove,134021657785700051,438,838
gaze,134021657785709426,605,835
MouseMove,134021657785778980,444,839
gaze,134021657785785047,615,839
MouseMove,134021657785859237,449,839
gaze,134021657785866836,611,844
MouseMove,134021657785939329,454,839
gaze,134021657785952101,601,842
MouseMove,134021657786019112,458,840
gaze,134021657786032487,602,843
MouseMove,134021657786098647,459,841
gaze,134021657786117644,606,844
MouseMove,134021657786178473,462,841
gaze,134021657786194865,602,845
MouseMove,134021657786258659,464,841
gaze,134021657786260988,602,851
gaze,134021657786330076,599,841
MouseMove,134021657786338687,465,841
gaze,134021657786412177,605,841
MouseMove,134021657786419422,466,841
MouseMove,134021657786499710,467,841
gaze,134021657786561681,601,843
MouseMove,134021657786580661,468,841
gaze,134021657786616657,608,848
MouseMove,134021657786658921,469,841
gaze,134021657786701629,610,847
gaze,134021657786783733,604,840
gaze,134021657786868150,608,836
gaze,134021657786949513,605,843
gaze,134021657787034920,599,839
MouseMove,134021657787061150,470,841
gaze,134021657787115786,597,839
gaze,134021657787201839,597,839
gaze,134021657787283020,594,844
gaze,134021657787358003,601,844
MouseMove,134021657787380059,471,841
gaze,134021657787451422,604,841
gaze,134021657787533399,597,841
gaze,134021657787617889,609,845
gaze,134021657787700580,601,841
gaze,134021657787786435,596,840
gaze,134021657787866477,537,822
gaze,134021657787952852,482,784
gaze,134021657788033367,476,787
gaze,134021657788117710,468,793
gaze,134021657788198833,477,790
gaze,134021657788273455,473,786
gaze,134021657788330008,470,781
gaze,134021657788412059,461,777
MouseMove,134021657788499391,471,842
gaze,134021657788560339,466,770
gaze,134021657788615267,479,789
gaze,134021657788702072,467,777
gaze,134021657788783112,467,779
gaze,134021657788867961,464,776
gaze,134021657788950538,468,786
gaze,134021657789035449,467,777
gaze,134021657789116719,466,778
gaze,134021657789202263,459,776
gaze,134021657789283520,459,782
gaze,134021657789357892,469,786
gaze,134021657789452211,465,785
gaze,134021657789533554,466,783
gaze,134021657789618666,463,781
gaze,134021657789700787,474,789
gaze,134021657789785219,479,793
gaze,134021657789866778,469,794
gaze,134021657789952059,480,786
gaze,134021657790033930,473,791
gaze,134021657790118676,483,788
gaze,134021657790200519,467,789
gaze,134021657790273630,460,796
gaze,134021657790329622,468,788
gaze,134021657790413881,461,792
gaze,134021657790536704,447,796
gaze,134021657790617219,414,801
gaze,134021657790702915,419,804
gaze,134021657790782941,418,807
gaze,134021657790867783,425,799
MouseMove,134021657790899879,472,841
gaze,134021657790950413,419,809
MouseMove,134021657790979932,473,839
gaze,134021657791033988,420,805
MouseMove,134021657791059266,476,837
gaze,134021657791119760,417,803
MouseMove,134021657791140720,478,835
gaze,134021657791200485,421,804
MouseMove,134021657791220691,480,834
gaze,134021657791283256,421,812
MouseMove,134021657791299217,483,831
gaze,134021657791361114,413,795
MouseMove,134021657791381565,486,829
gaze,134021657791446587,412,808
MouseMove,134021657791459277,487,828
gaze,134021657791534088,418,796
MouseMove,134021657791539188,489,827
gaze,134021657791616670,421,812
MouseMove,134021657791618806,491,825
MouseMove,134021657791700444,491,825
gaze,134021657791699490,415,800
MouseMove,134021657791778986,492,824
gaze,134021657791784068,416,806
MouseMove,134021657791858474,492,823
gaze,134021657791867592,421,810
gaze,134021657791950028,427,809
MouseMove,134021657792019489,493,823
gaze,134021657792036277,424,802
MouseMove,134021657792098850,494,822
gaze,134021657792116624,417,807
MouseMove,134021657792178766,494,821
gaze,134021657792202047,415,808
gaze,134021657792277740,421,814
MouseMove,134021657792339459,495,820
gaze,134021657792345632,421,807
gaze,134021657792420053,432,807
gaze,134021657792496038,416,803
MouseMove,134021657792580039,495,820
gaze,134021657792644026,423,805
MouseMove,134021657792659507,496,819
gaze,134021657792700352,417,810
MouseMove,134021657792739317,497,818
gaze,134021657792786667,380,809
MouseMove,134021657792819540,498,817
gaze,134021657792865862,271,799
MouseMove,134021657792898737,498,816
gaze,134021657792952322,204,803
gaze,134021657793033247,157,797
gaze,134021657793117477,156,799
gaze,134021657793200710,157,804
gaze,134021657793283821,168,799
gaze,134021657793367391,173,809
gaze,134021657793440538,166,794
gaze,134021657793535248,172,794
gaze,134021657793617039,173,792
MouseMove,134021657793618899,500,815
MouseMove,134021657793699196,501,814
gaze,134021657793708613,175,798
MouseMove,134021657793778527,501,813
gaze,134021657793785216,179,790
gaze,134021657793869138,178,798
MouseMove,134021657793943970,502,813
gaze,134021657793949946,183,790
MouseMove,134021657794018938,503,812
gaze,134021657794035386,178,795
gaze,134021657794115867,170,791
MouseMove,134021657794179424,504,811
gaze,134021657794202397,171,798
gaze,134021657794283371,177,791
gaze,134021657794357645,176,795
gaze,134021657794414622,173,795
gaze,134021657794495975,170,797
gaze,134021657794578950,171,790
gaze,134021657794726552,168,798
MouseMove,134021657794739135,505,810
gaze,134021657794782750,172,794
gaze,134021657794868835,181,807
gaze,134021657794949474,185,808
gaze,134021657795036213,185,800
gaze,134021657795116545,193,799
gaze,134021657795210153,184,804
gaze,134021657795283210,170,791
gaze,134021657795369498,174,799
gaze,134021657795450678,183,798
MouseMove,134021657795460520,505,810
gaze,134021657795524162,189,799
gaze,134021657795617692,176,807
MouseMove,134021657795620898,506,809
gaze,134021657795700867,172,797
gaze,134021657795782922,179,772
gaze,134021657795862041,171,870
MouseMove,134021657795938844,507,809
gaze,134021657796792973,254,-397
gaze,134021657797185919,182,1095
gaze,134021657797288203,219,928
gaze,134021657797446655,230,947
gaze,134021657797528868,212,797
gaze,134021657797608086,219,857
gaze,134021657797702003,210,833
gaze,134021657797783840,215,828
MouseMove,134021657797859786,508,808
gaze,134021657797867738,223,832
MouseMove,134021657797938986,508,808
gaze,134021657797949575,226,824
MouseMove,134021657798020249,509,808
gaze,134021657798035595,221,857
MouseMove,134021657798099489,510,807
gaze,134021657798116098,212,844
gaze,134021657798200452,214,853
gaze,134021657798282051,213,850
gaze,134021657798367696,210,845
gaze,134021657798449084,215,846
gaze,134021657798526431,208,848
MouseMove,134021657798578874,512,807
gaze,134021657798578769,220,862
MouseMove,134021657798662011,512,807
gaze,134021657798662092,222,851
MouseMove,134021657798742297,513,807
gaze,134021657798785227,224,853
MouseMove,134021657798818415,513,807
gaze,134021657798865908,224,851
MouseMove,134021657798899519,515,807
gaze,134021657798952813,223,853
MouseMove,134021657798980399,516,807
gaze,134021657799033710,227,845
MouseMove,134021657799058574,519,806
gaze,134021657799117670,225,844
MouseMove,134021657799139252,522,806
gaze,134021657799200059,220,845
MouseMove,134021657799219228,525,805
gaze,134021657799283169,203,844
MouseMove,134021657799299230,527,805
gaze,134021657799367224,222,844
MouseMove,134021657799378472,529,805
gaze,134021657799451472,228,842
MouseMove,134021657799459526,530,805
gaze,134021657799532582,218,851
MouseMove,134021657799538328,530,805
gaze,134021657799614492,213,848
MouseMove,134021657799618624,531,805
gaze,134021657799695843,226,855
MouseMove,134021657799778770,532,805
gaze,134021657799784479,230,850
gaze,134021657799866530,220,848
gaze,134021657799952366,213,851
MouseMove,134021657800020263,532,805
gaze,134021657800034273,222,845
gaze,134021657800119539,225,850
MouseMove,134021657800178859,532,806
gaze,134021657800199598,219,849
MouseMove,134021657800259606,532,807
gaze,134021657800285550,222,856
MouseMove,134021657800339118,532,807
gaze,134021657800373495,225,851
MouseMove,134021657800419062,532,809
gaze,134021657800452219,228,844
MouseMove,134021657800499342,532,810
gaze,134021657800527049,225,846
MouseMove,134021657800579087,532,810
gaze,134021657800594181,219,846
MouseMove,134021657800662216,532,812
gaze,134021657800662943,224,856
MouseMove,134021657800738870,532,812
gaze,134021657800786390,221,845
MouseMove,134021657800819419,532,813
gaze,134021657800866545,217,840
MouseMove,134021657800899851,530,814
gaze,134021657800957506,212,836
MouseMove,134021657800978473,530,815
gaze,134021657801034521,224,844
MouseMove,134021657801058659,529,815
gaze,134021657801118773,225,852
MouseMove,134021657801139463,527,816
gaze,134021657801199487,218,855
MouseMove,134021657801219125,526,817
gaze,134021657801285959,218,862
MouseMove,134021657801299289,524,817
gaze,134021657801367096,217,870
MouseMove,134021657801378958,521,819
gaze,134021657801451867,217,872
MouseMove,134021657801459090,519,820
gaze,134021657801532289,221,871
MouseMove,134021657801539723,517,820
gaze,134021657801612524,217,866
MouseMove,134021657801618240,514,821
MouseMove,134021657801699526,512,822
gaze,134021657801698414,219,877
MouseMove,134021657801779672,509,823
gaze,134021657801784641,214,876
MouseMove,134021657801858779,507,823
gaze,134021657801867012,210,873
MouseMove,134021657801938978,504,824
gaze,134021657801952051,215,883
MouseMove,134021657802024226,500,825
gaze,134021657802033881,219,878
MouseMove,134021657802099970,495,827
gaze,134021657802118028,228,875
MouseMove,134021657802182264,492,828
gaze,134021657802199306,226,874
MouseMove,134021657802259821,489,828
gaze,134021657802285437,223,879
MouseMove,134021657802340358,486,829
gaze,134021657802365785,237,879
MouseMove,134021657802418734,483,831
gaze,134021657802451947,284,880
MouseMove,134021657802499604,478,833
gaze,134021657802527435,303,881
MouseMove,134021657802579071,475,833
gaze,134021657802593555,326,888
MouseMove,134021657802659944,471,835
gaze,134021657802662832,316,890
MouseMove,134021657802738751,468,836
gaze,134021657802785746,319,887
MouseMove,134021657802820164,464,838
gaze,134021657802865826,319,889
MouseMove,134021657802898632,462,839
gaze,134021657802951995,319,881
MouseMove,134021657802978691,461,840
gaze,134021657803038347,324,890
MouseMove,134021657803061454,460,840
gaze,134021657803118274,319,886
MouseMove,134021657803140404,459,840
gaze,134021657803199688,319,882
MouseMove,134021657803218686,458,840
gaze,134021657803284979,317,886
MouseMove,134021657803298762,457,841
gaze,134021657803366708,320,884
gaze,134021657803451757,314,882
MouseMove,134021657803459931,456,842
gaze,134021657803533295,320,884
gaze,134021657803613549,317,885
MouseMove,134021657803618886,455,843
gaze,134021657803694912,327,884
MouseMove,134021657803699602,454,843
MouseMove,134021657803779976,453,843
gaze,134021657803783745,322,884
MouseMove,134021657803859265,453,844
gaze,134021657803866578,329,886
gaze,134021657803949819,329,887
MouseMove,134021657804021239,451,845
gaze,134021657804032961,318,880
gaze,134021657804118216,321,885
MouseMove,134021657804179127,450,846
gaze,134021657804199521,321,885
gaze,134021657804284165,317,885
gaze,134021657804366746,321,885
gaze,134021657804453935,327,882
gaze,134021657804527224,334,887
gaze,134021657804595074,338,888
gaze,134021657804662936,327,885
gaze,134021657804785075,334,889
MouseMove,134021657804819484,449,847
gaze,134021657804845797,321,884
gaze,134021657804951482,315,888
gaze,134021657805032736,325,889
gaze,134021657805117786,323,889
MouseMove,134021657805140005,448,847
gaze,134021657805202332,318,885
MouseWheel,134021657805219039,-120
gaze,134021657805284573,312,890
gaze,134021657805368574,302,891
gaze,134021657805448942,288,895
gaze,134021657805535449,296,886
gaze,134021657805610633,293,890
gaze,134021657805702310,288,894
gaze,134021657805778563,284,885
gaze,134021657805868816,298,894
gaze,134021657805949186,294,894
gaze,134021657806034537,297,891
gaze,134021657806116392,296,890
gaze,134021657806206213,293,890
gaze,134021657806283119,293,887
gaze,134021657806368030,291,887
gaze,134021657806449769,291,888
gaze,134021657806530248,293,886
gaze,134021657806597815,290,888
gaze,134021657806676129,291,888
gaze,134021657806786334,284,887
gaze,134021657806845210,289,884
gaze,134021657806951528,282,883
gaze,134021657807033425,285,884
gaze,134021657807118953,288,880
gaze,134021657807199166,294,881
gaze,134021657807284866,297,883
gaze,134021657807367640,297,880
gaze,134021657807451788,297,881
gaze,134021657807532731,289,882
gaze,134021657807613960,301,882
gaze,134021657807701673,289,887
gaze,134021657807778787,293,883
gaze,134021657807867874,290,886
gaze,134021657807949274,290,883
gaze,134021657808035051,285,888
gaze,134021657808116048,293,892
gaze,134021657808201330,286,890
gaze,134021657808283174,245,885
gaze,134021657808369991,197,899
gaze,134021657808450644,198,890
gaze,134021657808532296,200,889
gaze,134021657808597365,198,889
gaze,134021657808675820,202,894
gaze,134021657808746199,202,891
gaze,134021657808869163,199,894
gaze,134021657808950818,203,890
gaze,134021657809034585,202,888
gaze,134021657809116017,201,890
gaze,134021657809202014,193,893
gaze,134021657809283757,191,878
gaze,134021657809368955,198,888
gaze,134021657809449901,199,892
gaze,134021657809535585,236,879
gaze,134021657809616047,341,803
gaze,134021657809698733,461,685
gaze,134021657809782001,528,600
gaze,134021657809868811,584,538
gaze,134021657809951873,587,514
gaze,134021657810034681,581,521
gaze,134021657810116366,575,551
gaze,134021657810202500,579,544
gaze,134021657810282943,565,526
gaze,134021657810368438,558,537
gaze,134021657810450299,561,534
gaze,134021657810534871,567,533
gaze,134021657810611058,563,533
gaze,134021657810679542,566,527
gaze,134021657810746890,561,523
gaze,134021657810869994,566,550
gaze,134021657810929814,567,537
gaze,134021657811036520,561,545
gaze,134021657811119923,563,544
gaze,134021657811201679,556,540
gaze,134021657811283492,556,532
MouseMove,134021657811299696,448,847
gaze,134021657811369409,562,529
gaze,134021657811450162,566,536
gaze,134021657811535166,564,539
gaze,134021657811615779,570,547
gaze,134021657811698108,573,548
gaze,134021657811784684,566,536
gaze,134021657811865346,571,523
gaze,134021657811954622,570,530
gaze,134021657812034067,568,523
gaze,134021657812118790,563,534
gaze,134021657812199838,569,548
gaze,134021657812286742,560,541
gaze,134021657812367746,556,531
gaze,134021657812452180,491,522
gaze,134021657812528753,482,508
gaze,134021657812609053,470,517
gaze,134021657812677001,477,518
gaze,134021657812755818,469,518
gaze,134021657812826167,473,513
gaze,134021657812947836,479,527
gaze,134021657813030197,471,505
gaze,134021657813112959,474,519
gaze,134021657813195736,475,506
gaze,134021657813281559,473,514
gaze,134021657813363071,484,509
MouseMove,134021657813378749,448,848
gaze,134021657813447032,480,513
MouseMove,134021657813459182,453,850
gaze,134021657813528847,471,499
MouseMove,134021657813538421,464,850
gaze,134021657813612166,470,505
MouseMove,134021657813618355,477,851
gaze,134021657813696845,467,504
MouseMove,134021657813699304,493,851
gaze,134021657813774209,476,516
MouseMove,134021657813779009,518,851
MouseMove,134021657813858392,545,835
gaze,134021657813857969,472,510
MouseMove,134021657813938627,579,817
gaze,134021657813946686,476,509
MouseMove,134021657814020415,610,794
gaze,134021657814029179,469,495
MouseMove,134021657814099578,638,771
gaze,134021657814112046,473,520
MouseMove,134021657814179587,667,738
gaze,134021657814196310,468,508
MouseMove,134021657814259287,697,697
gaze,134021657814279116,464,509
MouseMove,134021657814339409,722,651
gaze,134021657814363753,477,503
MouseMove,134021657814419008,745,611
gaze,134021657814448281,472,502
MouseMove,134021657814500880,766,572
gaze,134021657814528765,477,500
MouseMove,134021657814580936,784,540
gaze,134021657814612654,469,500
MouseMove,134021657814658462,800,515
gaze,134021657814691573,467,496
MouseMove,134021657814741239,815,496
gaze,134021657814755061,465,499
MouseMove,134021657814821282,832,476
gaze,134021657814825986,469,502
MouseMove,134021657814898695,844,465
gaze,134021657814947566,464,508
MouseMove,134021657814980005,854,456
gaze,134021657815008480,471,509
MouseMove,134021657815060014,865,447
gaze,134021657815115468,467,505
MouseMove,134021657815139260,872,440
gaze,134021657815199215,466,505
MouseMove,134021657815218557,878,435
gaze,134021657815283973,462,512
MouseMove,134021657815299268,882,432
gaze,134021657815367462,535,508
MouseMove,134021657815379041,886,426
gaze,134021657815451135,628,491
MouseMove,134021657815459269,890,421
gaze,134021657815533942,687,451
MouseMove,134021657815538805,891,419
gaze,134021657815617078,745,493
MouseMove,134021657815618472,893,416
MouseMove,134021657815699238,895,414
gaze,134021657815700734,742,468
gaze,134021657815778647,748,512
MouseMove,134021657815780171,895,413
MouseMove,134021657815859655,896,413
gaze,134021657815867491,742,482
gaze,134021657815945134,740,470
gaze,134021657816033721,736,469
gaze,134021657816117157,737,456
gaze,134021657816200192,735,472
gaze,134021657816283229,729,461
MouseMove,134021657816338724,897,413
gaze,134021657816375232,731,475
MouseMove,134021657816420194,896,417
gaze,134021657816450535,739,460
MouseMove,134021657816500751,895,423
gaze,134021657816533278,736,464
MouseMove,134021657816579585,891,429
gaze,134021657816616907,733,480
MouseMove,134021657816658815,887,437
gaze,134021657816695584,732,477
MouseMove,134021657816740340,885,441
gaze,134021657816766620,741,492
MouseMove,134021657816819705,881,445
gaze,134021657816843387,723,451
MouseMove,134021657816898619,879,449
gaze,134021657816916381,738,480
MouseMove,134021657816979444,876,451
gaze,134021657817035208,731,472
MouseMove,134021657817059796,871,456
gaze,134021657817096246,730,446
MouseMove,134021657817139303,869,458
gaze,134021657817201036,728,484
MouseMove,134021657817219426,864,462
gaze,134021657817283852,735,496
MouseMove,134021657817299090,861,466
gaze,134021657817365730,730,473
MouseMove,134021657817380505,857,467
gaze,134021657817453006,727,481
MouseMove,134021657817458559,854,470
gaze,134021657817534308,726,477
MouseMove,134021657817538590,851,473
MouseMove,134021657817619173,847,475
gaze,134021657817618977,728,455
MouseMove,134021657817699315,844,477
gaze,134021657817700013,722,462
MouseMove,134021657817780285,840,480
gaze,134021657817785548,728,468
MouseMove,134021657817859373,835,483
gaze,134021657817862008,731,460
MouseMove,134021657817940813,833,486
gaze,134021657817952336,737,464
MouseMove,134021657818020198,830,488
gaze,134021657818028235,741,472
MouseMove,134021657818099915,825,491
gaze,134021657818118993,733,461
MouseMove,134021657818178926,820,494
gaze,134021657818199232,738,470
MouseMove,134021657818258751,816,497
gaze,134021657818285178,737,461
MouseMove,134021657818339826,813,497
gaze,134021657818366694,738,473
MouseMove,134021657818418760,812,498
gaze,134021657818452718,743,492
MouseMove,134021657818499808,810,500
gaze,134021657818533419,739,451
MouseMove,134021657818579566,809,500
gaze,134021657818619258,736,460
MouseMove,134021657818659364,807,501
gaze,134021657818700508,743,506
MouseMove,134021657818740212,806,502
gaze,134021657818781262,733,476
MouseMove,134021657818820578,804,503
gaze,134021657818847484,740,480
MouseMove,134021657818898916,804,504
gaze,134021657818926295,737,482
MouseMove,134021657818979936,803,504
gaze,134021657818996165,743,481
MouseMove,134021657819059946,801,505
gaze,134021657819118984,737,465
MouseMove,134021657819138659,800,506
gaze,134021657819201568,739,474
MouseMove,134021657819219210,798,508
gaze,134021657819283418,740,487
MouseMove,134021657819298511,798,508
gaze,134021657819367562,737,473
MouseMove,134021657819379440,796,510
gaze,134021657819451306,739,469
MouseMove,134021657819458962,795,510
gaze,134021657819532822,740,486
MouseMove,134021657819539113,795,511
gaze,134021657819619117,738,448
MouseMove,134021657819701687,794,512
gaze,134021657819701486,738,482
MouseMove,134021657819781313,794,512
gaze,134021657819785797,729,446
gaze,134021657819867978,742,474
MouseMove,134021657819938933,792,513
gaze,134021657819945602,737,466
MouseMove,134021657820020332,792,513
gaze,134021657820029031,737,472
MouseMove,134021657820098869,792,515
gaze,134021657820117571,746,466
MouseMove,134021657820178479,790,518
gaze,134021657820201085,740,462
MouseMove,134021657820258517,789,519
gaze,134021657820283406,737,479
MouseMove,134021657820339494,788,520
gaze,134021657820368805,738,460
MouseMove,134021657820418749,787,523
gaze,134021657820449934,740,477
MouseMove,134021657820498479,786,524
gaze,134021657820536437,746,478
MouseMove,134021657820578757,785,525
gaze,134021657820616009,747,492
MouseMove,134021657820658561,785,526
gaze,134021657820703048,742,466
MouseMove,134021657820741699,785,527
gaze,134021657820784446,740,492
MouseMove,134021657820818860,785,528
gaze,134021657820864908,746,489
gaze,134021657820927300,747,471
MouseMove,134021657820982414,784,529
gaze,134021657821000139,741,450
gaze,134021657821079394,739,475
MouseMove,134021657821139090,783,530
gaze,134021657821225370,671,491
gaze,134021657821285330,590,484
gaze,134021657821369324,582,496
MouseMove,134021657821379156,782,531
gaze,134021657821449835,573,493
gaze,134021657821534495,577,486
gaze,134021657821615717,574,506
gaze,134021657821706388,579,506
gaze,134021657821783415,579,501
gaze,134021657821869322,579,479
gaze,134021657821950127,583,497
gaze,134021657822029626,579,485
gaze,134021657822117205,576,489
gaze,134021657822204653,579,502
gaze,134021657822283985,580,476
LeftMouseDown,134021657822339667
gaze,134021657822368886,585,487
gaze,134021657822451332,583,501
gaze,134021657822532948,578,483
gaze,134021657822617657,581,498
gaze,134021657822699480,583,500
gaze,134021657822786388,576,500
gaze,134021657822866801,580,483
gaze,134021657822940942,583,488
gaze,134021657822997177,585,484
gaze,134021657823081589,579,495
LeftMouseUp,134021657823143148
gaze,134021657823162727,582,496
gaze,134021657823308457,582,493
gaze,134021657823367456,583,493
gaze,134021657823452108,623,496
gaze,134021657823532855,637,484
gaze,134021657823618525,638,476
gaze,134021657823700460,639,483
gaze,134021657823785362,641,482
gaze,134021657823866381,647,498
gaze,134021657823952500,644,479
gaze,134021657824033023,641,483
gaze,134021657824108286,640,469
gaze,134021657824201993,644,482
gaze,134021657824283494,635,487
gaze,134021657824372957,644,481
gaze,134021657824450235,643,484
gaze,134021657824535218,637,478
gaze,134021657824615669,639,475
gaze,134021657824702802,634,482
gaze,134021657824786244,641,471
gaze,134021657824868934,636,477
gaze,134021657824949723,641,468
gaze,134021657825024570,632,469
gaze,134021657825084485,639,494
MouseMove,134021657825138756,782,532
gaze,134021657825162805,648,491
MouseMove,134021657825219391,782,534
gaze,134021657825291668,655,451
MouseMove,134021657825300168,782,536
gaze,134021657825370086,657,648
MouseMove,134021657825379081,782,537
MouseMove,134021657825458916,782,539
MouseMove,134021657825540167,782,539
MouseMove,134021657825700011,782,540
MouseMove,134021657825779173,782,541
gaze,134021657826441195,593,761
gaze,134021657826524274,625,686
MouseMove,134021657826578880,782,542
gaze,134021657826608713,610,467
gaze,134021657826703012,619,476
gaze,134021657826784936,634,450
gaze,134021657826869927,627,411
gaze,134021657826949846,623,394
gaze,134021657827030492,635,430
MouseMove,134021657827059643,780,543
gaze,134021657827095013,634,436
MouseMove,134021657827138818,779,543
gaze,134021657827163101,635,428
MouseMove,134021657827219407,777,543
gaze,134021657827245946,636,442
MouseMove,134021657827298982,775,543
MouseMove,134021657827380006,773,543
gaze,134021657827391602,630,452
gaze,134021657827450181,633,449
MouseMove,134021657827459392,772,543
gaze,134021657827535537,639,462
MouseMove,134021657827540655,769,543
MouseMove,134021657827618945,769,543
gaze,134021657827617709,656,443
MouseMove,134021657827698894,767,543
gaze,134021657827701366,654,456
MouseMove,134021657827779807,766,543
gaze,134021657827783854,649,439
MouseMove,134021657827858638,766,543
gaze,134021657827867726,661,459
gaze,134021657827950074,656,441
gaze,134021657828033224,655,443
MouseMove,134021657828099572,765,543
gaze,134021657828116343,661,458
gaze,134021657828188544,657,455
gaze,134021657828283764,659,455
gaze,134021657828369184,657,443
gaze,134021657828451053,656,443
gaze,134021657828534242,654,460
MouseMove,134021657828578985,764,543
gaze,134021657828616362,658,447
gaze,134021657828702334,663,459
gaze,134021657828783445,660,466
gaze,134021657828867139,657,460
gaze,134021657828950969,652,477
gaze,134021657829033552,659,453
gaze,134021657829106208,653,458
gaze,134021657829162785,664,457
gaze,134021657829245948,685,464
gaze,134021657829369347,685,468
gaze,134021657829451338,686,455
gaze,134021657829535698,687,459
gaze,134021657829616612,685,457
gaze,134021657829703420,681,464
gaze,134021657829783912,689,472
gaze,134021657829869553,690,463
gaze,134021657829950971,686,453
gaze,134021657830036007,690,464
gaze,134021657830116938,690,465
gaze,134021657830197998,695,469
gaze,134021657830279230,695,470
gaze,134021657830370709,690,468
gaze,134021657830451216,696,466
gaze,134021657830534816,693,457
gaze,134021657830616099,694,456
gaze,134021657830708544,687,467
gaze,134021657830783962,690,452
gaze,134021657830868875,690,473
gaze,134021657830951936,729,437
gaze,134021657831036608,776,470
gaze,134021657831112771,765,473
gaze,134021657831177080,766,457
gaze,134021657831246835,764,467
gaze,134021657831329544,770,451
gaze,134021657831475990,767,456
gaze,134021657831533391,768,479
gaze,134021657831618084,768,460
gaze,134021657831700317,767,456
gaze,134021657831786185,761,447
gaze,134021657831867584,765,461
gaze,134021657831952613,764,446
gaze,134021657832044300,769,459
gaze,134021657832121821,768,449
gaze,134021657832200734,762,438
gaze,134021657832276420,771,456
gaze,134021657832368890,767,462
gaze,134021657832449566,766,446
gaze,134021657832535457,763,449
gaze,134021657832616177,764,442
gaze,134021657832702835,764,453
gaze,134021657832784396,762,445
gaze,134021657832870190,810,466
gaze,134021657832951281,867,434
gaze,134021657833034954,878,464
gaze,134021657833117933,889,468
gaze,134021657833189419,886,458
gaze,134021657833247048,889,460
gaze,134021657833329684,887,468
gaze,134021657833412473,889,458
gaze,134021657833557230,886,449
gaze,134021657833615582,885,470
gaze,134021657833703193,882,450
gaze,134021657833783737,885,452
gaze,134021657833868452,890,461
gaze,134021657833951276,876,459
gaze,134021657834034358,887,458
gaze,134021657834117501,885,456
gaze,134021657834200703,887,469
gaze,134021657834283925,882,457
gaze,134021657834356788,884,452
gaze,134021657834456641,888,468
gaze,134021657834533679,885,462
gaze,134021657834618785,881,439
gaze,134021657834705750,885,468
gaze,134021657834785989,884,458
gaze,134021657834866916,880,439
gaze,134021657834952678,881,426
gaze,134021657835034667,887,443
gaze,134021657835119466,880,461
gaze,134021657835200751,885,456
gaze,134021657835278712,887,447
gaze,134021657835331378,885,434
gaze,134021657835412518,884,440
MouseMove,134021657835459453,764,543
gaze,134021657835534393,883,442
gaze,134021657835618021,889,464
MouseMove,134021657835700154,764,542
gaze,134021657835699744,879,455
gaze,134021657835784078,884,464
gaze,134021657835868139,887,453
gaze,134021657835950739,876,467
gaze,134021657836033643,883,443
gaze,134021657836121837,933,424
gaze,134021657836200663,963,451
gaze,134021657836284441,969,468
gaze,134021657836361212,966,420
gaze,134021657836448613,959,446
gaze,134021657836533292,965,411
MouseMove,134021657836579516,765,542
gaze,134021657836617289,969,453
gaze,134021657836700518,965,443
gaze,134021657836784104,965,421
gaze,134021657836866746,968,457
gaze,134021657836950313,969,429
gaze,134021657837033468,968,490
gaze,134021657837117703,957,433
gaze,134021657837200521,961,432
gaze,134021657837279081,972,444
gaze,134021657837343280,968,451
gaze,134021657837417333,965,438
gaze,134021657837534760,966,464
gaze,134021657837618762,966,492
gaze,134021657837703304,964,456
gaze,134021657837783728,968,479
gaze,134021657837867951,970,450
gaze,134021657837951233,974,459
gaze,134021657838033569,963,451
gaze,134021657838117294,965,455
gaze,134021657838200494,947,451
MouseMove,134021657838258586,766,541
gaze,134021657838284710,827,454
MouseMove,134021657838339660,766,540
gaze,134021657838363378,658,467
gaze,134021657838447197,546,480
gaze,134021657838535669,494,499
gaze,134021657838617731,487,503
gaze,134021657838713363,488,509
MouseMove,134021657838740215,767,539
gaze,134021657838786673,489,481
gaze,134021657838870053,499,487
gaze,134021657838950758,495,478
gaze,134021657839036639,492,485
gaze,134021657839117122,495,479
gaze,134021657839202583,499,490
gaze,134021657839278992,493,494
gaze,134021657839345014,496,484
gaze,134021657839413514,494,485
gaze,134021657839533808,492,490
gaze,134021657839618145,497,497
gaze,134021657839700575,490,472
gaze,134021657839786512,492,479
MouseMove,134021657839859152,767,538
gaze,134021657839867809,501,485
gaze,134021657839952996,496,471
MouseMove,134021657840018838,767,538
gaze,134021657840033440,493,475
MouseMove,134021657840098780,767,537
gaze,134021657840121190,499,472
MouseMove,134021657840179536,767,536
gaze,134021657840200251,495,474
MouseMove,134021657840259152,764,536
gaze,134021657840286277,503,507
MouseMove,134021657840338425,763,536
gaze,134021657840362656,499,492
MouseMove,134021657840419555,760,534
gaze,134021657840448052,500,492
MouseMove,134021657840499122,758,533
gaze,134021657840534028,498,489
MouseMove,134021657840579902,755,533
gaze,134021657840616680,502,486
MouseMove,134021657840658518,752,533
gaze,134021657840700397,457,507
MouseMove,134021657840739705,750,532
gaze,134021657840784692,436,518
MouseMove,134021657840818576,747,530
gaze,134021657840874015,445,504
MouseMove,134021657840902065,746,530
gaze,134021657840951171,438,513
MouseMove,134021657840980058,744,530
gaze,134021657841034797,432,494
MouseMove,134021657841059917,742,529
gaze,134021657841116969,441,507
MouseMove,134021657841139742,741,529
gaze,134021657841200579,441,492
MouseMove,134021657841218605,738,528
gaze,134021657841279128,435,499
MouseMove,134021657841299766,736,527
gaze,134021657841343792,437,503
MouseMove,134021657841379302,734,527
gaze,134021657841415337,439,492
MouseMove,134021657841459765,733,526
gaze,134021657841534323,447,501
MouseMove,134021657841538619,732,526
gaze,134021657841617990,439,496
MouseMove,134021657841618859,731,526
MouseMove,134021657841700502,731,526
gaze,134021657841700555,446,506
MouseMove,134021657841780256,730,525
gaze,134021657841784145,446,502
gaze,134021657841868578,444,502
gaze,134021657841951298,444,504
gaze,134021657842035053,445,518
gaze,134021657842118336,450,512
gaze,134021657842200484,437,506
gaze,134021657842284566,451,523
gaze,134021657842362081,451,499
gaze,134021657842446762,449,506
gaze,134021657842534716,444,497
gaze,134021657842617024,440,497
gaze,134021657842701530,450,507
gaze,134021657842784324,447,514
gaze,134021657842867638,448,512
gaze,134021657842951412,439,508
gaze,134021657843035263,436,514
gaze,134021657843118059,446,514
gaze,134021657843200713,443,504
gaze,134021657843279337,440,508
gaze,134021657843344081,440,506
gaze,134021657843414325,438,506
gaze,134021657843534692,439,504
gaze,134021657843595872,442,511
gaze,134021657843703032,476,512
gaze,134021657843784319,531,491
gaze,134021657843869381,523,479
gaze,134021657843951418,529,495
gaze,134021657844044734,528,490
gaze,134021657844118344,534,493
gaze,134021657844203305,533,493
gaze,134021657844284576,538,506
gaze,134021657844365183,532,501
gaze,134021657844452819,531,496
gaze,134021657844528251,532,504
gaze,134021657844620205,524,491
gaze,134021657844701506,528,504
gaze,134021657844786623,532,509
gaze,134021657844867389,531,490
gaze,134021657844952881,531,495
gaze,134021657845035086,533,496
gaze,134021657845120818,538,503
gaze,134021657845201339,543,495
gaze,134021657845284868,533,500
gaze,134021657845352378,536,498
gaze,134021657845429472,535,506
gaze,134021657845535357,528,488
gaze,134021657845596957,529,504
gaze,134021657845703836,534,505
gaze,134021657845784306,533,500
gaze,134021657845870416,533,509
gaze,134021657845951048,532,517
gaze,134021657846036428,531,495
gaze,134021657846118028,526,494
gaze,134021657846202788,529,501
gaze,134021657846284510,533,511
gaze,134021657846365898,528,498
gaze,134021657846453334,536,494
gaze,134021657846528936,534,508
gaze,134021657846620414,526,499
gaze,134021657846706278,526,511
gaze,134021657846787472,539,510
gaze,134021657846868607,528,501
gaze,134021657846953708,525,498
gaze,134021657847035102,537,515
gaze,134021657847119158,534,513
gaze,134021657847200791,532,500
gaze,134021657847282008,530,509
gaze,134021657847349300,532,507
gaze,134021657847427291,535,512
gaze,134021657847498106,532,512
gaze,134021657847618878,534,504
gaze,134021657847703393,534,501
gaze,134021657847786878,537,513
gaze,134021657847872832,538,512
gaze,134021657847953325,540,510
gaze,134021657848037216,540,515
gaze,134021657848119514,543,511
gaze,134021657848201424,531,518
gaze,134021657848287385,529,509
gaze,134021657848368976,532,502
gaze,134021657848448477,536,517
gaze,134021657848530669,537,513
gaze,134021657848619151,531,497
gaze,134021657848701396,533,508
gaze,134021657848784244,529,515
gaze,134021657848868105,566,518
gaze,134021657848951894,600,501
gaze,134021657849035669,594,499
gaze,134021657849117605,602,504
gaze,134021657849201177,601,498
gaze,134021657849284756,600,501
gaze,134021657849362399,600,494
gaze,134021657849430608,600,504
gaze,134021657849497821,597,503
gaze,134021657849618877,599,496
gaze,134021657849682071,600,483
gaze,134021657849786880,607,499
gaze,134021657849872196,600,430
gaze,134021657849954758,627,673
gaze,134021657851202205,787,872
gaze,134021657851276326,789,537
gaze,134021657851365974,810,481
gaze,134021657851433648,817,452
gaze,134021657851510273,809,431
gaze,134021657851579724,813,456
gaze,134021657851703789,811,440
gaze,134021657851785875,810,453
gaze,134021657851867985,811,465
gaze,134021657851954253,809,465
gaze,134021657852034547,809,481
gaze,134021657852120700,808,469
gaze,134021657852201093,808,472
gaze,134021657852287054,810,476
gaze,134021657852368734,815,483
gaze,134021657852453221,813,461
gaze,134021657852529072,809,477
gaze,134021657852616276,802,472
gaze,134021657852702032,805,472
gaze,134021657852784139,809,511
gaze,134021657852869066,817,483
gaze,134021657852951655,875,452
gaze,134021657853035775,921,473
gaze,134021657853122356,920,471
gaze,134021657853201759,928,483
gaze,134021657853285229,930,476
gaze,134021657853369109,929,478
gaze,134021657853446691,922,478
gaze,134021657853511478,927,489
gaze,134021657853584045,926,480
gaze,134021657853664364,920,467
gaze,134021657853810056,926,489
gaze,134021657853867219,924,472
gaze,134021657853954514,925,479
gaze,134021657854035118,921,474
gaze,134021657854119861,930,485
gaze,134021657854201893,919,453
gaze,134021657854300931,923,466
gaze,134021657854375231,923,476
gaze,134021657854455633,919,475
gaze,134021657854535708,921,467
gaze,134021657854609219,922,469
gaze,134021657854703241,967,465
gaze,134021657854785614,993,455
gaze,134021657854870327,982,452
gaze,134021657854952186,983,472
gaze,134021657855037905,985,477
gaze,134021657855117788,983,463
gaze,134021657855204908,985,479
gaze,134021657855288473,987,479
gaze,134021657855369841,982,482
gaze,134021657855454775,982,479
gaze,134021657855523921,986,474
gaze,134021657855584225,988,486
gaze,134021657855664743,988,482
gaze,134021657855747020,988,473
gaze,134021657855893082,988,460
gaze,134021657855951299,982,464
gaze,134021657856038368,988,467
gaze,134021657856117851,990,444
gaze,134021657856204042,989,459
gaze,134021657856284018,985,473
gaze,134021657856371768,983,483
gaze,134021657856452145,992,454
gaze,134021657856537684,992,451
gaze,134021657856617271,990,466
gaze,134021657856692100,991,462
gaze,134021657856785450,994,464
gaze,134021657856866577,986,454
gaze,134021657856952519,986,456
gaze,134021657857033732,990,464
gaze,134021657857120109,996,468
gaze,134021657857199958,1094,441
gaze,134021657857285139,1217,345
gaze,134021657857374527,1287,290
gaze,134021657857453784,1335,279
gaze,134021657857533685,1340,280
gaze,134021657857609482,1339,269
gaze,134021657857664225,1330,258
gaze,134021657857746109,1323,279
gaze,134021657857829142,1324,283
gaze,134021657857974092,1329,263
gaze,134021657858033119,1324,277
gaze,134021657858118420,1328,277
gaze,134021657858199602,1333,278
gaze,134021657858286709,1322,270
gaze,134021657858367409,1327,294
MouseMove,134021657858419769,731,525
gaze,134021657858452995,1330,288
MouseMove,134021657858500057,737,522
gaze,134021657858533756,1321,293
MouseMove,134021657858580124,748,520
gaze,134021657858619658,1322,287
MouseMove,134021657858659915,761,514
gaze,134021657858700467,1329,281
MouseMove,134021657858738800,773,510
gaze,134021657858775215,1322,292
MouseMove,134021657858821301,784,505
gaze,134021657858867581,1326,277
MouseMove,134021657858898858,794,501
gaze,134021657858950256,1329,289
MouseMove,134021657858979297,800,498
gaze,134021657859033843,1323,299
MouseMove,134021657859059426,802,497
gaze,134021657859116807,1325,293
MouseMove,134021657859139308,803,496
gaze,134021657859199965,1325,290
gaze,134021657859283316,1325,270
gaze,134021657859366942,1327,292
gaze,134021657859451126,1327,279
gaze,134021657859534020,1331,277
gaze,134021657859617091,1323,291
MouseMove,134021657859619572,805,495
gaze,134021657859689530,1318,293
MouseMove,134021657859699834,808,492
gaze,134021657859748409,1329,274
MouseMove,134021657859779165,815,482
gaze,134021657859829460,1321,283
MouseMove,134021657859859350,831,464
gaze,134021657859912583,1323,286
MouseMove,134021657859938880,856,446
MouseMove,134021657860020106,886,427
gaze,134021657860060670,1326,291
MouseMove,134021657860098698,919,415
gaze,134021657860116341,1326,267
MouseMove,134021657860179565,952,404
gaze,134021657860203775,1325,273
MouseMove,134021657860258567,974,397
gaze,134021657860283025,1306,314
MouseMove,134021657860338883,998,392
gaze,134021657860369555,1324,280
MouseMove,134021657860419141,1021,389
gaze,134021657860450044,1348,287
MouseMove,134021657860500314,1041,387
gaze,134021657860536402,1343,279
MouseMove,134021657860578817,1062,384
gaze,134021657860615985,1343,266
MouseMove,134021657860659925,1091,379
gaze,134021657860703826,1337,280
MouseMove,134021657860740085,1114,376
gaze,134021657860784006,1347,282
MouseMove,134021657860819454,1142,373
gaze,134021657860859214,1348,277
MouseMove,134021657860899116,1168,369
gaze,134021657860952481,1340,269
MouseMove,134021657860980160,1190,369
gaze,134021657861034586,1347,279
MouseMove,134021657861059171,1209,369
gaze,134021657861119875,1348,280
MouseMove,134021657861139450,1232,367
gaze,134021657861200029,1334,283
MouseMove,134021657861218730,1250,363
gaze,134021657861286559,1336,293
MouseMove,134021657861299068,1276,362
gaze,134021657861367181,1344,289
MouseMove,134021657861380896,1299,357
gaze,134021657861453865,1335,282
MouseMove,134021657861459446,1317,356
gaze,134021657861533786,1341,281
MouseMove,134021657861538506,1333,356
gaze,134021657861620010,1341,278
MouseMove,134021657861621218,1346,356
MouseMove,134021657861700891,1357,356
gaze,134021657861699953,1337,270
gaze,134021657861776529,1342,282
MouseMove,134021657861780247,1364,356
gaze,134021657861832591,1333,285
MouseMove,134021657861859163,1366,356
gaze,134021657861913475,1340,265
MouseMove,134021657861939150,1367,356
MouseMove,134021657862020593,1367,357
gaze,134021657862059862,1336,278
MouseMove,134021657862106430,1367,361
gaze,134021657862116673,1338,272
MouseMove,134021657862178850,1364,364
gaze,134021657862202990,1346,271
MouseMove,134021657862258880,1356,369
gaze,134021657862282970,1336,272
MouseMove,134021657862339090,1348,375
gaze,134021657862370208,1338,276
MouseMove,134021657862419008,1338,381
gaze,134021657862450485,1339,277
MouseMove,134021657862498576,1327,388
gaze,134021657862536187,1339,289
MouseMove,134021657862579005,1316,393
gaze,134021657862615751,1345,272
MouseMove,134021657862660932,1300,399
gaze,134021657862707400,1339,286
MouseMove,134021657862739976,1285,405
gaze,134021657862783730,1344,276
MouseMove,134021657862820805,1268,411
gaze,134021657862859477,1301,275
MouseMove,134021657862899767,1253,418
gaze,134021657862952580,1292,263
MouseMove,134021657862980465,1234,423
gaze,134021657863034580,1298,289
MouseMove,134021657863059524,1220,428
gaze,134021657863119260,1288,275
MouseMove,134021657863139067,1210,430
gaze,134021657863200082,1286,283
MouseMove,134021657863219768,1202,430
gaze,134021657863287728,1292,273
MouseMove,134021657863299443,1196,431
gaze,134021657863366825,1297,263
MouseMove,134021657863378798,1192,433
gaze,134021657863453422,1298,280
MouseMove,134021657863458461,1191,433
gaze,134021657863533523,1293,273
MouseMove,134021657863538637,1190,433
gaze,134021657863619137,1293,273
gaze,134021657863700784,1297,278
gaze,134021657863776548,1291,277
gaze,134021657863831850,1296,264
gaze,134021657863912768,1295,270
gaze,134021657863996878,1291,271
gaze,134021657864140817,1295,280
gaze,134021657864199995,1300,264
gaze,134021657864290819,1298,262
gaze,134021657864367711,1298,273
gaze,134021657864455114,1293,277
gaze,134021657864532804,1296,280
gaze,134021657864618930,1290,277
gaze,134021657864699626,1295,288
gaze,134021657864786287,1298,283
gaze,134021657864866629,1298,282
gaze,134021657864943312,1298,281
gaze,134021657865035207,1300,270
gaze,134021657865117087,1300,279
gaze,134021657865201501,1316,293
gaze,134021657865287385,1314,291
gaze,134021657865367819,1310,295
gaze,134021657865456679,1314,288
gaze,134021657865534164,1319,291
gaze,134021657865619051,1317,300
gaze,134021657865699592,1317,287
gaze,134021657865785481,1319,297
gaze,134021657865856094,1313,289
gaze,134021657865915283,1318,295
gaze,134021657865996261,1313,284
MouseMove,134021657866099098,1185,434
gaze,134021657866141305,1312,281
MouseMove,134021657866179448,1179,434
gaze,134021657866200270,1310,278
MouseMove,134021657866258590,1168,438
gaze,134021657866285469,1303,283
MouseMove,134021657866340187,1158,440
gaze,134021657866367140,1310,293
MouseMove,134021657866420550,1142,443
gaze,134021657866453792,1314,288
MouseMove,134021657866500284,1121,448
gaze,134021657866533443,1317,296
MouseMove,134021657866579481,1094,456
gaze,134021657866618150,1307,297
MouseMove,134021657866659021,1073,460
gaze,134021657866700746,1295,292
MouseMove,134021657866740336,1043,468
gaze,134021657866784530,1247,310
MouseMove,134021657866820111,1016,475
gaze,134021657866867949,1269,307
MouseMove,134021657866900165,989,483
gaze,134021657866938723,1261,318
MouseMove,134021657866982567,959,491
gaze,134021657867034182,1267,311
MouseMove,134021657867059713,929,499
gaze,134021657867116840,1263,296
MouseMove,134021657867139474,902,507
gaze,134021657867199970,1264,309
MouseMove,134021657867219753,872,515
gaze,134021657867282651,1263,317
MouseMove,134021657867299109,852,524
gaze,134021657867367528,1263,302
MouseMove,134021657867379433,833,530
gaze,134021657867450275,1256,314
MouseMove,134021657867459208,813,537
gaze,134021657867533258,1269,308
MouseMove,134021657867539110,793,545
gaze,134021657867617084,1260,293
MouseMove,134021657867618880,778,551
MouseMove,134021657867699187,767,557
gaze,134021657867699954,1263,298
MouseMove,134021657867780671,756,561
gaze,134021657867783902,1265,298
gaze,134021657867856567,1261,302
MouseMove,134021657867859266,745,567
gaze,134021657867913350,1261,305
MouseMove,134021657867938437,735,572
gaze,134021657867995181,1267,305
MouseMove,134021657868019575,725,578
gaze,134021657868079233,1265,307
MouseMove,134021657868100696,714,583
MouseMove,134021657868178560,704,590
gaze,134021657868223902,1265,318
MouseMove,134021657868259570,694,596
gaze,134021657868282460,1264,299
MouseMove,134021657868338973,686,601
gaze,134021657868369725,1263,291
MouseMove,134021657868418803,676,606
gaze,134021657868450210,1264,301
MouseMove,134021657868499466,669,609
gaze,134021657868537756,1265,309
MouseMove,134021657868579944,661,616
gaze,134021657868617086,1263,307
MouseMove,134021657868659448,655,619
gaze,134021657868702327,1264,318
MouseMove,134021657868740635,650,622
gaze,134021657868783100,1264,307
MouseMove,134021657868820538,645,624
gaze,134021657868870379,1263,305
MouseMove,134021657868898506,641,627
gaze,134021657868949635,1258,301
MouseMove,134021657868980249,638,630
gaze,134021657869025849,1264,319
MouseMove,134021657869059106,637,630
gaze,134021657869117577,1255,312
MouseMove,134021657869141738,633,631
gaze,134021657869199991,1263,309
MouseMove,134021657869218621,630,634
gaze,134021657869285278,1265,314
MouseMove,134021657869300942,629,634
gaze,134021657869368024,1256,318
MouseMove,134021657869379616,628,635
MouseMove,134021657869459428,626,636
gaze,134021657869465897,1258,326
gaze,134021657869534070,1255,315
MouseMove,134021657869538959,624,637
gaze,134021657869617976,1266,295
MouseMove,134021657869620545,622,637
MouseMove,134021657869700361,622,638
gaze,134021657869700673,1263,292
MouseMove,134021657869779204,620,638
gaze,134021657869784450,1263,307
MouseMove,134021657869860782,619,638
gaze,134021657869867474,1260,316
MouseMove,134021657869939745,618,638
gaze,134021657869939581,1258,308
gaze,134021657869998833,1263,325
MouseMove,134021657870019085,617,638
gaze,134021657870079535,1259,322
MouseMove,134021657870179514,616,638
gaze,134021657870200945,1262,308
gaze,134021657870285919,1268,289
MouseMove,134021657870339140,616,638
gaze,134021657870366983,1263,301
gaze,134021657870453847,1273,291
gaze,134021657870532569,1349,315
MouseMove,134021657870579869,615,638
gaze,134021657870619320,1385,303
MouseMove,134021657870658522,614,638
gaze,134021657870706494,1407,301
MouseMove,134021657870740044,613,638
gaze,134021657870786648,1394,319
gaze,134021657870866498,1406,290
MouseMove,134021657870899425,613,638
gaze,134021657870953617,1413,290
MouseMove,134021657870979353,612,638
gaze,134021657871028567,1413,288
MouseMove,134021657871059020,611,638
gaze,134021657871115962,1414,288
gaze,134021657871200094,1410,287
gaze,134021657871285576,1413,287
MouseMove,134021657871298510,610,638
gaze,134021657871367810,1403,291
gaze,134021657871450680,1409,295
MouseMove,134021657871459244,609,638
gaze,134021657871534133,1414,287
gaze,134021657871616271,1414,300
gaze,134021657871700874,1415,293
gaze,134021657871784221,1406,300
gaze,134021657871867684,1412,298
MouseMove,134021657871939815,609,638
gaze,134021657871945913,1407,298
gaze,134021657872010221,1408,306
gaze,134021657872085784,1400,292
gaze,134021657872162378,1401,302
gaze,134021657872283534,1407,296
gaze,134021657872368831,1399,292
gaze,134021657872449465,1404,290
gaze,134021657872535897,1403,294
gaze,134021657872615810,1406,296
gaze,134021657872705004,1397,292
gaze,134021657872783132,1319,309
gaze,134021657872875338,1258,326
gaze,134021657872950965,1257,349
gaze,134021657873037115,1250,336
gaze,134021657873112275,1257,327
gaze,134021657873199307,1259,331
gaze,134021657873283351,1260,314
gaze,134021657873368212,1251,324
gaze,134021657873451818,1263,315
gaze,134021657873533512,1261,308
gaze,134021657873619064,1259,307
gaze,134021657873699478,1264,312
gaze,134021657873787215,1264,320
gaze,134021657873866557,1255,322
gaze,134021657873953641,1259,321
gaze,134021657874027636,1268,316
gaze,134021657874096582,1259,328
gaze,134021657874164062,1264,308
gaze,134021657874246225,1258,317
gaze,134021657874366868,1264,333
gaze,134021657874450962,1262,316
gaze,134021657874533794,1273,301
gaze,134021657874617326,1264,313
gaze,134021657874702730,1261,317
gaze,134021657874784249,1262,307
gaze,134021657874866816,1260,318
gaze,134021657874951514,1266,328
gaze,134021657875033578,1270,309
gaze,134021657875119662,1269,311
gaze,134021657875195356,1267,321
gaze,134021657875285395,1268,298
gaze,134021657875367299,1269,303
MouseMove,134021657875378945,609,636
gaze,134021657875454168,1260,320
gaze,134021657875532996,1258,318
MouseMove,134021657875538889,609,636
gaze,134021657875622483,1261,295
MouseMove,134021657875699985,609,635
gaze,134021657875699895,1271,306
gaze,134021657875786418,1267,305
gaze,134021657875866393,1261,313
MouseMove,134021657875939180,609,635
gaze,134021657875953056,1273,286
gaze,134021657876035267,1264,314
gaze,134021657876115402,1271,305
gaze,134021657876176524,1263,308
gaze,134021657876247430,1252,336
gaze,134021657876330806,1264,300
gaze,134021657876474445,1258,322
gaze,134021657876534140,1258,306
gaze,134021657876620242,1260,316
gaze,134021657876704572,1269,310
gaze,134021657876786868,1266,315
gaze,134021657876866455,1266,311
gaze,134021657876952718,1267,312
gaze,134021657877033997,1260,337
gaze,134021657877118504,1273,323
gaze,134021657877200163,1255,292
gaze,134021657877276636,1149,381
gaze,134021657877377612,975,365
gaze,134021657877456932,809,464
gaze,134021657877537196,713,527
gaze,134021657877618102,687,515
gaze,134021657877703810,699,547
gaze,134021657877784427,699,541
gaze,134021657877869973,705,536
gaze,134021657877950353,702,535
gaze,134021657878037510,699,531
gaze,134021657878117388,695,545
gaze,134021657878193484,703,526
gaze,134021657878248782,694,540
gaze,134021657878330503,703,525
gaze,134021657878452317,707,520
gaze,134021657878537350,699,520
gaze,134021657878618799,707,538
gaze,134021657878711597,701,517
gaze,134021657878792125,695,515
gaze,134021657878870703,708,517
gaze,134021657878951646,698,513
gaze,134021657879035305,698,527
gaze,134021657879117530,694,528
gaze,134021657879204036,641,550
gaze,134021657879280498,628,566
gaze,134021657879367685,637,556
gaze,134021657879452870,634,574
gaze,134021657879535387,634,558
gaze,134021657879619119,642,566
gaze,134021657879702803,639,569
gaze,134021657879784824,645,575
gaze,134021657879868920,637,574
gaze,134021657879952531,632,575
gaze,134021657880037700,638,566
gaze,134021657880118220,632,565
gaze,134021657880200222,627,570
gaze,134021657880261993,633,583
gaze,134021657880331301,630,569
gaze,134021657880452705,635,577
gaze,134021657880535730,634,582
gaze,134021657880618384,637,564
gaze,134021657880702236,638,570
gaze,134021657880785696,632,569
gaze,134021657880869141,632,568
gaze,134021657880950410,628,568
gaze,134021657881036341,630,559
gaze,134021657881119159,625,555
gaze,134021657881203811,630,564
gaze,134021657881278898,615,574
gaze,134021657881368109,583,549
gaze,134021657881452779,594,516
gaze,134021657881534688,589,509
gaze,134021657881619264,591,505
gaze,134021657881701253,588,517
gaze,134021657881787252,587,499
gaze,134021657881867817,587,504
gaze,134021657881954139,593,516
gaze,134021657882034379,586,509
gaze,134021657882120519,585,498
gaze,134021657882194544,592,508
gaze,134021657882261896,582,509
gaze,134021657882330880,582,510
gaze,134021657882412863,588,507
gaze,134021657882535365,574,494
gaze,134021657882619438,590,508
gaze,134021657882703660,580,491
gaze,134021657882790759,580,505
gaze,134021657882867772,587,516
gaze,134021657882954175,590,520
gaze,134021657883035485,586,516
gaze,134021657883119456,579,495
gaze,134021657883201163,582,510
gaze,134021657883287849,590,508
gaze,134021657883361868,586,502
gaze,134021657883450231,587,508
gaze,134021657883534920,590,510
gaze,134021657883617036,593,510
gaze,134021657883701296,590,516
gaze,134021657883784642,598,515
gaze,134021657883867989,595,523
gaze,134021657883951333,586,509
gaze,134021657884036196,588,511
gaze,134021657884122648,585,516
gaze,134021657884201564,597,519
gaze,134021657884280196,599,524
gaze,134021657884343714,599,523
gaze,134021657884415603,600,534
gaze,134021657884536348,591,417
gaze,134021657884618097,622,636
gaze,134021657885939633,1026,357
gaze,134021657887693936,771,-261
gaze,134021657887772180,1392,-333
gaze,134021657888589554,1133,-174
KeyDown,134021657890665917,79
KeyUp,134021657891539099,79
gaze,134021657891853006,771,1075
gaze,134021657891943283,744,907
gaze,134021657892027093,540,793
gaze,134021657892120457,566,722
gaze,134021657892203396,590,639
gaze,134021657892286956,618,607
KeyDown,134021657892339605,69
gaze,134021657892364502,611,571
gaze,134021657892436121,614,576
gaze,134021657892512433,617,602
gaze,134021657892618983,619,597
gaze,134021657892682034,617,592
gaze,134021657892766957,623,613
gaze,134021657892870843,621,608
gaze,134021657892952908,618,606
gaze,134021657893037383,614,599
gaze,134021657893118508,614,597
gaze,134021657893203265,615,596
gaze,134021657893285123,619,600
KeyUp,134021657893299329,69
gaze,134021657893369861,616,589
gaze,134021657893446704,620,601
gaze,134021657893535658,620,595
gaze,134021657893617525,622,606
gaze,134021657893699389,616,597
gaze,134021657893787563,626,600
gaze,134021657893868097,623,600
gaze,134021657893955951,623,598
gaze,134021657894036995,618,592
gaze,134021657894121256,615,592
gaze,134021657894202886,619,600
gaze,134021657894287360,621,597
gaze,134021657894364357,615,594
gaze,134021657894436631,617,598
gaze,134021657894516764,624,595
gaze,134021657894594792,619,591
gaze,134021657894702928,649,554
gaze,134021657894770693,654,510
gaze,134021657894850229,651,532
gaze,134021657894954900,646,516
gaze,134021657895037291,647,509
gaze,134021657895121424,641,506
gaze,134021657895202826,644,518
gaze,134021657895290829,646,506
gaze,134021657895368912,649,515
gaze,134021657895454243,648,506
gaze,134021657895530167,645,511
gaze,134021657895620362,645,502
gaze,134021657895701880,646,516
gaze,134021657895783130,645,510
gaze,134021657895874193,644,500
gaze,134021657895952863,647,504
gaze,134021657896037722,644,508
gaze,134021657896119004,646,506
gaze,134021657896206076,642,500
KeyDown,134021657896260144,8
gaze,134021657896287223,641,504
gaze,134021657896372148,642,498
gaze,134021657896447445,646,504
gaze,134021657896519439,640,494
gaze,134021657896600169,637,495
gaze,134021657896702762,633,510
gaze,134021657896765707,646,512
gaze,134021657896849858,642,491
gaze,134021657896954263,641,498
KeyUp,134021657896980608,8
gaze,134021657897035491,645,496
gaze,134021657897120492,648,510
gaze,134021657897202345,641,500
gaze,134021657897287291,647,509
KeyDown,134021657897386700,86
gaze,134021657897386641,646,493
gaze,134021657897456027,645,508
gaze,134021657897536407,641,488
gaze,134021657897621795,642,495
gaze,134021657897702677,651,511
KeyDown,134021657897779038,69
gaze,134021657897782685,649,505
gaze,134021657897870284,648,502
gaze,134021657897952273,633,486
gaze,134021657898037580,639,503
gaze,134021657898119179,639,497
KeyUp,134021657898179500,86
gaze,134021657898204781,641,482
gaze,134021657898286952,636,501
gaze,134021657898371707,638,492
KeyUp,134021657898419643,69
gaze,134021657898446854,646,494
gaze,134021657898518679,641,501
gaze,134021657898599806,642,480
gaze,134021657898706073,641,504
gaze,134021657898766915,643,491
gaze,134021657898849727,641,494
gaze,134021657898932389,646,500
gaze,134021657899037320,649,494
gaze,134021657899118957,653,497
gaze,134021657899204587,644,491
gaze,134021657899286221,645,494
gaze,134021657899371232,644,487
KeyDown,134021657899379235,82
gaze,134021657899452909,638,499
gaze,134021657899532204,649,496
gaze,134021657899620309,648,499
gaze,134021657899702243,646,494
gaze,134021657899788207,645,496
gaze,134021657899862783,642,505
gaze,134021657899955152,638,506
gaze,134021657900035875,640,501
gaze,134021657900121592,644,494
gaze,134021657900202774,637,518
KeyUp,134021657900258745,82
gaze,134021657900289058,647,492
gaze,134021657900368261,639,480
gaze,134021657900450449,639,491
gaze,134021657900516876,642,508
gaze,134021657900599705,650,510
gaze,134021657900704605,641,505
gaze,134021657900779967,641,503
gaze,134021657900852367,646,495
gaze,134021657900933270,649,498
gaze,134021657901037598,640,489
gaze,134021657901118850,648,487
gaze,134021657901204468,639,505
gaze,134021657901286088,638,491
gaze,134021657901372800,641,492
gaze,134021657901453214,647,504
gaze,134021657901532947,668,498
gaze,134021657901619236,662,495
gaze,134021657901704535,669,510
gaze,134021657901786339,658,491
gaze,134021657901863663,660,475
gaze,134021657901953486,666,491
gaze,134021657902035649,664,496
gaze,134021657902120493,663,500
gaze,134021657902201140,664,495
gaze,134021657902291345,669,495
gaze,134021657902368630,656,491
gaze,134021657902450573,671,498
gaze,134021657902517431,658,495
gaze,134021657902599626,669,494
KeyDown,134021657902659984,70
gaze,134021657902704262,658,504
gaze,134021657902781960,656,491
gaze,134021657902854495,662,502
gaze,134021657902933610,654,492
gaze,134021657903038022,663,486
gaze,134021657903118156,667,495
gaze,134021657903204702,668,506
gaze,134021657903285451,660,491
gaze,134021657903370619,656,500
KeyDown,134021657903379219,76
gaze,134021657903452994,667,487
gaze,134021657903533473,661,480
KeyUp,134021657903620383,70
gaze,134021657903619851,661,506
gaze,134021657903702867,658,488
gaze,134021657903786414,658,498
gaze,134021657903863578,656,490
gaze,134021657903953918,661,485
gaze,134021657904036738,659,491
gaze,134021657904119367,658,493
gaze,134021657904203213,660,491
KeyUp,134021657904258910,76
gaze,134021657904286371,655,492
gaze,134021657904369678,661,504
gaze,134021657904448374,656,488
gaze,134021657904517294,659,504
gaze,134021657904599492,660,494
gaze,134021657904683930,659,502
gaze,134021657904786568,658,499
gaze,134021657904850513,661,487
gaze,134021657904934021,660,498
gaze,134021657905038061,664,492
gaze,134021657905118898,672,499
gaze,134021657905205248,664,509
KeyDown,134021657905221890,79
gaze,134021657905289757,664,490
gaze,134021657905373116,664,499
gaze,134021657905454921,661,504
gaze,134021657905535071,668,501
gaze,134021657905615360,695,486
gaze,134021657905704406,692,494
gaze,134021657905787558,684,487
KeyUp,134021657905859250,79
gaze,134021657905867284,683,487
gaze,134021657905953763,698,490
gaze,134021657906036164,692,509
gaze,134021657906120241,690,500
gaze,134021657906202402,693,507
gaze,134021657906288072,694,487
gaze,134021657906369785,694,502
gaze,134021657906454861,693,499
gaze,134021657906529994,683,491
gaze,134021657906601738,686,490
gaze,134021657906683731,685,489
gaze,134021657906787954,689,504
gaze,134021657906849537,693,503
gaze,134021657906933360,699,495
gaze,134021657907038198,701,495
gaze,134021657907118850,691,491
gaze,134021657907206095,689,495
gaze,134021657907285981,687,488
gaze,134021657907371787,679,490
gaze,134021657907452539,684,489
gaze,134021657907538010,685,495
gaze,134021657907612500,689,488
gaze,134021657907705801,686,484
gaze,134021657907786468,689,489
gaze,134021657907865860,690,487
gaze,134021657907952515,696,491
gaze,134021657908045938,683,486
gaze,134021657908121699,691,485
gaze,134021657908202430,681,503
gaze,134021657908288676,686,502
gaze,134021657908369318,685,489
gaze,134021657908454955,692,491
gaze,134021657908529899,688,498
gaze,134021657908602308,690,483
gaze,134021657908684951,706,483
gaze,134021657908762210,768,465
gaze,134021657908870625,776,452
gaze,134021657908931088,769,459
gaze,134021657909016623,772,460
gaze,134021657909120195,775,461
gaze,134021657909201855,774,437
gaze,134021657909286641,773,460
gaze,134021657909375876,774,453
gaze,134021657909454750,773,466
gaze,134021657909535486,773,461
gaze,134021657909620589,778,462
gaze,134021657909697115,769,451
gaze,134021657909789209,770,453
KeyDown,134021657909859122,87
gaze,134021657909869097,770,463
gaze,134021657909950602,774,455
gaze,134021657910037378,769,451
gaze,134021657910119126,766,449
gaze,134021657910204111,771,455
gaze,134021657910286245,772,467
gaze,134021657910372289,765,449
gaze,134021657910452513,769,458
gaze,134021657910537416,767,452
gaze,134021657910614469,771,448
gaze,134021657910686100,763,457
gaze,134021657910769484,763,422
gaze,134021657910870692,765,446
gaze,134021657910932273,769,439
KeyUp,134021657910980834,87
gaze,134021657911017129,766,459
gaze,134021657911121413,771,460
gaze,134021657911201839,771,458
gaze,134021657911287203,765,439
gaze,134021657911369646,759,444
gaze,134021657911455005,772,443
gaze,134021657911535864,768,449
gaze,134021657911622154,769,456
gaze,134021657911698198,766,452
gaze,134021657911789028,760,435
gaze,134021657911869906,765,460
gaze,134021657911949421,765,457
gaze,134021657912038755,763,463
gaze,134021657912119019,769,455
gaze,134021657912204077,780,455
gaze,134021657912286375,783,449
gaze,134021657912369938,773,467
gaze,134021657912453980,738,451
gaze,134021657912536903,648,472
gaze,134021657912614882,630,468
gaze,134021657912684612,641,457
gaze,134021657912767180,642,466
gaze,134021657912845348,638,466
gaze,134021657912953181,637,472
gaze,134021657913015153,637,454
gaze,134021657913099830,634,477
gaze,134021657913203190,640,446
gaze,134021657913286129,641,467
gaze,134021657913372379,638,459
gaze,134021657913454020,642,458
gaze,134021657913536027,642,456
gaze,134021657913618937,644,465
gaze,134021657913709551,642,461
gaze,134021657913780659,643,450
gaze,134021657913870458,642,453
gaze,134021657913952455,643,459
gaze,134021657914032000,640,462
gaze,134021657914120431,640,440
gaze,134021657914201761,643,469
gaze,134021657914287742,647,462
gaze,134021657914368890,644,461
gaze,134021657914453859,644,475
gaze,134021657914534953,639,458
gaze,134021657914621008,638,455
gaze,134021657914696390,635,454
gaze,134021657914769817,640,437
gaze,134021657914850319,643,462
gaze,134021657914955011,639,458
gaze,134021657915017424,649,471
gaze,134021657915100604,637,452
gaze,134021657915204901,636,460
gaze,134021657915289573,645,474
gaze,134021657915373258,646,488
gaze,134021657915455143,647,460
gaze,134021657915535364,693,443
gaze,134021657915620729,708,461
gaze,134021657915702441,712,460
gaze,134021657915783527,700,460
gaze,134021657915870773,711,456
gaze,134021657915952495,709,435
gaze,134021657916033086,701,440
gaze,134021657916120471,702,432
gaze,134021657916203235,703,445
gaze,134021657916287926,699,449
gaze,134021657916370377,704,433
gaze,134021657916453730,699,448
gaze,134021657916536423,711,466
gaze,134021657916619177,698,442
gaze,134021657916701296,700,426
gaze,134021657916773142,702,412
gaze,134021657916851220,700,446
gaze,134021657916955191,696,437
gaze,134021657917017084,698,431
gaze,134021657917100578,708,458
gaze,134021657917205718,708,461
gaze,134021657917286907,705,459
gaze,134021657917373002,713,462
gaze,134021657917453333,702,452
gaze,134021657917538882,702,445
gaze,134021657917619339,707,454
gaze,134021657917705421,723,458
gaze,134021657917780869,780,399
gaze,134021657917873045,807,455
gaze,134021657917953752,813,469
gaze,134021657918035322,811,436
gaze,134021657918121106,806,455
gaze,134021657918204417,806,466
gaze,134021657918287824,810,451
gaze,134021657918369951,811,451
gaze,134021657918457406,810,452
gaze,134021657918537154,807,427
gaze,134021657918622265,807,445
gaze,134021657918698989,805,418
gaze,134021657918770443,806,451
gaze,134021657918851785,803,461
gaze,134021657918958406,806,458
gaze,134021657919018122,806,452
gaze,134021657919101943,807,461
gaze,134021657919206573,806,453
gaze,134021657919287581,798,415
gaze,134021657919379139,802,451
gaze,134021657919458148,802,439
gaze,134021657919539790,798,449
gaze,134021657919620433,803,452
gaze,134021657919705835,808,456
gaze,134021657919781825,794,417
gaze,134021657919873503,797,439
gaze,134021657919954031,812,446
gaze,134021657920033913,888,463
gaze,134021657920121336,967,462
gaze,134021657920204595,958,436
gaze,134021657920288337,951,442
gaze,134021657920370725,944,460
gaze,134021657920456491,945,462
gaze,134021657920537195,947,449
gaze,134021657920622556,940,454
gaze,134021657920699028,945,467
gaze,134021657920771078,943,446
gaze,134021657920851736,942,440
gaze,134021657920930057,942,447
gaze,134021657921040083,940,449
gaze,134021657921098930,944,439
MouseMove,134021657921139735,611,635
gaze,134021657921184653,941,442
MouseMove,134021657921219282,617,634
gaze,134021657921289678,944,447
MouseMove,134021657921298774,624,633
gaze,134021657921369872,940,431
MouseMove,134021657921379526,632,631
gaze,134021657921455878,941,458
MouseMove,134021657921459220,633,630
gaze,134021657921537589,942,448
MouseMove,134021657921618933,634,629
gaze,134021657921621981,948,444
MouseMove,134021657921699982,637,629
gaze,134021657921702904,936,453
MouseMove,134021657921779857,638,627
gaze,134021657921792231,944,453
MouseMove,134021657921859638,639,627
gaze,134021657921865055,941,435
MouseMove,134021657921939124,641,626
gaze,134021657921955509,946,458
MouseMove,134021657922018923,643,625
gaze,134021657922037260,949,447
MouseMove,134021657922098833,644,624
gaze,134021657922116563,944,445
MouseMove,134021657922179166,647,623
gaze,134021657922203856,945,453
MouseMove,134021657922259559,647,622
gaze,134021657922286540,924,455
MouseMove,134021657922339581,648,622
gaze,134021657922371199,792,430
gaze,134021657922454522,642,481
gaze,134021657922537071,563,471
gaze,134021657922621178,521,486
MouseMove,134021657922659900,648,622
gaze,134021657922704648,511,473
MouseMove,134021657922739543,644,622
gaze,134021657922782683,528,472
MouseMove,134021657922819275,637,623
gaze,134021657922851926,518,488
MouseMove,134021657922899030,627,626
gaze,134021657922934801,524,485
MouseMove,134021657922980728,618,627
gaze,134021657923012932,532,484
MouseMove,134021657923059242,608,627
gaze,134021657923123438,522,460
MouseMove,134021657923138694,596,627
gaze,134021657923182381,537,492
MouseMove,134021657923218497,585,627
gaze,134021657923267804,535,487
MouseMove,134021657923298972,570,627
gaze,134021657923374652,532,480
MouseMove,134021657923379422,550,621
gaze,134021657923453559,530,476
MouseMove,134021657923465701,523,613
MouseMove,134021657923540110,501,607
gaze,134021657923539934,536,485
MouseMove,134021657923621163,485,602
gaze,134021657923621259,528,463
MouseMove,134021657923699598,475,599
gaze,134021657923706675,537,477
MouseMove,134021657923779045,468,595
gaze,134021657923794033,533,462
MouseMove,134021657923858831,462,591
gaze,134021657923872409,528,478
MouseMove,134021657923939633,460,589
gaze,134021657923948426,436,498
MouseMove,134021657924020189,459,586
gaze,134021657924040013,410,500
MouseMove,134021657924099617,458,579
gaze,134021657924120056,430,501
MouseMove,134021657924180220,458,574
gaze,134021657924200279,424,496
MouseMove,134021657924259113,458,568
gaze,134021657924288443,430,498
MouseMove,134021657924339310,458,565
gaze,134021657924370468,431,498
MouseMove,134021657924419925,457,564
gaze,134021657924456414,436,496
MouseMove,134021657924500082,457,562
gaze,134021657924537294,430,489
MouseMove,134021657924578902,457,561
gaze,134021657924621829,435,506
MouseMove,134021657924664319,457,561
gaze,134021657924707129,429,492
gaze,134021657924789890,427,491
MouseMove,134021657924819832,457,560
gaze,134021657924865065,433,494
MouseMove,134021657924900993,457,558
gaze,134021657924937368,432,487
MouseMove,134021657924984313,457,556
gaze,134021657925025793,432,481
MouseMove,134021657925059360,456,553
gaze,134021657925125371,428,478
MouseMove,134021657925138994,456,550
gaze,134021657925184248,428,501
MouseMove,134021657925220150,455,547
gaze,134021657925268656,426,484
MouseMove,134021657925299644,454,543
gaze,134021657925376872,430,488
MouseMove,134021657925380037,453,538
gaze,134021657925454393,433,490
MouseMove,134021657925458739,452,535
MouseMove,134021657925539546,452,531
gaze,134021657925538787,437,501
MouseMove,134021657925618783,452,528
gaze,134021657925622144,429,482
MouseMove,134021657925698909,452,526
gaze,134021657925706071,431,499
MouseMove,134021657925779883,452,524
gaze,134021657925786553,441,492
MouseMove,134021657925859212,452,522
gaze,134021657925872349,443,501
MouseMove,134021657925939848,452,519
gaze,134021657925948349,434,484
MouseMove,134021657926021317,452,517
gaze,134021657926047727,436,501
MouseMove,134021657926100585,452,517
gaze,134021657926120184,434,496
MouseMove,134021657926179481,452,515
gaze,134021657926200090,433,501
MouseMove,134021657926259740,455,513
gaze,134021657926288949,478,479
MouseMove,134021657926339358,456,511
gaze,134021657926371103,499,476
MouseMove,134021657926420782,458,509
gaze,134021657926456833,497,473
MouseMove,134021657926499455,462,507
gaze,134021657926536194,492,451
MouseMove,134021657926578928,463,506
gaze,134021657926622678,494,467
MouseMove,134021657926658763,464,505
gaze,134021657926703908,487,472
MouseMove,134021657926739377,465,505
gaze,134021657926790214,489,478
MouseMove,134021657926819594,467,505
gaze,134021657926865537,498,481
MouseMove,134021657926899007,468,505
gaze,134021657926936721,493,479
gaze,134021657927023072,489,477
gaze,134021657927098025,487,475
gaze,134021657927208062,497,463
gaze,134021657927268278,486,477
gaze,134021657927352872,491,476
MouseMove,134021657927400602,468,505
gaze,134021657927459210,485,466
MouseMove,134021657927463959,469,505
MouseMove,134021657927539063,471,504
gaze,134021657927554667,485,470
MouseMove,134021657927621842,474,504
gaze,134021657927623200,497,467
MouseMove,134021657927699689,476,504
gaze,134021657927704963,489,468
MouseMove,134021657927780395,480,504
gaze,134021657927790360,485,475
MouseMove,134021657927859554,483,504
gaze,134021657927870451,490,457
MouseMove,134021657927943621,487,504
gaze,134021657927955902,496,461
MouseMove,134021657928020671,489,504
gaze,134021657928032141,491,480
MouseMove,134021657928100549,491,504
gaze,134021657928124370,498,480
MouseMove,134021657928179792,493,504
gaze,134021657928203982,493,495
MouseMove,134021657928259788,496,504
gaze,134021657928285803,477,485
MouseMove,134021657928340709,497,504
gaze,134021657928371334,412,487
MouseMove,134021657928419666,501,503
gaze,134021657928454902,392,491
MouseMove,134021657928498790,501,502
gaze,134021657928538032,411,499
MouseMove,134021657928579558,502,502
gaze,134021657928620346,401,503
MouseMove,134021657928658828,504,501
gaze,134021657928705192,400,495
gaze,134021657928788330,405,500
gaze,134021657928871258,401,489
gaze,134021657928948332,398,484
gaze,134021657929019500,404,491
gaze,134021657929101867,406,488
gaze,134021657929208446,401,497
MouseMove,134021657929219111,504,501
gaze,134021657929268470,401,492
MouseMove,134021657929300171,505,499
gaze,134021657929353309,401,491
MouseMove,134021657929380263,508,498
gaze,134021657929437043,396,474
MouseMove,134021657929465778,508,497
MouseMove,134021657929540131,509,497
gaze,134021657929540581,404,492
MouseMove,134021657929620250,511,496
gaze,134021657929620317,404,489
gaze,134021657929705665,400,486
gaze,134021657929787699,404,496
gaze,134021657929870480,407,488
gaze,134021657929955188,410,480
gaze,134021657930030955,406,488
gaze,134021657930124338,407,499
gaze,134021657930205483,408,483
gaze,134021657930290214,417,491
gaze,134021657930364862,496,474
gaze,134021657930457998,583,468
MouseMove,134021657930499960,511,496
gaze,134021657930538533,541,486
gaze,134021657930623421,538,495
gaze,134021657930704723,542,480
MouseMove,134021657930745351,513,496
gaze,134021657930789759,532,474
MouseMove,134021657930819846,513,496
gaze,134021657930871149,535,476
MouseMove,134021657930899191,514,496
gaze,134021657930951672,540,482
MouseMove,134021657930979221,516,496
gaze,134021657931019221,540,481
MouseMove,134021657931059780,518,496
gaze,134021657931101531,533,481
MouseMove,134021657931138677,519,496
gaze,134021657931185291,536,472
MouseMove,134021657931219502,521,497
gaze,134021657931292140,540,473
MouseMove,134021657931299219,521,497
gaze,134021657931351681,538,472
MouseMove,134021657931380264,523,497
gaze,134021657931436421,535,480
MouseMove,134021657931459415,525,498
gaze,134021657931520474,534,482
MouseMove,134021657931619486,526,498
gaze,134021657931625512,543,488
gaze,134021657931704258,543,477
MouseMove,134021657931779838,526,498
gaze,134021657931790717,547,482
MouseMove,134021657931859261,527,498
gaze,134021657931870783,542,473
MouseMove,134021657931938501,528,498
gaze,134021657931956086,540,484
gaze,134021657932037858,534,476
MouseMove,134021657932098934,529,498
gaze,134021657932117522,537,460
gaze,134021657932204302,544,466
MouseMove,134021657932258917,529,498
gaze,134021657932287372,541,478
gaze,134021657932371548,539,480
gaze,134021657932448701,547,476
gaze,134021657932538889,543,495
gaze,134021657932620775,548,485
gaze,134021657932708381,539,474
gaze,134021657932788311,549,486
gaze,134021657932872038,543,472
gaze,134021657932955058,544,482
gaze,134021657933033926,540,482
gaze,134021657933103376,552,483
gaze,134021657933185299,541,478
gaze,134021657933292322,545,486
gaze,134021657933365386,547,469
gaze,134021657933438946,543,463
gaze,134021657933519227,536,474
LeftMouseDown,134021657933540136
gaze,134021657933601606,542,458
gaze,134021657933707826,530,480
gaze,134021657933788744,538,467
gaze,134021657933872734,537,468
gaze,134021657933954303,538,469
gaze,134021657934039211,533,475
gaze,134021657934115630,539,475
gaze,134021657934207460,544,479
gaze,134021657934287186,546,483
gaze,134021657934372857,537,473
gaze,134021657934455137,544,473
MouseMove,134021657934498882,530,498
LeftMouseUp,134021657934501100
gaze,134021657934534884,547,488
MouseMove,134021657934579079,531,498
gaze,134021657934622846,546,477
MouseMove,134021657934658965,533,498
gaze,134021657934704841,536,485
MouseMove,134021657934739139,535,498
gaze,134021657934790438,539,486
MouseMove,134021657934819722,537,498
gaze,134021657934871895,538,482
MouseMove,134021657934899926,537,498
gaze,134021657934957418,544,490
MouseMove,134021657934980508,538,498
gaze,134021657935033187,546,485
MouseMove,134021657935059723,539,498
gaze,134021657935104584,537,460
MouseMove,134021657935138839,540,498
gaze,134021657935186719,544,483
gaze,134021657935291702,543,494
gaze,134021657935374038,540,478
gaze,134021657935452505,545,475
gaze,134021657935520307,548,470
gaze,134021657935601804,544,480
gaze,134021657935687076,538,490
gaze,134021657935791001,542,489
gaze,134021657935871098,548,493
gaze,134021657935957071,546,487
gaze,134021657936038107,540,488
gaze,134021657936117631,547,492
gaze,134021657936205316,549,486
gaze,134021657936287656,541,481
gaze,134021657936370974,547,464
gaze,134021657936454327,547,478
gaze,134021657936537506,544,474
gaze,134021657936614836,547,476
gaze,134021657936706214,550,485
gaze,134021657936788210,539,482
gaze,134021657936873523,540,475
gaze,134021657936955013,538,471
gaze,134021657937035504,534,471
gaze,134021657937110187,538,487
gaze,134021657937185373,534,475
gaze,134021657937269398,528,456
gaze,134021657937374880,538,469
gaze,134021657937454521,537,473
gaze,134021657937536427,538,465
MouseMove,134021657937540797,540,498
gaze,134021657937601180,539,465
gaze,134021657937686204,548,466
gaze,134021657937790843,541,459
gaze,134021657937871769,545,475
gaze,134021657937956160,536,481
gaze,134021657938040311,550,477
LeftMouseDown,134021657938100317
gaze,134021657938123678,544,467
gaze,134021657938199264,547,470
gaze,134021657938291742,546,464
gaze,134021657938371705,549,495
gaze,134021657938463549,546,473
gaze,134021657938537663,537,484
gaze,134021657938617304,551,479
gaze,134021657938704804,540,465
gaze,134021657938787563,540,465
LeftMouseUp,134021657938821003
gaze,134021657938870353,542,473
gaze,134021657938955113,543,472
gaze,134021657939038195,537,470
gaze,134021657939115300,545,491
gaze,134021657939186886,541,470
gaze,134021657939269551,543,481
gaze,134021657939379919,543,465
gaze,134021657939457630,542,482
MouseMove,134021657939460134,541,497
gaze,134021657939538200,539,466
MouseMove,134021657939540733,542,497
gaze,134021657939602047,548,478
MouseMove,134021657939619614,544,496
gaze,134021657939692695,540,469
MouseMove,134021657939700099,545,496
MouseMove,134021657939778777,546,496
gaze,134021657939791360,549,468
MouseMove,134021657939858814,549,496
gaze,134021657939870549,539,469
MouseMove,134021657939938514,550,496
gaze,134021657939956020,548,490
MouseMove,134021657940019129,552,497
gaze,134021657940038076,546,485
gaze,134021657940128316,545,483
MouseMove,134021657940179805,553,498
gaze,134021657940199107,548,490
MouseMove,134021657940259949,553,498
gaze,134021657940291303,544,477
MouseMove,134021657940339947,554,499
gaze,134021657940373267,556,486
MouseMove,134021657940420203,557,502
gaze,134021657940457126,545,406
MouseMove,134021657940498996,560,504
gaze,134021657940528143,618,860
MouseMove,134021657940578923,566,507
MouseMove,134021657940659290,568,508
gaze,134021657942112371,1167,-504
gaze,134021657942191712,991,-447
gaze,134021657942530410,1192,-391
gaze,134021657942613416,1308,-413
gaze,134021657942692297,1292,-342
KeyDown,134021657943700317,162
gaze,134021657944862101,358,1186
gaze,134021657945034781,626,820
KeyDown,134021657945060112,8
gaze,134021657945113088,506,511
gaze,134021657945201600,514,498
gaze,134021657945273457,507,478
gaze,134021657945355704,520,503
gaze,134021657945456958,514,480
gaze,134021657945538887,515,467
KeyUp,134021657945620680,8
gaze,134021657945626700,514,479
gaze,134021657945699072,514,474
gaze,134021657945771692,518,484
gaze,134021657945852509,518,478
gaze,134021657945957987,512,483
gaze,134021657946045620,520,472
gaze,134021657946124591,513,469
gaze,134021657946205869,513,470
gaze,134021657946286384,518,479
gaze,134021657946373450,508,474
gaze,134021657946454633,510,474
gaze,134021657946540399,512,472
gaze,134021657946623186,512,473
gaze,134021657946707997,513,464
gaze,134021657946783754,519,484
gaze,134021657946875684,519,473
KeyDown,134021657946900025,8
gaze,134021657946955964,515,473
gaze,134021657947040887,517,473
gaze,134021657947121901,519,474
KeyUp,134021657947139719,8
gaze,134021657947203232,511,484
gaze,134021657947269839,507,473
gaze,134021657947353363,513,494
gaze,134021657947458882,507,489
gaze,134021657947538252,507,475
gaze,134021657947622519,508,479
gaze,134021657947699413,509,475
gaze,134021657947773344,515,484
gaze,134021657947853123,501,480
gaze,134021657947957228,503,483
gaze,134021657948038806,504,473
gaze,134021657948123157,506,486
KeyDown,134021657948180166,8
gaze,134021657948206778,512,481
gaze,134021657948285081,505,475
gaze,134021657948373539,508,484
gaze,134021657948458512,508,479
gaze,134021657948540639,512,490
gaze,134021657948620976,509,473
gaze,134021657948706805,505,472
KeyUp,134021657948739307,8
gaze,134021657948784820,519,491
gaze,134021657948873363,511,476
gaze,134021657948955446,505,470
gaze,134021657949040731,506,471
gaze,134021657949121649,500,464
gaze,134021657949203578,513,474
gaze,134021657949270265,515,489
gaze,134021657949353642,510,480
gaze,134021657949458971,519,489
gaze,134021657949538561,513,484
gaze,134021657949623536,499,455
gaze,134021657949699854,512,485
gaze,134021657949772265,513,471
gaze,134021657949852522,504,464
gaze,134021657949957756,510,483
KeyDown,134021657950020850,8
gaze,134021657950040186,510,479
gaze,134021657950124499,506,464
gaze,134021657950206414,503,477
gaze,134021657950286960,509,481
gaze,134021657950373049,509,468
gaze,134021657950456436,511,483
gaze,134021657950537868,514,471
gaze,134021657950623442,509,475
gaze,134021657950705011,452,496
gaze,134021657950786623,335,496
KeyUp,134021657950818947,8
gaze,134021657950872121,353,489
gaze,134021657950958930,357,477
gaze,134021657951038463,351,462
gaze,134021657951120905,367,483
gaze,134021657951199015,370,467
gaze,134021657951269130,366,473
gaze,134021657951353465,369,464
gaze,134021657951435366,372,465
gaze,134021657951540603,365,466
gaze,134021657951621259,376,484
gaze,134021657951702455,369,477
gaze,134021657951772511,375,471
gaze,134021657951852968,364,470
gaze,134021657951957932,368,465
gaze,134021657952038091,371,463
gaze,134021657952123514,369,462
gaze,134021657952204165,369,454
gaze,134021657952290433,379,465
gaze,134021657952365410,372,474
gaze,134021657952457212,369,476
gaze,134021657952537890,367,466
gaze,134021657952624003,370,497
gaze,134021657952705232,361,459
gaze,134021657952784718,375,479
gaze,134021657952872254,365,480
gaze,134021657952953737,360,481
gaze,134021657953040266,361,474
gaze,134021657953121338,371,476
gaze,134021657953206817,380,465
gaze,134021657953283702,381,482
gaze,134021657953356025,374,471
gaze,134021657953440660,368,465
gaze,134021657953519423,369,474
KeyUp,134021657953619649,162
gaze,134021657953625589,376,478
gaze,134021657953701537,374,468
gaze,134021657953771619,373,466
gaze,134021657953853188,374,463
gaze,134021657953936262,375,465
gaze,134021657954046983,367,484
gaze,134021657954120980,368,472
gaze,134021657954206913,364,475
gaze,134021657954287962,353,464
gaze,134021657954373711,365,465
gaze,134021657954451339,356,471
gaze,134021657954540547,361,474
gaze,134021657954622192,354,476
gaze,134021657954707138,384,468
gaze,134021657954789397,501,503
gaze,134021657954869333,653,465
gaze,134021657954951880,765,427
gaze,134021657955040067,826,440
gaze,134021657955121572,867,419
gaze,134021657955207892,858,428
gaze,134021657955288354,851,450
gaze,134021657955372402,854,419
gaze,134021657955435589,856,419
gaze,134021657955519912,841,406
gaze,134021657955625043,846,423
gaze,134021657955704842,850,390
gaze,134021657955786153,848,428
gaze,134021657955853261,915,384
gaze,134021657955936850,1058,383
gaze,134021657956020191,1061,440
gaze,134021657956127404,949,468
gaze,134021657956205683,945,436
gaze,134021657956290280,948,434
gaze,134021657956372162,942,447
gaze,134021657956452727,954,427
gaze,134021657956539307,951,442
gaze,134021657956621947,958,446
gaze,134021657956715652,952,451
gaze,134021657956787913,948,440
gaze,134021657956874745,956,391
gaze,134021657956950499,951,442
gaze,134021657957041705,953,400
gaze,134021657957121763,950,442
gaze,134021657957207802,955,442
gaze,134021657957288177,962,450
gaze,134021657957369397,953,452
gaze,134021657957435843,950,410
gaze,134021657957519445,955,418
gaze,134021657957602394,948,435
gaze,134021657957710985,960,431
gaze,134021657957787883,960,416
gaze,134021657957870273,899,429
gaze,134021657957936432,905,441
gaze,134021657958021213,911,447
gaze,134021657958106288,905,423
gaze,134021657958207577,905,434
gaze,134021657958287858,911,428
gaze,134021657958374857,910,440
gaze,134021657958456026,913,437
gaze,134021657958535852,910,452
gaze,134021657958621970,911,402
gaze,134021657958706071,905,449
gaze,134021657958789033,909,415
gaze,134021657958871915,910,424
gaze,134021657958954666,912,439
gaze,134021657959034604,904,445
gaze,134021657959123300,907,446
gaze,134021657959204752,911,437
gaze,134021657959290008,911,424
gaze,134021657959380989,910,445
gaze,134021657959455518,900,414
gaze,134021657959521702,910,408
gaze,134021657959602147,907,421
gaze,134021657959707742,907,426
gaze,134021657959788268,905,427
gaze,134021657959873792,910,432
gaze,134021657959949482,908,431
gaze,134021657960021728,912,451
gaze,134021657960106567,907,447
gaze,134021657960186427,904,443
gaze,134021657960291902,906,448
gaze,134021657960372510,907,448
gaze,134021657960458626,916,429
gaze,134021657960532086,908,399
KeyDown,134021657960579965,160
gaze,134021657960624268,912,435
gaze,134021657960705670,906,434
gaze,134021657960790947,917,435
gaze,134021657960870520,915,434
gaze,134021657960956741,914,419
gaze,134021657961039643,914,421
gaze,134021657961120162,906,415
gaze,134021657961206473,899,445
gaze,134021657961289439,880,436
gaze,134021657961372364,883,417
gaze,134021657961449166,873,429
gaze,134021657961519222,873,435
gaze,134021657961602277,880,422
gaze,134021657961686402,884,428
gaze,134021657961793729,881,438
gaze,134021657961871396,889,439
gaze,134021657961957602,883,450
gaze,134021657962038871,888,395
gaze,134021657962108107,890,393
gaze,134021657962185779,888,442
gaze,134021657962291893,895,437
gaze,134021657962372299,884,438
gaze,134021657962458507,892,438
gaze,134021657962538173,890,442
gaze,134021657962619575,884,441
gaze,134021657962706829,887,423
gaze,134021657962788353,883,425
gaze,134021657962874211,883,414
gaze,134021657962954787,887,424
gaze,134021657963040639,925,433
gaze,134021657963115848,1043,416
gaze,134021657963208580,1072,439
gaze,134021657963288809,1048,406
gaze,134021657963377373,1035,395
KeyUp,134021657963380264,160
gaze,134021657963458149,1030,404
gaze,134021657963536704,1035,411
gaze,134021657963603254,1033,417
gaze,134021657963692387,1033,417
gaze,134021657963792025,1027,427
gaze,134021657963875422,1028,409
gaze,134021657963957870,1027,416
gaze,134021657964032012,1035,418
gaze,134021657964104142,1034,399
gaze,134021657964186690,1033,425
gaze,134021657964269306,1036,401
gaze,134021657964373926,1034,389
gaze,134021657964455198,1028,411
gaze,134021657964539731,1028,382
gaze,134021657964616392,1032,433
gaze,134021657964712302,1032,433
gaze,134021657964788690,1035,447
gaze,134021657964874253,1031,427
gaze,134021657964955968,1034,436
gaze,134021657965040508,1040,430
gaze,134021657965120877,1024,431
gaze,134021657965202998,1037,405
gaze,134021657965289887,1028,418
gaze,134021657965375403,1029,428
gaze,134021657965456806,1028,423
gaze,134021657965535300,1032,447
gaze,134021657965602800,1030,428
gaze,134021657965688429,990,457
gaze,134021657965792522,827,472
gaze,134021657965872673,616,457
gaze,134021657965958793,451,478
gaze,134021657966039795,376,497
gaze,134021657966120438,390,499
gaze,134021657966186789,397,489
gaze,134021657966270123,407,493
gaze,134021657966376273,405,481
gaze,134021657966455688,401,485
gaze,134021657966541084,403,473
gaze,134021657966616366,405,493
gaze,134021657966708666,404,475
gaze,134021657966788645,406,471
gaze,134021657966874252,406,472
gaze,134021657966956254,411,478
gaze,134021657967041343,410,490
gaze,134021657967122982,407,472
gaze,134021657967202219,410,486
gaze,134021657967290475,398,477
gaze,134021657967374999,415,489
gaze,134021657967457362,409,479
gaze,134021657967537221,414,476
gaze,134021657967604965,410,478
gaze,134021657967692699,414,488
gaze,134021657967770385,416,472
KeyDown,134021657967780337,160
gaze,134021657967874364,414,484
gaze,134021657967956353,410,476
gaze,134021657968041273,415,477
gaze,134021657968117980,411,485
gaze,134021657968186440,414,477
gaze,134021657968269875,409,475
gaze,134021657968374632,412,471
gaze,134021657968456471,410,478
gaze,134021657968540730,404,456
KeyDown,134021657968580126,84
gaze,134021657968621712,407,469
gaze,134021657968704323,409,469
gaze,134021657968789866,423,488
gaze,134021657968873169,400,452
gaze,134021657968956607,407,465
gaze,134021657969039923,413,469
gaze,134021657969122806,411,481
KeyUp,134021657969140334,160
gaze,134021657969200840,415,479
gaze,134021657969290688,410,464
gaze,134021657969371963,405,471
gaze,134021657969457836,412,479
KeyUp,134021657969459713,84
gaze,134021657969538655,410,462
gaze,134021657969619294,414,480
gaze,134021657969687644,404,467
gaze,134021657969771025,408,475
gaze,134021657969875040,417,496
gaze,134021657969956666,409,486
gaze,134021657970042760,408,486
gaze,134021657970118647,417,497
gaze,134021657970190471,416,486
gaze,134021657970270999,420,485
gaze,134021657970375081,411,479
gaze,134021657970455706,411,484
gaze,134021657970540846,404,484
gaze,134021657970621775,414,494
gaze,134021657970703151,408,473
gaze,134021657970788907,423,490
gaze,134021657970872214,415,486
gaze,134021657970955231,410,480
gaze,134021657971038621,409,480
gaze,134021657971121943,412,484
gaze,134021657971200944,410,474
gaze,134021657971290744,409,481
gaze,134021657971372926,411,485
gaze,134021657971460249,412,487
gaze,134021657971539299,403,473
gaze,134021657971618380,407,484
gaze,134021657971687096,414,486
gaze,134021657971770575,416,492
gaze,134021657971875502,408,486
gaze,134021657971955352,404,481
gaze,134021657972041770,412,497
gaze,134021657972116850,402,482
gaze,134021657972189082,400,486
gaze,134021657972271023,404,492
gaze,134021657972374930,400,486
gaze,134021657972455630,406,488
gaze,134021657972541505,418,489
gaze,134021657972622237,407,486
gaze,134021657972708040,407,489
gaze,134021657972792806,409,495
KeyDown,134021657972819403,162
gaze,134021657972872135,415,500
gaze,134021657972955334,412,494
gaze,134021657973039788,415,500
gaze,134021657973122256,410,501
gaze,134021657973200807,409,488
gaze,134021657973290300,405,490
KeyDown,134021657973300288,39
gaze,134021657973372832,417,492
gaze,134021657973458344,409,495
gaze,134021657973539521,402,491
gaze,134021657973620158,411,498
gaze,134021657973688117,407,490
gaze,134021657973770790,408,491
gaze,134021657973854613,410,493
KeyUp,134021657973859299,39
gaze,134021657973957482,412,492
gaze,134021657974039488,409,490
gaze,134021657974120882,405,494
gaze,134021657974187960,409,495
gaze,134021657974271135,414,499
gaze,134021657974354849,405,487
gaze,134021657974459465,410,495
gaze,134021657974539120,411,493
gaze,134021657974625911,414,494
gaze,134021657974705691,407,494
gaze,134021657974786091,422,489
gaze,134021657974874914,414,497
KeyDown,134021657974899927,39
gaze,134021657974956373,410,484
gaze,134021657975041563,410,492
gaze,134021657975123458,413,487
gaze,134021657975206534,414,485
gaze,134021657975285129,403,488
gaze,134021657975376854,425,480
gaze,134021657975455599,454,493
gaze,134021657975541586,446,487
KeyUp,134021657975619864,39
gaze,134021657975621929,456,485
gaze,134021657975704604,454,489
gaze,134021657975771121,453,468
gaze,134021657975853846,445,483
gaze,134021657975958810,445,482
gaze,134021657976039318,450,480
gaze,134021657976124587,446,466
gaze,134021657976200694,448,480
gaze,134021657976273256,444,475
gaze,134021657976354745,441,455
gaze,134021657976459091,454,477
gaze,134021657976540122,445,476
gaze,134021657976625063,445,471
gaze,134021657976714106,457,487
gaze,134021657976788008,451,493
gaze,134021657976874771,450,484
gaze,134021657976956695,451,483
gaze,134021657977041949,446,490
gaze,134021657977122518,455,500
gaze,134021657977208800,452,483
gaze,134021657977284225,454,485
gaze,134021657977375119,491,502
gaze,134021657977456725,554,460
gaze,134021657977541500,562,479
gaze,134021657977623211,552,454
gaze,134021657977703950,564,478
gaze,134021657977770656,564,462
gaze,134021657977853365,561,463
gaze,134021657977959020,558,463
gaze,134021657978039170,565,464
gaze,134021657978124202,559,466
gaze,134021657978200211,567,475
gaze,134021657978272168,561,450
gaze,134021657978354736,555,464
gaze,134021657978458989,557,470
gaze,134021657978538767,557,480
gaze,134021657978624331,551,464
gaze,134021657978708294,553,470
gaze,134021657978787572,558,483
KeyDown,134021657978820672,8
gaze,134021657978872940,554,465
gaze,134021657978961648,558,485
gaze,134021657979039739,548,466
gaze,134021657979126494,558,481
gaze,134021657979205884,558,485
gaze,134021657979290496,553,463
gaze,134021657979374346,557,479
KeyUp,134021657979379867,8
gaze,134021657979458192,552,468
gaze,134021657979539530,555,466
gaze,134021657979624947,556,488
gaze,134021657979702437,555,480
gaze,134021657979773664,562,485
gaze,134021657979854302,550,463
gaze,134021657979937281,549,474
gaze,134021657980042712,553,475
gaze,134021657980124033,556,486
gaze,134021657980204020,552,480
gaze,134021657980271391,550,454
gaze,134021657980354210,559,479
gaze,134021657980439821,559,468
gaze,134021657980541863,555,464
gaze,134021657980622108,563,498
gaze,134021657980708649,552,463
gaze,134021657980792784,550,467
gaze,134021657980870387,552,447
gaze,134021657980957783,551,451
gaze,134021657981040173,550,473
gaze,134021657981123887,554,486
gaze,134021657981207076,552,466
gaze,134021657981290050,558,485
gaze,134021657981367767,554,461
gaze,134021657981458549,496,477
gaze,134021657981544239,390,501
gaze,134021657981624646,381,496
gaze,134021657981707438,380,507
gaze,134021657981786713,390,502
gaze,134021657981854967,380,503
KeyUp,134021657981859648,162
gaze,134021657981937321,382,506
gaze,134021657982044186,388,499
gaze,134021657982122206,392,494
gaze,134021657982208853,394,495
gaze,134021657982285267,393,501
gaze,134021657982382372,389,496
gaze,134021657982440650,384,493
gaze,134021657982542687,394,486
gaze,134021657982624706,391,496
gaze,134021657982709472,387,493
gaze,134021657982789204,386,492
gaze,134021657982870312,387,506
gaze,134021657982956365,397,506
gaze,134021657983039673,385,497
gaze,134021657983122486,390,505
gaze,134021657983205994,385,488
gaze,134021657983290607,388,487
gaze,134021657983368607,384,489
gaze,134021657983457802,388,499
gaze,134021657983539774,385,495
gaze,134021657983624140,394,496
gaze,134021657983706670,394,518
gaze,134021657983785070,393,508
gaze,134021657983854288,390,494
gaze,134021657983937500,394,498
gaze,134021657984042159,396,503
gaze,134021657984121957,391,507
gaze,134021657984208961,390,502
gaze,134021657984284016,387,487
gaze,134021657984356550,396,508
gaze,134021657984438139,387,491
gaze,134021657984520357,388,492
KeyDown,134021657984580109,8
gaze,134021657984625106,389,499
gaze,134021657984710718,397,505
gaze,134021657984792073,399,500
gaze,134021657984867481,393,495
gaze,134021657984958798,391,502
gaze,134021657985039392,391,502
gaze,134021657985124817,393,494
KeyUp,134021657985139887,8
gaze,134021657985206203,399,500
gaze,134021657985291491,395,494
gaze,134021657985375053,382,496
gaze,134021657985453373,393,508
gaze,134021657985540352,391,505
gaze,134021657985622307,379,494
gaze,134021657985708971,391,495
gaze,134021657985784534,386,495
gaze,134021657985856668,391,490
gaze,134021657985938115,393,506
gaze,134021657986021371,390,505
gaze,134021657986126826,388,513
gaze,134021657986206103,382,505
gaze,134021657986291598,385,504
gaze,134021657986368715,385,495
gaze,134021657986442110,396,507
gaze,134021657986520551,392,486
gaze,134021657986603297,393,508
gaze,134021657986709203,385,499
gaze,134021657986789921,385,498
gaze,134021657986875941,395,501
gaze,134021657986951719,393,504
gaze,134021657987041854,382,508
gaze,134021657987123480,385,499
gaze,134021657987207426,395,502
gaze,134021657987288893,387,507
gaze,134021657987378971,391,499
gaze,134021657987456149,393,501
gaze,134021657987536020,397,507
gaze,134021657987622766,391,504
gaze,134021657987707309,396,513
gaze,134021657987790371,393,500
gaze,134021657987870082,387,518
gaze,134021657987937751,389,511
gaze,134021657988026651,384,495
gaze,134021657988126151,390,507
gaze,134021657988206045,374,498
gaze,134021657988292318,382,505
gaze,134021657988372985,384,498
gaze,134021657988454500,392,502
gaze,134021657988520561,389,504
gaze,134021657988603338,381,489
gaze,134021657988710348,388,498
gaze,134021657988790549,391,503
gaze,134021657988875971,391,504
KeyDown,134021657988899386,32
gaze,134021657988952071,417,499
gaze,134021657989044394,449,513
gaze,134021657989124290,437,513
gaze,134021657989209858,441,503
gaze,134021657989294224,448,517
gaze,134021657989376662,432,498
gaze,134021657989456587,433,509
gaze,134021657989538048,441,531
gaze,134021657989623643,439,513
gaze,134021657989707381,434,502
gaze,134021657989790525,442,516
gaze,134021657989869062,431,517
gaze,134021657989937541,427,504
KeyUp,134021657989940115,32
gaze,134021657990021328,430,511
gaze,134021657990109185,431,504
gaze,134021657990209749,438,517
gaze,134021657990289904,428,506
gaze,134021657990376345,444,517
gaze,134021657990452737,431,505
gaze,134021657990521920,427,504
gaze,134021657990603627,426,497
gaze,134021657990708419,436,500
gaze,134021657990789368,434,507
gaze,134021657990875712,436,517
gaze,134021657990957136,429,513
gaze,134021657991036924,429,509
gaze,134021657991123996,437,506
gaze,134021657991206405,456,515
gaze,134021657991291404,474,501
gaze,134021657991376205,481,515
gaze,134021657991457889,469,516
KeyDown,134021657991459656,40
gaze,134021657991534308,476,511
gaze,134021657991626007,477,497
gaze,134021657991706978,479,509
gaze,134021657991792532,469,496
gaze,134021657991872815,477,512
gaze,134021657991954925,478,516
gaze,134021657992021991,489,511
gaze,134021657992104836,472,504
KeyUp,134021657992180432,40
gaze,134021657992209527,470,498
gaze,134021657992291705,472,500
gaze,134021657992375254,470,503
gaze,134021657992451986,478,499
gaze,134021657992523238,471,512
gaze,134021657992604815,467,504
gaze,134021657992687837,467,506
gaze,134021657992792861,476,506
gaze,134021657992872868,462,503
gaze,134021657992959267,402,527
gaze,134021657993035662,381,523
gaze,134021657993126296,382,516
gaze,134021657993206359,389,526
gaze,134021657993293628,380,518
gaze,134021657993374417,390,530
gaze,134021657993459159,381,510
gaze,134021657993543900,390,509
gaze,134021657993620317,390,521
gaze,134021657993707526,372,506
gaze,134021657993790771,398,516
gaze,134021657993873897,382,516
gaze,134021657993950982,385,530
gaze,134021657994021978,388,510
gaze,134021657994104873,385,518
gaze,134021657994188415,389,521
gaze,134021657994292025,383,506
KeyDown,134021657994339433,162
gaze,134021657994373519,395,523
gaze,134021657994459117,395,516
gaze,134021657994535074,474,520
gaze,134021657994607490,659,493
gaze,134021657994688847,816,456
gaze,134021657994791727,921,459
KeyDown,134021657994819509,39
gaze,134021657994873564,933,446
gaze,134021657994959530,921,433
gaze,134021657995039875,929,439
gaze,134021657995119437,923,451
gaze,134021657995207581,922,453
gaze,134021657995290890,920,447
gaze,134021657995378367,916,461
gaze,134021657995458484,928,457
gaze,134021657995540115,918,432
gaze,134021657995619298,923,478
gaze,134021657995707627,920,417
gaze,134021657995789551,921,460
KeyUp,134021657995859913,39
gaze,134021657995875318,918,449
gaze,134021657995956024,917,448
KeyUp,134021657996020110,162
gaze,134021657996036500,919,459
gaze,134021657996103410,914,426
gaze,134021657996187589,922,468
gaze,134021657996271176,918,456
gaze,134021657996375981,914,475
gaze,134021657996455908,919,465
gaze,134021657996536564,920,464
gaze,134021657996603884,914,462
gaze,134021657996689133,916,451
gaze,134021657996772131,917,416
gaze,134021657996874029,915,467
gaze,134021657996956545,918,449
gaze,134021657997042831,914,449
gaze,134021657997123166,914,455
gaze,134021657997204156,914,470
gaze,134021657997291357,916,469
gaze,134021657997373808,911,461
gaze,134021657997458529,919,454
gaze,134021657997539732,907,429
gaze,134021657997623523,920,470
gaze,134021657997700972,925,471
gaze,134021657997791128,967,447
gaze,134021657997872808,978,466
gaze,134021657997958476,973,464
gaze,134021657998040023,978,465
gaze,134021657998119118,967,466
gaze,134021657998187446,974,457
gaze,134021657998270572,976,428
gaze,134021657998354079,974,457
gaze,134021657998457370,981,468
gaze,134021657998538540,971,449
gaze,134021657998619463,974,472
gaze,134021657998688084,978,481
gaze,134021657998771926,974,477
gaze,134021657998853471,976,452
gaze,134021657998957657,973,494
gaze,134021657999039246,970,458
gaze,134021657999123777,978,466
gaze,134021657999205457,968,460
gaze,134021657999286302,965,486
gaze,134021657999374012,969,485
gaze,134021657999456886,968,485
gaze,134021657999538763,969,466
gaze,134021657999613258,965,551
gaze,134021658000844025,444,669
gaze,134021658000957942,414,517
gaze,134021658001039692,420,450
gaze,134021658001124387,402,448
gaze,134021658001206699,407,446
gaze,134021658001289469,417,481
gaze,134021658001367014,414,499
gaze,134021658001457128,425,514
gaze,134021658001539464,415,481
gaze,134021658001621265,429,505
gaze,134021658001706649,420,511
gaze,134021658001784689,416,491
gaze,134021658001873340,422,519
gaze,134021658001956296,424,502
gaze,134021658002041659,420,509
gaze,134021658002123055,423,502
gaze,134021658002206530,426,508
gaze,134021658002284591,421,511
gaze,134021658002355037,423,495
gaze,134021658002437495,425,499
gaze,134021658002541116,426,492
gaze,134021658002622235,422,491
gaze,134021658002709060,402,495
gaze,134021658002771816,335,524
gaze,134021658002858199,372,523
gaze,134021658002958003,373,522
gaze,134021658003039562,382,529
gaze,134021658003127173,369,514
gaze,134021658003207373,372,527
gaze,134021658003293035,365,510
gaze,134021658003368517,377,514
gaze,134021658003460489,367,512
gaze,134021658003540412,374,532
gaze,134021658003624874,369,517
gaze,134021658003710701,376,515
gaze,134021658003784464,372,518
gaze,134021658003874658,373,524
gaze,134021658003956221,370,518
gaze,134021658004042244,372,515
gaze,134021658004123198,373,493
gaze,134021658004209607,371,516
gaze,134021658004284358,370,519
gaze,134021658004356830,362,515
gaze,134021658004438213,371,523
gaze,134021658004542020,368,521
gaze,134021658004623247,370,518
gaze,134021658004705732,362,495
gaze,134021658004772318,360,518
gaze,134021658004855026,374,517
gaze,134021658004938008,373,505
gaze,134021658005042264,462,518
gaze,134021658005123493,486,506
gaze,134021658005209767,479,514
gaze,134021658005290959,477,501
gaze,134021658005386950,472,508
gaze,134021658005460984,470,501
gaze,134021658005550863,471,511
gaze,134021658005625430,472,497
gaze,134021658005715097,463,514
gaze,134021658005792154,466,492
gaze,134021658005870009,474,502
gaze,134021658005958525,474,494
gaze,134021658006039505,464,505
gaze,134021658006125520,454,503
gaze,134021658006205893,466,500
gaze,134021658006288296,466,513
gaze,134021658006355451,459,494
gaze,134021658006438170,471,500
gaze,134021658006520905,468,515
gaze,134021658006624996,476,524
gaze,134021658006712914,464,512
gaze,134021658006791142,467,495
gaze,134021658006854186,462,513
gaze,134021658006937936,468,530
gaze,134021658007021386,462,506
gaze,134021658007124460,467,505
gaze,134021658007206076,460,497
gaze,134021658007292194,459,506
gaze,134021658007372746,463,503
gaze,134021658007454596,462,513
gaze,134021658007539944,458,488
gaze,134021658007623132,451,486
gaze,134021658007706299,464,501
gaze,134021658007789511,459,500
gaze,134021658007873633,470,503
gaze,134021658007951177,462,495
gaze,134021658008045479,460,486
gaze,134021658008122891,463,499
gaze,134021658008208454,461,498
gaze,134021658008289176,464,496
gaze,134021658008369960,448,502
gaze,134021658008437848,386,503
gaze,134021658008520653,383,508
gaze,134021658008604671,401,497
gaze,134021658008708038,393,494
gaze,134021658008789113,399,493
gaze,134021658008869017,397,494
gaze,134021658008938412,393,491
gaze,134021658009021070,395,498
gaze,134021658009103321,404,494
gaze,134021658009207388,397,491
gaze,134021658009288801,404,499
gaze,134021658009374750,404,494
gaze,134021658009457635,404,491
gaze,134021658009535618,395,492
gaze,134021658009622631,399,498
gaze,134021658009705404,404,510
gaze,134021658009789261,411,514
gaze,134021658009873029,400,503
gaze,134021658009959364,404,497
gaze,134021658010033684,405,503
gaze,134021658010123392,401,507
gaze,134021658010205904,403,505
gaze,134021658010289760,394,508
gaze,134021658010373643,393,477
gaze,134021658010440295,415,737
gaze,134021658011781712,617,986
gaze,134021658011865531,552,792
gaze,134021658011947379,496,563
gaze,134021658012043962,523,554
gaze,134021658012118010,524,462
gaze,134021658012208638,513,496
KeyDown,134021658012260056,162
gaze,134021658012291581,522,495
gaze,134021658012374264,528,513
gaze,134021658012452290,521,519
gaze,134021658012520435,519,518
gaze,134021658012603445,524,527
gaze,134021658012687670,523,513
gaze,134021658012791609,516,524
gaze,134021658012872351,525,533
gaze,134021658012957631,519,527
gaze,134021658013034133,517,522
gaze,134021658013105784,510,519
gaze,134021658013187505,511,542
gaze,134021658013292249,516,518
KeyDown,134021658013379535,40
gaze,134021658013381741,512,516
gaze,134021658013496608,511,508
gaze,134021658013539946,493,517
gaze,134021658013620003,482,498
gaze,134021658013708100,499,507
gaze,134021658013789776,488,504
gaze,134021658013875682,482,493
gaze,134021658013956182,498,519
gaze,134021658014040830,496,494
gaze,134021658014117866,493,511
gaze,134021658014208087,497,511
gaze,134021658014290883,491,496
gaze,134021658014374020,491,509
gaze,134021658014457217,493,503
gaze,134021658014534715,496,501
gaze,134021658014604052,496,520
gaze,134021658014687429,492,494
gaze,134021658014793513,494,507
gaze,134021658014873403,491,515
KeyUp,134021658014899605,40
gaze,134021658014958990,491,505
gaze,134021658015034723,490,493
gaze,134021658015105547,488,493
gaze,134021658015187980,489,496
gaze,134021658015271377,492,506
gaze,134021658015375092,493,498
gaze,134021658015459679,490,506
gaze,134021658015542027,492,504
gaze,134021658015620509,489,508
gaze,134021658015707755,493,514
gaze,134021658015790603,484,502
gaze,134021658015873730,491,503
gaze,134021658015957495,492,503
gaze,134021658016041435,489,507
gaze,134021658016129189,490,505
gaze,134021658016202136,494,503
gaze,134021658016291577,492,511
gaze,134021658016373607,491,502
gaze,134021658016459935,490,499
gaze,134021658016534732,492,499
gaze,134021658016606057,490,501
gaze,134021658016690967,495,516
gaze,134021658016791549,463,509
gaze,134021658016874185,427,499
gaze,134021658016957471,443,493
gaze,134021658017039806,430,484
gaze,134021658017118238,437,489
gaze,134021658017187793,438,489
gaze,134021658017271447,437,487
gaze,134021658017376560,446,488
gaze,134021658017457327,443,486
KeyUp,134021658017460159,162
gaze,134021658017541018,445,492
gaze,134021658017617931,443,486
gaze,134021658017707566,441,483
gaze,134021658017790240,451,497
gaze,134021658017873399,445,503
gaze,134021658017956329,451,505
gaze,134021658018040469,441,497
gaze,134021658018127017,448,491
gaze,134021658018201215,451,507
gaze,134021658018290887,461,505
gaze,134021658018373349,446,504
gaze,134021658018459451,448,486
gaze,134021658018534605,448,502
gaze,134021658018606202,449,496
gaze,134021658018688231,446,496
gaze,134021658018792181,444,504
gaze,134021658018873850,438,490
gaze,134021658018960302,448,484
gaze,134021658019040449,448,494
gaze,134021658019119690,446,490
gaze,134021658019187564,446,489
gaze,134021658019271267,451,502
gaze,134021658019375279,447,487
gaze,134021658019457423,441,483
gaze,134021658019541665,448,502
gaze,134021658019618505,443,482
gaze,134021658019708288,454,505
gaze,134021658019791309,497,488
gaze,134021658019874525,507,499
gaze,134021658019958053,494,498
gaze,134021658020047759,497,489
KeyDown,134021658020100931,162
gaze,134021658020129071,497,495
gaze,134021658020201507,489,469
gaze,134021658020293437,497,491
gaze,134021658020373402,498,489
gaze,134021658020458912,495,486
gaze,134021658020535124,495,467
gaze,134021658020605191,481,466
gaze,134021658020689468,499,491
gaze,134021658020792938,486,476
gaze,134021658020874551,493,480
gaze,134021658020959316,498,481
gaze,134021658021041653,484,481
gaze,134021658021119892,483,485
KeyDown,134021658021139492,39
gaze,134021658021188918,485,490
gaze,134021658021272193,492,498
gaze,134021658021375478,489,477
gaze,134021658021457379,486,462
gaze,134021658021542082,485,465
gaze,134021658021618339,486,478
gaze,134021658021710815,482,476
gaze,134021658021790367,483,477
gaze,134021658021876504,486,471
gaze,134021658021956804,475,476
gaze,134021658022042476,486,485
gaze,134021658022123397,486,477
gaze,134021658022203963,481,472
KeyUp,134021658022259782,39
gaze,134021658022293033,487,469
gaze,134021658022374034,490,475
gaze,134021658022459496,488,469
gaze,134021658022534573,486,473
gaze,134021658022605475,487,474
gaze,134021658022688175,485,479
KeyUp,134021658022739705,162
gaze,134021658022771609,494,472
gaze,134021658022875365,490,473
gaze,134021658022956554,488,478
gaze,134021658023042888,483,473
gaze,134021658023118482,485,472
gaze,134021658023190742,483,479
gaze,134021658023270818,480,473
gaze,134021658023355395,474,450
gaze,134021658023459388,510,514
gaze,134021658023540884,587,557
gaze,134021658023626735,680,645
gaze,134021658023703700,783,773
gaze,134021658023794176,896,927
gaze,134021658023874182,990,1067
gaze,134021658023951195,1013,1225
KeyDown,134021658024100105,32
gaze,134021658024199395,674,-800
gaze,134021658024278131,996,-565
gaze,134021658024450360,1187,-429
gaze,134021658024537973,788,-404
gaze,134021658024610682,333,-471
gaze,134021658024680838,324,-481
KeyUp,134021658025139294,32
gaze,134021658027867821,546,-501
KeyDown,134021658027939807,80
KeyUp,134021658028579414,80
KeyDown,134021658029299485,82
KeyUp,134021658030019930,82
KeyDown,134021658030024109,79
gaze,134021658030198138,510,1076
gaze,134021658030281303,614,847
gaze,134021658030371199,619,608
gaze,134021658030458901,519,470
gaze,134021658030540737,528,409
gaze,134021658030625112,518,370
KeyUp,134021658030659678,79
gaze,134021658030704663,532,402
gaze,134021658030773701,540,415
gaze,134021658030855455,528,402
gaze,134021658030938807,536,419
gaze,134021658031042439,527,416
gaze,134021658031123679,531,414
gaze,134021658031209659,530,425
gaze,134021658031284669,529,416
gaze,134021658031362518,528,422
gaze,134021658031439349,531,428
gaze,134021658031542069,532,432
gaze,134021658031622904,529,426
gaze,134021658031709764,524,426
gaze,134021658031790789,535,439
gaze,134021658031870711,528,428
gaze,134021658031958219,525,427
gaze,134021658032051363,530,439
gaze,134021658032124537,537,432
gaze,134021658032207280,528,427
gaze,134021658032298771,531,430
gaze,134021658032370617,525,418
gaze,134021658032459224,524,426
gaze,134021658032540509,529,421
gaze,134021658032625275,523,472
gaze,134021658032708109,511,467
gaze,134021658032784288,526,476
gaze,134021658032856218,523,483
gaze,134021658032937650,520,483
gaze,134021658033042587,523,473
gaze,134021658033123260,523,468
gaze,134021658033209220,527,472
gaze,134021658033286283,523,471
gaze,134021658033357468,525,476
gaze,134021658033443388,526,477
gaze,134021658033522483,517,458
gaze,134021658033625318,526,463
KeyDown,134021658033700245,80
gaze,134021658033706770,517,459
gaze,134021658033793142,523,470
gaze,134021658033867921,525,468
gaze,134021658033960528,526,470
gaze,134021658034040579,528,467
gaze,134021658034125692,529,473
gaze,134021658034207108,532,463
gaze,134021658034293179,529,468
gaze,134021658034374497,528,462
gaze,134021658034454536,527,459
gaze,134021658034544691,533,471
gaze,134021658034623557,529,454
KeyUp,134021658034659734,80
gaze,134021658034713878,536,457
gaze,134021658034785162,531,450
gaze,134021658034855008,537,465
KeyDown,134021658034899547,69
gaze,134021658034938737,527,453
gaze,134021658035021969,536,465
gaze,134021658035126307,530,455
gaze,134021658035206608,530,462
gaze,134021658035292929,533,454
gaze,134021658035367616,524,438
gaze,134021658035443235,529,462
gaze,134021658035522477,534,461
KeyUp,134021658035539922,69
gaze,134021658035625094,534,450
gaze,134021658035707561,530,454
gaze,134021658035790871,532,449
gaze,134021658035874971,538,475
gaze,134021658035951180,529,456
gaze,134021658036041374,534,454
gaze,134021658036123232,539,460
gaze,134021658036206653,532,457
gaze,134021658036290429,530,452
gaze,134021658036373733,531,471
KeyDown,134021658036419785,82
gaze,134021658036452150,537,445
gaze,134021658036541349,550,456
gaze,134021658036623689,548,463
gaze,134021658036709933,553,472
gaze,134021658036791134,557,452
gaze,134021658036870921,551,442
gaze,134021658036937794,546,452
gaze,134021658037021271,555,468
gaze,134021658037125083,555,453
gaze,134021658037206422,547,458
KeyUp,134021658037220298,82
gaze,134021658037292513,547,453
gaze,134021658037368623,557,455
gaze,134021658037440498,557,473
gaze,134021658037521867,554,457
gaze,134021658037605363,559,462
gaze,134021658037708878,556,467
gaze,134021658037790753,557,464
gaze,134021658037876800,550,447
gaze,134021658037951135,561,473
KeyDown,134021658038020323,76
gaze,134021658038043021,552,438
gaze,134021658038124344,554,451
gaze,134021658038208850,556,462
gaze,134021658038290839,560,459
gaze,134021658038374484,554,470
gaze,134021658038458167,559,459
gaze,134021658038536131,563,450
KeyUp,134021658038580749,76
gaze,134021658038626136,561,451
gaze,134021658038712597,556,463
gaze,134021658038796771,550,452
gaze,134021658038868892,561,449
gaze,134021658038939227,557,456
gaze,134021658039022517,557,453
gaze,134021658039105293,557,458
gaze,134021658039209284,547,460
gaze,134021658039290644,552,448
gaze,134021658039376813,552,455
KeyDown,134021658039380288,89
gaze,134021658039453262,559,460
gaze,134021658039523385,552,444
gaze,134021658039604600,553,464
gaze,134021658039689274,545,470
gaze,134021658039792502,553,457
gaze,134021658039874505,557,478
gaze,134021658039960727,556,481
KeyUp,134021658040020547,89
gaze,134021658040035148,557,474
gaze,134021658040132883,562,464
gaze,134021658040208183,559,470
gaze,134021658040292949,557,428
gaze,134021658040374381,566,473
gaze,134021658040459110,573,475
gaze,134021658040539810,554,442
gaze,134021658040621178,555,453
gaze,134021658040707731,556,442
gaze,134021658040791799,561,455
gaze,134021658040874169,556,447
gaze,134021658040953128,560,461
gaze,134021658041022887,563,473
gaze,134021658041105493,594,464
gaze,134021658041208745,595,466
gaze,134021658041291804,591,465
gaze,134021658041376732,593,451
gaze,134021658041457740,595,460
gaze,134021658041536473,595,459
gaze,134021658041605020,596,469
gaze,134021658041688306,603,465
gaze,134021658041772007,600,456
KeyDown,134021658041782225,190
gaze,134021658041875465,600,468
gaze,134021658041957658,600,473
gaze,134021658042038359,598,472
gaze,134021658042125899,593,467
gaze,134021658042208398,601,462
gaze,134021658042294166,596,462
gaze,134021658042374642,596,460
gaze,134021658042460258,596,477
gaze,134021658042540921,593,455
gaze,134021658042626420,600,452
gaze,134021658042703489,598,474
gaze,134021658042794494,593,449
KeyUp,134021658042819865,190
gaze,134021658042873882,602,474
gaze,134021658042954325,601,468
gaze,134021658043022451,587,452
gaze,134021658043105800,596,474
gaze,134021658043208994,594,449
gaze,134021658043290964,592,457
gaze,134021658043377728,592,464
gaze,134021658043458451,599,474
gaze,134021658043542550,598,469
gaze,134021658043619204,594,464
gaze,134021658043691357,594,475
gaze,134021658043772778,598,470
KeyDown,134021658043859953,32
gaze,134021658043876101,593,466
gaze,134021658043957546,596,460
gaze,134021658044038810,596,462
gaze,134021658044124859,596,486
gaze,134021658044208575,601,477
gaze,134021658044291651,595,474
gaze,134021658044375129,587,473
gaze,134021658044458361,600,479
KeyUp,134021658044499593,32
gaze,134021658044541440,593,472
gaze,134021658044624320,596,490
gaze,134021658044702903,591,475
gaze,134021658044793115,591,463
KeyDown,134021658044820771,160
gaze,134021658044874376,595,482
gaze,134021658044954159,590,459
gaze,134021658045022122,592,474
gaze,134021658045105583,594,476
gaze,134021658045188908,591,487
gaze,134021658045293306,594,482
gaze,134021658045376520,591,475
gaze,134021658045462841,592,482
gaze,134021658045541085,592,473
gaze,134021658045621718,587,466
gaze,134021658045690101,602,479
gaze,134021658045773299,592,480
gaze,134021658045855226,594,481
gaze,134021658045959150,594,485
gaze,134021658046047816,589,477
KeyUp,134021658046099829,160
KeyDown,134021658046103837,65
gaze,134021658046120963,594,473
gaze,134021658046208714,590,486
gaze,134021658046292331,587,490
gaze,134021658046374607,589,460
gaze,134021658046458297,594,476
gaze,134021658046541026,601,488
gaze,134021658046624395,596,485
gaze,134021658046714804,593,478
gaze,134021658046788729,611,480
gaze,134021658046875746,605,461
gaze,134021658046957960,603,480
gaze,134021658047035169,610,481
gaze,134021658047106110,611,464
KeyUp,134021658047141137,65
gaze,134021658047188119,609,470
gaze,134021658047271985,619,470
gaze,134021658047376053,609,465
gaze,134021658047456758,611,462
gaze,134021658047543142,611,479
gaze,134021658047623555,601,468
gaze,134021658047706535,613,481
gaze,134021658047771230,614,478
gaze,134021658047855491,610,481
gaze,134021658047939028,607,465
gaze,134021658048043027,608,471
gaze,134021658048124449,607,473
gaze,134021658048203803,605,473
gaze,134021658048291612,615,471
gaze,134021658048373648,615,479
gaze,134021658048460058,611,480
gaze,134021658048540396,605,475
KeyDown,134021658048579653,78
gaze,134021658048626672,609,474
gaze,134021658048708137,608,489
gaze,134021658048792881,606,466
gaze,134021658048869471,610,476
gaze,134021658048961188,609,491
KeyUp,134021658048980880,78
gaze,134021658049041013,605,474
gaze,134021658049119857,612,466
gaze,134021658049189316,610,474
gaze,134021658049271939,611,482
gaze,134021658049355134,607,474
gaze,134021658049460046,620,485
gaze,134021658049540644,609,483
gaze,134021658049627173,613,468
gaze,134021658049707601,618,473
gaze,134021658049787310,611,474
gaze,134021658049856134,611,479
gaze,134021658049939274,617,472
gaze,134021658050043293,610,490
gaze,134021658050123371,607,468
gaze,134021658050210970,611,476
gaze,134021658050285696,615,474
gaze,134021658050377917,605,466
gaze,134021658050457727,606,464
gaze,134021658050542321,610,493
gaze,134021658050619690,609,481
gaze,134021658050714888,617,481
gaze,134021658050791339,607,479
gaze,134021658050872181,608,481
gaze,134021658050958198,615,464
gaze,134021658051041703,610,468
gaze,134021658051124875,609,477
gaze,134021658051201284,607,469
gaze,134021658051273874,608,478
gaze,134021658051355241,610,482
gaze,134021658051460131,614,485
gaze,134021658051540692,611,471
gaze,134021658051625443,613,470
gaze,134021658051707814,611,477
gaze,134021658051787880,610,474
gaze,134021658051856045,613,475
gaze,134021658051939585,612,479
gaze,134021658052044041,604,466
KeyDown,134021658052100078,8
gaze,134021658052130388,610,466
gaze,134021658052209579,613,481
gaze,134021658052286190,612,473
gaze,134021658052373602,609,462
gaze,134021658052453869,609,459
KeyUp,134021658052499864,8
gaze,134021658052537277,612,475
gaze,134021658052624481,606,453
gaze,134021658052702732,612,469
gaze,134021658052789364,605,461
gaze,134021658052867663,614,489
gaze,134021658052958902,613,468
gaze,134021658053041041,606,456
gaze,134021658053121055,613,482
gaze,134021658053199603,609,472
gaze,134021658053267182,605,452
gaze,134021658053351837,608,454
gaze,134021658053456102,609,457
KeyDown,134021658053460368,8
gaze,134021658053541833,611,460
gaze,134021658053618990,608,473
gaze,134021658053706254,601,463
gaze,134021658053781220,612,457
gaze,134021658053856280,606,471
gaze,134021658053934487,606,466
KeyUp,134021658054020398,8
gaze,134021658054037808,617,471
gaze,134021658054121172,618,477
gaze,134021658054204177,610,457
gaze,134021658054281419,608,453
KeyDown,134021658054340059,160
gaze,134021658054371338,598,462
gaze,134021658054458531,608,462
gaze,134021658054536501,608,458
gaze,134021658054620434,611,462
gaze,134021658054703836,618,475
gaze,134021658054788784,614,463
gaze,134021658054865642,615,458
gaze,134021658054959172,614,468
KeyDown,134021658054980125,65
gaze,134021658055036798,609,469
gaze,134021658055122582,614,461
gaze,134021658055197502,614,465
gaze,134021658055273169,613,457
gaze,134021658055352057,606,462
gaze,134021658055454609,605,456
KeyUp,134021658055540136,160
gaze,134021658055539731,613,462
gaze,134021658055619796,615,466
gaze,134021658055705006,606,450
gaze,134021658055781673,617,484
gaze,134021658055851481,607,454
KeyUp,134021658055860291,65
gaze,134021658055934617,606,469
gaze,134021658056018734,611,462
gaze,134021658056126217,617,480
KeyDown,134021658056180173,78
gaze,134021658056203339,609,462
gaze,134021658056285186,608,464
gaze,134021658056375692,618,472
gaze,134021658056453500,611,457
gaze,134021658056544012,605,469
gaze,134021658056620083,608,460
gaze,134021658056706041,609,478
gaze,134021658056787219,612,477
gaze,134021658056871216,611,476
KeyUp,134021658056899700,78
gaze,134021658056954256,603,458
gaze,134021658057038242,616,467
gaze,134021658057124519,603,461
KeyDown,134021658057140527,68
gaze,134021658057202244,610,466
gaze,134021658057272984,601,459
gaze,134021658057351545,611,478
gaze,134021658057435930,611,474
gaze,134021658057538332,608,443
gaze,134021658057620302,607,456
gaze,134021658057704676,619,480
gaze,134021658057788944,617,476
gaze,134021658057865370,621,466
gaze,134021658057935005,635,469
KeyUp,134021658057940102,68
gaze,134021658058018954,638,470
gaze,134021658058120433,638,457
gaze,134021658058204145,639,484
KeyDown,134021658058259031,32
gaze,134021658058287529,636,478
gaze,134021658058365153,639,472
gaze,134021658058453937,643,468
gaze,134021658058538054,636,459
gaze,134021658058620603,638,476
gaze,134021658058708747,636,461
gaze,134021658058788460,635,474
KeyUp,134021658058820929,32
gaze,134021658058870856,630,476
gaze,134021658058949854,638,469
gaze,134021658059039041,642,451
gaze,134021658059120621,631,477
gaze,134021658059204449,630,462
gaze,134021658059282898,632,480
gaze,134021658059352132,636,455
KeyDown,134021658059384695,77
gaze,134021658059434277,636,465
gaze,134021658059517145,632,459
gaze,134021658059625345,645,469
gaze,134021658059704775,635,464
gaze,134021658059788199,635,472
gaze,134021658059866287,641,477
gaze,134021658059934690,639,487
gaze,134021658060018490,639,480
KeyDown,134021658060020980,79
gaze,134021658060101399,633,479
gaze,134021658060205880,640,486
gaze,134021658060288645,638,480
KeyUp,134021658060339137,77
gaze,134021658060371138,634,476
gaze,134021658060449783,633,470
gaze,134021658060537943,635,473
gaze,134021658060620923,639,487
gaze,134021658060705004,634,478
gaze,134021658060788134,634,477
gaze,134021658060871501,639,488
KeyUp,134021658060899618,79
KeyDown,134021658060903023,82
gaze,134021658060955203,643,488
gaze,134021658061034285,638,481
gaze,134021658061122384,632,467
KeyDown,134021658061139897,69
gaze,134021658061204448,636,467
gaze,134021658061293024,638,463
gaze,134021658061369052,665,473
gaze,134021658061443799,666,469
gaze,134021658061522444,663,468
gaze,134021658061605279,657,461
KeyUp,134021658061699971,82
gaze,134021658061709646,666,486
gaze,134021658061791237,667,467
gaze,134021658061876192,669,466
KeyUp,134021658061939399,69
gaze,134021658061951454,667,468
gaze,134021658062024783,666,462
gaze,134021658062105978,661,478
gaze,134021658062189463,666,469
gaze,134021658062294588,664,465
KeyDown,134021658062340793,32
gaze,134021658062375265,665,471
gaze,134021658062461305,660,462
gaze,134021658062536166,656,481
gaze,134021658062627447,666,438
gaze,134021658062707720,672,462
gaze,134021658062797035,665,467
gaze,134021658062874411,662,469
gaze,134021658062959258,664,460
KeyUp,134021658062980986,32
KeyDown,134021658062985518,83
gaze,134021658063041966,667,464
gaze,134021658063119295,659,448
gaze,134021658063205429,672,471
gaze,134021658063288556,665,443
gaze,134021658063376056,665,461
gaze,134021658063454232,661,453
gaze,134021658063527699,666,449
gaze,134021658063605931,664,477
KeyDown,134021658063619974,80
gaze,134021658063709952,670,489
gaze,134021658063792129,673,469
gaze,134021658063876029,662,474
KeyUp,134021658063939049,83
gaze,134021658063958144,666,461
gaze,134021658064038710,669,467
gaze,134021658064111800,661,467
gaze,134021658064189238,674,462
gaze,134021658064273038,675,471
KeyUp,134021658064340882,80
gaze,134021658064377118,664,474
gaze,134021658064459947,660,449
gaze,134021658064538456,657,464
gaze,134021658064625691,661,452
gaze,134021658064708145,669,475
gaze,134021658064792287,698,467
KeyDown,134021658064819518,69
gaze,134021658064874732,705,478
gaze,134021658064959044,690,456
gaze,134021658065041311,698,475
gaze,134021658065126885,694,454
gaze,134021658065202269,702,484
gaze,134021658065294849,701,487
gaze,134021658065374991,692,484
gaze,134021658065454870,698,467
KeyUp,134021658065459392,69
gaze,134021658065526130,693,470
gaze,134021658065605948,690,464
gaze,134021658065709415,695,479
gaze,134021658065792308,694,481
gaze,134021658065874379,694,474
gaze,134021658065958904,694,477
gaze,134021658066042400,692,466
gaze,134021658066120054,693,470
gaze,134021658066188888,689,455
gaze,134021658066275963,695,467
gaze,134021658066377122,702,467
gaze,134021658066458843,697,462
gaze,134021658066538878,691,464
KeyDown,134021658066580183,67
gaze,134021658066626533,694,467
gaze,134021658066709200,694,473
gaze,134021658066795802,699,465
gaze,134021658066875660,690,460
gaze,134021658066957937,696,466
gaze,134021658067042092,701,464
gaze,134021658067121097,712,468
gaze,134021658067200172,728,436
gaze,134021658067288063,721,447
KeyUp,134021658067299246,67
KeyDown,134021658067302088,73
gaze,134021658067372079,721,472
gaze,134021658067450151,724,464
gaze,134021658067519159,722,462
gaze,134021658067601830,723,473
gaze,134021658067690814,719,471
gaze,134021658067792893,719,473
gaze,134021658067874820,722,469
KeyUp,134021658067939898,73
gaze,134021658067958176,719,468
gaze,134021658068041637,722,470
gaze,134021658068120021,721,486
gaze,134021658068189202,718,468
gaze,134021658068272716,721,487
KeyDown,134021658068339359,70
gaze,134021658068357149,714,475
gaze,134021658068460511,721,471
gaze,134021658068541573,719,490
gaze,134021658068622335,727,474
gaze,134021658068709743,722,447
gaze,134021658068796957,722,450
gaze,134021658068876079,724,457
gaze,134021658068959423,721,472
gaze,134021658069042925,722,465
KeyUp,134021658069060132,70
gaze,134021658069124943,727,484
gaze,134021658069207782,725,481
gaze,134021658069286449,719,474
KeyDown,134021658069299678,73
gaze,134021658069376113,723,490
gaze,134021658069463711,719,473
gaze,134021658069537955,730,476
gaze,134021658069606797,723,472
gaze,134021658069690118,724,478
gaze,134021658069793322,723,471
gaze,134021658069875461,721,477
gaze,134021658069959496,722,479
KeyUp,134021658070020608,73
gaze,134021658070041575,724,478
gaze,134021658070127697,721,465
gaze,134021658070203240,725,485
gaze,134021658070275592,728,484
gaze,134021658070357154,720,453
KeyDown,134021658070419970,67
gaze,134021658070460371,641,514
gaze,134021658070541972,505,584
gaze,134021658070621692,400,645
gaze,134021658070710452,305,696
gaze,134021658070792974,290,754
KeyDown,134021658070819470,65
gaze,134021658070876588,297,786
gaze,134021658070960003,294,788
gaze,134021658071043005,299,787
gaze,134021658071126364,317,791
KeyUp,134021658071144394,67
gaze,134021658071210142,306,784
gaze,134021658071288345,298,785
gaze,134021658071376832,303,789
KeyDown,134021658071459677,76
gaze,134021658071460275,303,786
gaze,134021658071537114,303,790
gaze,134021658071606437,304,791
KeyUp,134021658071619124,65
gaze,134021658071690141,307,788
gaze,134021658071794775,313,794
gaze,134021658071876681,308,787
gaze,134021658071962080,315,790
KeyUp,134021658072023336,76
gaze,134021658072044894,308,786
gaze,134021658072131983,313,787
gaze,134021658072204202,304,793
gaze,134021658072274457,311,790
gaze,134021658072357265,311,787
gaze,134021658072461292,318,788
gaze,134021658072542854,321,790
gaze,134021658072622459,311,790
gaze,134021658072710433,308,788
gaze,134021658072792532,315,792
KeyDown,134021658072819898,76
gaze,134021658072878532,318,789
gaze,134021658072959538,314,785
gaze,134021658073044052,316,781
gaze,134021658073127053,310,786
gaze,134021658073212039,318,776
gaze,134021658073287851,313,787
KeyUp,134021658073300391,76
gaze,134021658073380252,315,791
gaze,134021658073464940,313,784
gaze,134021658073539672,313,789
gaze,134021658073606748,314,794
gaze,134021658073690531,319,794
gaze,134021658073794887,322,812
gaze,134021658073875922,344,823
gaze,134021658073961088,338,823
KeyDown,134021658074021575,89
gaze,134021658074042968,342,817
gaze,134021658074127775,337,810
gaze,134021658074203201,344,816
gaze,134021658074276375,333,815
gaze,134021658074358296,340,822
gaze,134021658074460712,335,809
gaze,134021658074543507,330,815
gaze,134021658074623209,336,815
gaze,134021658074710997,332,809
KeyUp,134021658074739473,89
gaze,134021658074793010,339,819
gaze,134021658074875948,328,811
gaze,134021658074959401,324,814
gaze,134021658075042910,337,815
gaze,134021658075126055,334,818
gaze,134021658075210350,341,816
gaze,134021658075287351,343,823
gaze,134021658075378433,342,826
gaze,134021658075460176,329,818
gaze,134021658075541970,337,808
gaze,134021658075606993,334,801
gaze,134021658075679238,537,1105
KeyDown,134021658075939583,188
KeyUp,134021658076580107,188
gaze,134021658077033752,918,709
gaze,134021658077126898,807,658
KeyDown,134021658077141168,32
gaze,134021658077209345,798,575
gaze,134021658077288338,787,510
gaze,134021658077377453,792,456
gaze,134021658077458824,795,411
gaze,134021658077539120,789,413
gaze,134021658077606861,790,399
gaze,134021658077690655,794,478
gaze,134021658077794399,797,494
gaze,134021658077885746,793,495
KeyUp,134021658077940345,32
gaze,134021658077961144,787,449
gaze,134021658078042009,791,484
gaze,134021658078126985,790,493
gaze,134021658078203111,785,503
gaze,134021658078275115,790,485
KeyDown,134021658078340037,84
gaze,134021658078357435,794,504
gaze,134021658078461311,794,505
gaze,134021658078541943,789,473
gaze,134021658078621558,797,498
gaze,134021658078713336,833,518
KeyDown,134021658078740939,72
gaze,134021658078793225,821,514
gaze,134021658078875890,821,523
gaze,134021658078959294,822,519
gaze,134021658079041803,826,515
gaze,134021658079125231,824,515
gaze,134021658079208790,822,513
KeyUp,134021658079219382,84
gaze,134021658079287579,817,503
gaze,134021658079377045,824,517
KeyUp,134021658079460249,72
gaze,134021658079459460,817,515
gaze,134021658079540851,822,505
gaze,134021658079606959,821,500
gaze,134021658079691193,825,516
gaze,134021658079794277,822,503
gaze,134021658079876503,828,508
KeyDown,134021658079939773,69
gaze,134021658079961615,814,508
gaze,134021658080044490,821,504
gaze,134021658080126890,821,503
gaze,134021658080204445,820,505
gaze,134021658080274336,824,510
gaze,134021658080357438,825,485
KeyDown,134021658080419724,32
gaze,134021658080441885,834,469
gaze,134021658080543727,830,479
gaze,134021658080619023,833,452
gaze,134021658080712504,832,448
KeyUp,134021658080743674,69
KeyUp,134021658080746828,32
gaze,134021658080792126,836,478
gaze,134021658080877661,839,466
gaze,134021658080958771,836,466
gaze,134021658081043629,836,472
gaze,134021658081126015,834,463
gaze,134021658081210684,829,465
gaze,134021658081292117,836,461
gaze,134021658081373289,831,467
KeyDown,134021658081459598,82
gaze,134021658081460307,828,447
gaze,134021658081537901,833,469
gaze,134021658081606631,836,471
gaze,134021658081690857,839,453
gaze,134021658081794706,834,467
gaze,134021658081876418,830,445
gaze,134021658081961646,831,461
KeyDown,134021658082019545,79
gaze,134021658082043593,838,476
gaze,134021658082128100,835,468
gaze,134021658082210697,830,448
KeyUp,134021658082260172,82
gaze,134021658082289050,836,462
gaze,134021658082357978,832,430
gaze,134021658082440583,838,466
gaze,134021658082544112,832,434
gaze,134021658082619595,836,459
KeyUp,134021658082659041,79
gaze,134021658082712735,839,463
gaze,134021658082792501,835,478
gaze,134021658082877184,843,457
gaze,134021658082962531,840,468
gaze,134021658083044057,840,472
gaze,134021658083125360,840,455
gaze,134021658083211918,870,482
gaze,134021658083293533,859,466
gaze,134021658083374257,864,474
KeyDown,134021658083381881,79
gaze,134021658083460251,859,454
gaze,134021658083536701,863,472
gaze,134021658083606988,860,429
gaze,134021658083690643,859,447
gaze,134021658083773909,867,455
gaze,134021658083876827,866,475
gaze,134021658083959558,858,455
gaze,134021658084042519,864,458
gaze,134021658084126080,852,448
gaze,134021658084209391,863,450
KeyUp,134021658084261295,79
KeyDown,134021658084267242,84
gaze,134021658084286906,865,468
gaze,134021658084357891,862,451
gaze,134021658084440217,860,481
gaze,134021658084523125,860,410
gaze,134021658084626639,863,457
gaze,134021658084706140,866,463
gaze,134021658084796603,862,473
gaze,134021658084876003,866,468
gaze,134021658084960220,867,457
gaze,134021658085042404,864,482
gaze,134021658085127665,863,452
gaze,134021658085209396,870,466
KeyUp,134021658085219535,84
gaze,134021658085295267,865,470
gaze,134021658085376270,861,470
KeyDown,134021658085380475,32
gaze,134021658085456806,864,457
gaze,134021658085546019,857,468
gaze,134021658085620504,869,476
gaze,134021658085692395,867,479
gaze,134021658085769605,859,459
gaze,134021658085878791,865,459
KeyUp,134021658085939385,32
gaze,134021658085959208,865,464
gaze,134021658086041968,865,456
gaze,134021658086126141,868,482
gaze,134021658086215652,862,451
gaze,134021658086292829,867,465
gaze,134021658086371640,855,453
gaze,134021658086441095,862,469
gaze,134021658086523777,865,459
gaze,134021658086627768,863,456
gaze,134021658086703760,866,471
gaze,134021658086794965,863,452
gaze,134021658086875555,864,420
gaze,134021658086961212,864,466
KeyDown,134021658086980019,67
gaze,134021658087045221,867,490
gaze,134021658087127590,863,470
gaze,134021658087211876,863,470
gaze,134021658087292678,868,470
gaze,134021658087378632,887,470
gaze,134021658087454224,909,462
gaze,134021658087546058,903,455
gaze,134021658087620148,901,466
gaze,134021658087692610,903,479
gaze,134021658087774076,901,450
KeyUp,134021658087860105,67
gaze,134021658087877788,900,460
gaze,134021658087959152,899,462
gaze,134021658088047804,900,451
gaze,134021658088125506,905,465
gaze,134021658088211749,897,440
gaze,134021658088292448,906,473
gaze,134021658088373438,908,460
gaze,134021658088440736,902,463
KeyDown,134021658088499178,65
gaze,134021658088523432,905,449
gaze,134021658088627856,903,462
gaze,134021658088710797,901,457
gaze,134021658088795119,902,466
gaze,134021658088876628,907,458
gaze,134021658088962023,911,438
gaze,134021658089041816,902,468
gaze,134021658089128442,907,470
gaze,134021658089208855,906,454
gaze,134021658089294825,908,447
KeyUp,134021658089300718,65
gaze,134021658089376216,909,445
gaze,134021658089456661,903,452
gaze,134021658089543942,906,461
gaze,134021658089621062,908,468
gaze,134021658089692118,908,470
gaze,134021658089774840,900,449
gaze,134021658089878157,902,457
gaze,134021658089959347,909,470
KeyDown,134021658090020079,85
gaze,134021658090045017,900,458
gaze,134021658090126868,901,455
gaze,134021658090210994,901,445
gaze,134021658090293316,910,452
gaze,134021658090369892,898,461
gaze,134021658090442436,903,437
gaze,134021658090524210,904,477
KeyUp,134021658090579726,85
gaze,134021658090606467,904,459
gaze,134021658090710822,898,466
gaze,134021658090792966,929,453
gaze,134021658090876875,922,460
gaze,134021658090964362,920,456
gaze,134021658091042314,922,466
gaze,134021658091126516,918,430
KeyDown,134021658091143530,83
gaze,134021658091209748,917,425
gaze,134021658091293357,919,449
gaze,134021658091375663,921,465
KeyDown,134021658091379822,69
gaze,134021658091460860,923,458
gaze,134021658091537113,922,443
gaze,134021658091621670,926,462
gaze,134021658091690841,929,471
gaze,134021658091773668,925,458
gaze,134021658091857572,922,454
KeyUp,134021658091940501,83
gaze,134021658091964057,928,462
gaze,134021658092042765,926,477
gaze,134021658092127959,925,465
gaze,134021658092208459,922,460
gaze,134021658092294467,928,479
gaze,134021658092376392,934,457
gaze,134021658092456904,921,459
KeyUp,134021658092499288,69
gaze,134021658092523181,925,471
gaze,134021658092606669,924,443
gaze,134021658092720369,834,487
KeyDown,134021658092739610,32
gaze,134021658092787866,648,565
gaze,134021658092879716,467,632
gaze,134021658092960601,301,692
gaze,134021658093046991,184,763
gaze,134021658093127180,168,814
gaze,134021658093212255,185,845
gaze,134021658093293804,199,849
KeyUp,134021658093299678,32
gaze,134021658093378801,196,855
gaze,134021658093460700,203,862
gaze,134021658093539494,204,860
gaze,134021658093627277,203,850
gaze,134021658093706134,210,861
gaze,134021658093775156,211,850
gaze,134021658093857820,215,854
gaze,134021658093961511,213,845
gaze,134021658094043484,207,853
gaze,134021658094129774,217,852
gaze,134021658094210907,212,850
gaze,134021658094296697,202,846
gaze,134021658094377010,202,853
gaze,134021658094458251,202,843
gaze,134021658094523621,212,850
gaze,134021658094607039,214,848
gaze,134021658094711868,209,847
gaze,134021658094790954,213,852
gaze,134021658094878428,208,842
gaze,134021658094959839,216,853
gaze,134021658095046139,212,850
gaze,134021658095126315,216,851
gaze,134021658095216999,214,850
gaze,134021658095293980,217,848
gaze,134021658095381123,211,847
gaze,134021658095460556,204,844
gaze,134021658095542300,214,845
gaze,134021658095626527,206,850
gaze,134021658095705516,211,851
gaze,134021658095774939,218,847
gaze,134021658095857982,301,840
gaze,134021658095961424,363,776
gaze,134021658096043851,403,768
KeyDown,134021658096099813,77
gaze,134021658096130771,428,755
gaze,134021658096209298,428,759
gaze,134021658096295325,420,755
gaze,134021658096385397,424,758
gaze,134021658096457439,424,757
gaze,134021658096524808,421,761
gaze,134021658096607707,416,758
gaze,134021658096712901,420,760
gaze,134021658096787940,424,761
gaze,134021658096879119,412,761
KeyUp,134021658096899939,77
KeyDown,134021658096904133,65
gaze,134021658096960326,418,761
gaze,134021658097045891,418,762
gaze,134021658097127273,425,763
gaze,134021658097211782,417,764
gaze,134021658097293476,412,757
gaze,134021658097379343,413,762
gaze,134021658097460586,415,756
gaze,134021658097540831,418,755
gaze,134021658097627293,418,768
gaze,134021658097706260,415,764
gaze,134021658097779447,413,762
gaze,134021658097858583,420,757
KeyUp,134021658097859657,65
gaze,134021658097961699,414,761
gaze,134021658098043190,422,763
gaze,134021658098129309,413,755
gaze,134021658098210384,418,763
KeyDown,134021658098259576,89
gaze,134021658098295782,412,760
gaze,134021658098377497,409,757
gaze,134021658098457130,397,765
gaze,134021658098524496,293,752
gaze,134021658098608215,255,739
gaze,134021658098691909,243,739
gaze,134021658098794794,242,736
gaze,134021658098877396,248,743
KeyUp,134021658098899891,89
gaze,134021658098960046,251,736
gaze,134021658099044121,260,742
gaze,134021658099130588,256,739
gaze,134021658099210694,261,737
gaze,134021658099294734,241,732
gaze,134021658099378406,255,733
gaze,134021658099461019,249,734
gaze,134021658099543307,253,734
gaze,134021658099620906,256,731
gaze,134021658099707530,263,740
gaze,134021658099775088,258,735
gaze,134021658099859240,251,738
KeyDown,134021658099939509,32
gaze,134021658099941372,256,742
gaze,134021658100045153,252,738
gaze,134021658100126821,264,736
gaze,134021658100213149,274,743
gaze,134021658100293951,266,743
gaze,134021658100379769,275,744
gaze,134021658100461191,274,745
KeyUp,134021658100499387,32
gaze,134021658100540849,277,744
gaze,134021658100607237,271,739
gaze,134021658100692417,283,746
gaze,134021658100775645,278,757
gaze,134021658100877399,274,751
gaze,134021658100960901,276,750
KeyDown,134021658100979355,73
gaze,134021658101044020,278,747
gaze,134021658101127537,275,749
gaze,134021658101211327,278,742
gaze,134021658101294890,282,748
gaze,134021658101378439,275,744
gaze,134021658101461492,280,742
KeyUp,134021658101540106,73
gaze,134021658101544752,271,745
gaze,134021658101628021,275,748
gaze,134021658101704094,273,745
gaze,134021658101792222,306,738
gaze,134021658101859321,441,712
gaze,134021658101941822,647,607
gaze,134021658102025806,835,486
gaze,134021658102128971,976,488
gaze,134021658102210299,1025,457
gaze,134021658102296609,1044,410
gaze,134021658102377188,1029,446
gaze,134021658102462146,1022,477
gaze,134021658102543894,1019,481
gaze,134021658102623936,1013,475
gaze,134021658102691895,1016,479
gaze,134021658102774852,1018,477
gaze,134021658102861334,1009,476
gaze,134021658102960526,1012,487
gaze,134021658103043928,1014,476
gaze,134021658103127481,1012,466
gaze,134021658103210527,1014,464
gaze,134021658103293781,1015,460
gaze,134021658103378845,1016,473
gaze,134021658103460428,1011,469
gaze,134021658103543265,1014,481
gaze,134021658103626476,1016,479
gaze,134021658103710224,1011,479
gaze,134021658103788339,1006,469
gaze,134021658103873486,1006,483
gaze,134021658103939771,1008,478
gaze,134021658104025064,1009,486
gaze,134021658104107215,1010,470
gaze,134021658104211756,1008,478
gaze,134021658104293507,1008,476
gaze,134021658104377889,1006,474
gaze,134021658104459580,961,479
gaze,134021658104544647,974,468
gaze,134021658104626735,976,460
gaze,134021658104707308,972,444
gaze,134021658104775002,974,464
gaze,134021658104858571,972,470
gaze,134021658104941187,974,458
gaze,134021658105043563,977,465
gaze,134021658105127050,976,463
gaze,134021658105210557,975,471
KeyDown,134021658105220984,8
gaze,134021658105293723,975,461
gaze,134021658105380440,977,455
gaze,134021658105459619,972,470
gaze,134021658105546463,969,455
gaze,134021658105625907,973,469
gaze,134021658105711716,979,455
KeyUp,134021658105780618,8
gaze,134021658105792815,976,460
gaze,134021658105874076,972,461
gaze,134021658105956098,979,450
gaze,134021658106024505,978,458
gaze,134021658106112128,971,455
gaze,134021658106191570,970,413
gaze,134021658106295532,966,459
gaze,134021658106376386,973,445
gaze,134021658106462315,978,470
gaze,134021658106542189,974,464
gaze,134021658106628374,975,468
gaze,134021658106709583,980,471
gaze,134021658106790690,978,471
gaze,134021658106858043,972,474
gaze,134021658106941185,973,461
gaze,134021658107024084,976,465
gaze,134021658107126040,971,412
gaze,134021658107210035,978,439
gaze,134021658107293802,972,436
gaze,134021658107383245,970,408
gaze,134021658107462945,975,405
KeyDown,134021658107540912,66
gaze,134021658107542570,973,470
gaze,134021658107626801,973,463
gaze,134021658107710976,971,449
gaze,134021658107792846,968,458
gaze,134021658107876931,994,479
gaze,134021658107954725,1005,448
gaze,134021658108038944,1006,465
KeyUp,134021658108100589,66
gaze,134021658108107762,1001,447
gaze,134021658108190994,999,470
gaze,134021658108294040,992,438
gaze,134021658108377296,994,460
gaze,134021658108463299,1005,447
gaze,134021658108542314,998,460
gaze,134021658108626033,989,432
gaze,134021658108719052,1004,455
gaze,134021658108811332,998,453
gaze,134021658108870626,996,474
gaze,134021658108940650,997,428
gaze,134021658109024480,989,462
gaze,134021658109126205,998,436
gaze,134021658109210243,995,460
gaze,134021658109293387,998,409
gaze,134021658109376590,998,427
gaze,134021658109460702,999,455
KeyDown,134021658109541252,69
gaze,134021658109542250,995,408
gaze,134021658109626756,999,402
gaze,134021658109711106,992,462
gaze,134021658109793707,988,459
gaze,134021658109876454,991,460
gaze,134021658109954071,991,458
gaze,134021658110042306,990,423
gaze,134021658110108032,994,389
gaze,134021658110191014,998,472
gaze,134021658110294367,995,466
gaze,134021658110376651,997,454
gaze,134021658110461387,988,462
KeyUp,134021658110500346,69
gaze,134021658110543064,994,484
gaze,134021658110627381,998,458
gaze,134021658110710300,996,472
KeyDown,134021658110743831,32
gaze,134021658110795223,993,476
gaze,134021658110870334,995,443
gaze,134021658110943017,992,430
gaze,134021658111024719,994,480
gaze,134021658111126249,992,431
gaze,134021658111210347,993,450
gaze,134021658111292855,995,475
gaze,134021658111377007,999,449
KeyUp,134021658111462764,32
gaze,134021658111462893,990,462
gaze,134021658111542693,996,460
gaze,134021658111626653,984,462
gaze,134021658111710325,998,443
gaze,134021658111793734,985,462
gaze,134021658111876584,991,468
KeyDown,134021658111940594,73
gaze,134021658111955845,994,467
gaze,134021658112038954,997,447
gaze,134021658112107040,995,476
gaze,134021658112191175,996,441
gaze,134021658112294725,990,464
gaze,134021658112376292,989,455
gaze,134021658112460876,1001,457
KeyUp,134021658112500871,73
gaze,134021658112543515,999,472
gaze,134021658112626368,996,463
gaze,134021658112713604,988,461
gaze,134021658112794603,993,469
gaze,134021658112871761,993,466
gaze,134021658112941265,995,473
gaze,134021658113025170,995,477
gaze,134021658113126360,996,481
gaze,134021658113212787,1004,473
gaze,134021658113293099,1027,474
KeyDown,134021658113300038,78
gaze,134021658113376938,1016,464
gaze,134021658113460503,1022,458
gaze,134021658113543579,1028,456
gaze,134021658113626325,1031,438
gaze,134021658113710334,1022,470
gaze,134021658113793837,1024,465
gaze,134021658113876901,1021,463
KeyUp,134021658113939970,78
gaze,134021658113955853,1023,474
gaze,134021658114044946,1024,458
gaze,134021658114110648,1023,460
gaze,134021658114191400,1019,458
gaze,134021658114294215,1025,466
gaze,134021658114376415,1023,440
gaze,134021658114460178,1031,440
gaze,134021658114539039,1019,472
gaze,134021658114627617,1012,455
gaze,134021658114709452,1021,442
gaze,134021658114795868,1021,468
KeyDown,134021658114820670,83
gaze,134021658114870444,1030,473
gaze,134021658114942257,1022,464
gaze,134021658115024770,1024,464
gaze,134021658115127784,1016,449
gaze,134021658115212188,1016,454
gaze,134021658115294252,1014,464
gaze,134021658115377563,1021,471
KeyUp,134021658115379844,83
gaze,134021658115461528,1025,468
gaze,134021658115546886,1017,474
gaze,134021658115626202,1022,445
gaze,134021658115712057,1020,449
KeyDown,134021658115780043,73
gaze,134021658115792767,1028,462
gaze,134021658115879100,1020,477
gaze,134021658115955194,1025,471
gaze,134021658116040843,1017,468
gaze,134021658116108525,1022,462
gaze,134021658116194136,1013,452
gaze,134021658116275559,1020,406
KeyUp,134021658116340491,73
KeyDown,134021658116347034,68
gaze,134021658116378139,1055,439
gaze,134021658116460698,1048,464
gaze,134021658116545882,1047,472
gaze,134021658116626814,1042,463
gaze,134021658116715405,1052,474
gaze,134021658116793915,1058,418
gaze,134021658116874168,1052,462
gaze,134021658116940722,1047,466
gaze,134021658117025011,1051,472
KeyUp,134021658117059937,68
gaze,134021658117108459,1048,428
gaze,134021658117210710,1050,474
gaze,134021658117294448,1049,438
gaze,134021658117377619,1049,473
gaze,134021658117460850,1048,459
gaze,134021658117542588,1047,457
gaze,134021658117626613,1041,470
gaze,134021658117710695,1049,455
KeyDown,134021658117779845,69
gaze,134021658117793768,1049,464
gaze,134021658117877344,1043,472
gaze,134021658117960372,1048,475
gaze,134021658118038110,1047,462
gaze,134021658118123238,1050,461
gaze,134021658118192524,1040,467
gaze,134021658118275118,1043,466
gaze,134021658118358978,1040,476
gaze,134021658118461597,1039,469
KeyUp,134021658118500479,69
gaze,134021658118542773,1040,463
gaze,134021658118629231,1051,438
gaze,134021658118710043,977,480
gaze,134021658118796197,805,496
gaze,134021658118876609,630,498
gaze,134021658118958070,514,520
gaze,134021658119026001,462,522
gaze,134021658119109071,465,518
gaze,134021658119213348,474,532
gaze,134021658119288789,472,513
gaze,134021658119386765,486,533
KeyDown,134021658119459967,84
gaze,134021658119460552,478,530
gaze,134021658119546414,478,517
gaze,134021658119627477,476,513
gaze,134021658119713298,477,525
gaze,134021658119793762,482,514
gaze,134021658119879562,478,507
gaze,134021658119960548,483,524
KeyDown,134021658120020139,72
gaze,134021658120041010,487,510
gaze,134021658120129162,486,540
gaze,134021658120205600,484,523
KeyUp,134021658120260658,84
gaze,134021658120278026,489,523
gaze,134021658120359179,485,523
gaze,134021658120461916,481,518
gaze,134021658120543709,492,523
KeyUp,134021658120580793,72
gaze,134021658120629830,480,518
gaze,134021658120710216,487,503
gaze,134021658120800844,481,519
gaze,134021658120878237,476,516
gaze,134021658120957806,484,518
gaze,134021658121025876,488,523
KeyDown,134021658121060049,69
gaze,134021658121108646,484,521
gaze,134021658121214061,478,527
gaze,134021658121288909,387,518
gaze,134021658121380748,377,529
gaze,134021658121460793,382,523
gaze,134021658121545651,391,538
gaze,134021658121627044,396,531
gaze,134021658121713767,396,538
gaze,134021658121794632,386,532
gaze,134021658121880462,387,531
KeyUp,134021658121939609,69
KeyDown,134021658121944150,32
gaze,134021658121960549,384,526
gaze,134021658122040562,386,526
gaze,134021658122131038,380,520
gaze,134021658122204765,390,533
gaze,134021658122276619,382,531
gaze,134021658122358884,382,512
gaze,134021658122462929,384,535
KeyUp,134021658122500486,32
gaze,134021658122544610,392,523
gaze,134021658122629053,382,524
gaze,134021658122710628,381,526
gaze,134021658122796952,392,529
gaze,134021658122877722,390,534
gaze,134021658122958037,385,532
gaze,134021658123026205,385,535
gaze,134021658123108302,387,528
gaze,134021658123213253,398,535
gaze,134021658123288797,406,521
gaze,134021658123380218,419,515
gaze,134021658123462242,418,515
gaze,134021658123546655,417,519
gaze,134021658123627834,421,528
gaze,134021658123713598,423,518
gaze,134021658123794690,408,508
gaze,134021658123879269,413,512
gaze,134021658123961347,417,517
gaze,134021658124041518,419,514
gaze,134021658124127893,421,515
gaze,134021658124205941,407,513
gaze,134021658124276065,417,523
gaze,134021658124359564,414,515
gaze,134021658124442453,416,516
gaze,134021658124545458,413,509
gaze,134021658124627564,421,527
gaze,134021658124710818,411,525
gaze,134021658124794107,415,521
gaze,134021658124878701,421,518
gaze,134021658124956375,418,520
gaze,134021658125027036,409,516
gaze,134021658125109940,422,523
gaze,134021658125214100,417,513
gaze,134021658125294782,409,519
gaze,134021658125374728,422,532
gaze,134021658125460864,417,517
gaze,134021658125546054,414,514
gaze,134021658125626411,420,522
gaze,134021658125712574,414,525
gaze,134021658125793823,417,513
gaze,134021658125879188,409,519
gaze,134021658125959609,383,532
gaze,134021658126043246,402,528
gaze,134021658126128475,391,522
gaze,134021658126211002,391,517
KeyDown,134021658126260832,8
gaze,134021658126289871,391,518
gaze,134021658126359865,390,514
gaze,134021658126441976,394,512
gaze,134021658126525635,399,529
KeyUp,134021658126579817,8
gaze,134021658126628852,393,522
gaze,134021658126710993,392,517
gaze,134021658126796706,406,532
gaze,134021658126877270,400,517
gaze,134021658126958005,403,516
gaze,134021658127025503,403,519
gaze,134021658127111772,395,519
gaze,134021658127212269,396,514
gaze,134021658127294939,405,524
gaze,134021658127380088,392,505
gaze,134021658127456546,394,516
gaze,134021658127544813,392,515
gaze,134021658127627615,397,517
gaze,134021658127711119,393,510
KeyDown,134021658127782301,8
gaze,134021658127794588,408,523
gaze,134021658127877770,408,518
gaze,134021658127961678,398,515
gaze,134021658128039735,401,511
gaze,134021658128128958,399,507
gaze,134021658128209945,401,523
gaze,134021658128297226,406,537
KeyUp,134021658128340288,8
gaze,134021658128371915,400,516
gaze,134021658128453784,394,510
gaze,134021658128524827,399,519
gaze,134021658128628483,400,518
gaze,134021658128710885,403,502
gaze,134021658128795748,394,507
gaze,134021658128877406,399,519
gaze,134021658128955411,393,517
gaze,134021658129024944,397,514
gaze,134021658129108633,399,517
gaze,134021658129213037,405,512
gaze,134021658129293731,405,516
KeyDown,134021658129299390,8
gaze,134021658129380535,394,503
gaze,134021658129456483,398,510
gaze,134021658129546953,399,515
gaze,134021658129628058,392,507
gaze,134021658129713596,388,507
gaze,134021658129795073,400,514
KeyUp,134021658129859946,8
gaze,134021658129879622,396,500
gaze,134021658129961384,403,512
gaze,134021658130041547,405,514
gaze,134021658130128820,397,513
gaze,134021658130212236,401,504
gaze,134021658130294565,406,501
gaze,134021658130373288,416,500
gaze,134021658130442781,410,507
gaze,134021658130526504,417,509
gaze,134021658130629939,408,496
gaze,134021658130710634,421,506
gaze,134021658130797118,417,502
KeyDown,134021658130820756,8
gaze,134021658130877859,422,510
gaze,134021658130957751,413,491
gaze,134021658131026352,415,509
gaze,134021658131108541,422,517
gaze,134021658131213077,416,501
gaze,134021658131294639,415,498
gaze,134021658131380466,415,511
gaze,134021658131455253,422,517
KeyUp,134021658131541335,8
gaze,134021658131546692,423,527
gaze,134021658131628281,414,497
gaze,134021658131712405,417,503
gaze,134021658131794951,416,500
gaze,134021658131877990,414,510
gaze,134021658131961315,413,506
gaze,134021658132039723,415,503
gaze,134021658132128348,416,508
gaze,134021658132210801,413,511
gaze,134021658132295015,416,509
gaze,134021658132371097,419,507
gaze,134021658132443112,406,496
gaze,134021658132526200,421,516
KeyDown,134021658132580115,32
gaze,134021658132609146,418,516
gaze,134021658132714574,416,509
gaze,134021658132795459,416,519
gaze,134021658132880396,415,467
gaze,134021658132944521,417,706
KeyUp,134021658133220546,32
gaze,134021658134285445,451,647
KeyDown,134021658134340011,84
gaze,134021658134381260,432,547
gaze,134021658134458033,425,465
gaze,134021658134527950,416,466
gaze,134021658134608611,425,486
gaze,134021658134692855,428,502
gaze,134021658134795148,427,510
KeyUp,134021658134819822,84
KeyDown,134021658134824360,72
gaze,134021658134878094,428,510
gaze,134021658134962563,430,522
gaze,134021658135042217,428,522
gaze,134021658135110298,423,517
gaze,134021658135193139,434,533
gaze,134021658135296434,433,526
KeyUp,134021658135299176,72
gaze,134021658135379220,424,524
gaze,134021658135463516,426,526
gaze,134021658135546467,427,543
gaze,134021658135624159,429,531
gaze,134021658135712357,421,521
gaze,134021658135794022,426,526
gaze,134021658135880473,430,524
gaze,134021658135961208,430,519
gaze,134021658136046122,425,522
gaze,134021658136123359,418,515
gaze,134021658136211779,431,524
gaze,134021658136295222,436,541
gaze,134021658136378100,423,520
gaze,134021658136461787,420,513
KeyDown,134021658136499774,69
gaze,134021658136539314,424,525
gaze,134021658136608831,425,518
gaze,134021658136693206,424,520
gaze,134021658136778103,423,527
gaze,134021658136880137,424,520
gaze,134021658136961878,419,527
gaze,134021658137039391,420,510
gaze,134021658137111615,421,525
KeyUp,134021658137139160,69
gaze,134021658137192488,429,544
gaze,134021658137296165,432,524
gaze,134021658137378247,417,511
gaze,134021658137463838,419,520
gaze,134021658137545124,419,521
gaze,134021658137629214,416,519
gaze,134021658137706086,420,532
gaze,134021658137797325,420,510
gaze,134021658137877300,416,520
gaze,134021658137963125,424,522
gaze,134021658138046393,423,509
gaze,134021658138125133,422,519
gaze,134021658138212762,441,517
gaze,134021658138294648,522,515
gaze,134021658138380839,580,516
KeyDown,134021658138420174,73
gaze,134021658138463226,604,519
gaze,134021658138547190,608,530
gaze,134021658138697080,605,525
gaze,134021658138870998,604,524
gaze,134021658138871976,615,530
gaze,134021658138873091,614,521
gaze,134021658138986296,615,534
gaze,134021658139044549,605,515
gaze,134021658139112270,611,527
gaze,134021658139194115,604,530
KeyUp,134021658139220087,73
gaze,134021658139277227,608,513
gaze,134021658139383748,598,529
gaze,134021658139462731,598,522
gaze,134021658139547981,612,519
gaze,134021658139629073,606,522
gaze,134021658139714191,613,534
gaze,134021658139791025,600,525
gaze,134021658139881355,605,515
KeyDown,134021658139940034,78
gaze,134021658139961890,608,509
gaze,134021658140048226,575,538
gaze,134021658140128370,459,511
gaze,134021658140209671,443,511
gaze,134021658140296205,437,510
gaze,134021658140378196,439,512
gaze,134021658140463235,443,504
gaze,134021658140545026,452,507
gaze,134021658140630032,441,502
gaze,134021658140706043,446,520
KeyUp,134021658140739799,78
gaze,134021658140782748,442,504
gaze,134021658141060506,451,514
gaze,134021658141124876,456,527
gaze,134021658141125345,441,497
gaze,134021658141141203,447,506
gaze,134021658141193209,445,513
gaze,134021658141276835,454,519
gaze,134021658141359913,443,501
gaze,134021658141464415,448,520
gaze,134021658141544502,447,501
gaze,134021658141631031,453,511
gaze,134021658141710341,446,500
KeyDown,134021658141779904,69
gaze,134021658141792845,443,488
gaze,134021658141878356,449,505
gaze,134021658141961102,452,506
gaze,134021658142046084,446,512
gaze,134021658142128733,447,516
gaze,134021658142210950,454,511
gaze,134021658142289658,455,517
gaze,134021658142379129,447,504
KeyUp,134021658142420657,69
gaze,134021658142461539,448,511
gaze,134021658142546416,451,501
gaze,134021658142627868,446,492
gaze,134021658142708966,456,520
gaze,134021658142776949,450,505
gaze,134021658142859479,451,512
gaze,134021658142963368,449,502
gaze,134021658143044585,449,495
gaze,134021658143129888,449,500
gaze,134021658143205948,449,502
gaze,134021658143278289,451,507
gaze,134021658143359828,446,516
gaze,134021658143443154,450,503
gaze,134021658143546296,449,513
gaze,134021658143627050,455,516
gaze,134021658143714692,452,501
gaze,134021658143789252,448,498
gaze,134021658143880995,443,515
gaze,134021658143962130,448,509
gaze,134021658144046549,447,515
gaze,134021658144127943,448,500
gaze,134021658144213897,457,528
gaze,134021658144294705,452,512
gaze,134021658144376607,446,495
gaze,134021658144462960,446,500
gaze,134021658144543729,454,515
gaze,134021658144629830,449,515
gaze,134021658144705519,450,509
gaze,134021658144785763,449,506
gaze,134021658144859536,449,508
gaze,134021658144963387,444,508
gaze,134021658145044738,441,499
gaze,134021658145131299,445,508
gaze,134021658145211977,449,514
gaze,134021658145291740,441,507
gaze,134021658145360120,454,516
KeyDown,134021658145379259,8
gaze,134021658145442206,446,498
KeyUp,134021658145459173,8
gaze,134021658145549981,453,527
gaze,134021658145627503,447,519
gaze,134021658145713875,453,518
gaze,134021658145788742,451,516
gaze,134021658145881018,452,505
gaze,134021658145962243,448,496
gaze,134021658146047772,449,512
gaze,134021658146128497,448,515
gaze,134021658146213594,452,507
gaze,134021658146294802,447,510
gaze,134021658146376604,447,502
gaze,134021658146462131,444,505
gaze,134021658146545221,449,513
gaze,134021658146631378,447,512
gaze,134021658146707003,443,505
KeyDown,134021658146739736,8
gaze,134021658146779142,446,520
gaze,134021658146866041,446,505
gaze,134021658146963776,456,523
gaze,134021658147044625,453,505
gaze,134021658147130989,452,506
KeyUp,134021658147139705,8
gaze,134021658147212460,450,510
gaze,134021658147293709,440,497
gaze,134021658147360706,447,518
gaze,134021658147444013,453,505
gaze,134021658147546598,450,496
gaze,134021658147628363,457,525
gaze,134021658147713224,455,520
gaze,134021658147795133,453,514
gaze,134021658147879361,456,517
gaze,134021658147962181,460,526
KeyDown,134021658148021389,8
gaze,134021658148045810,452,506
gaze,134021658148127959,447,503
gaze,134021658148213216,444,512
gaze,134021658148296397,446,505
gaze,134021658148374475,454,520
gaze,134021658148463155,449,506
gaze,134021658148545366,466,524
gaze,134021658148631112,443,502
KeyUp,134021658148659899,8
gaze,134021658148707708,445,510
gaze,134021658148779529,446,499
gaze,134021658148860249,446,504
gaze,134021658148943220,452,499
gaze,134021658149046886,447,514
gaze,134021658149128458,450,514
gaze,134021658149214951,451,506
gaze,134021658149289935,443,500
gaze,134021658149362257,453,512
gaze,134021658149444478,449,518
KeyDown,134021658149460334,32
gaze,134021658149547406,448,512
gaze,134021658149628456,456,515
gaze,134021658149714241,450,498
gaze,134021658149796501,457,511
gaze,134021658149875126,452,514
gaze,134021658149963250,452,504
gaze,134021658150045739,451,532
KeyUp,134021658150108339,32
gaze,134021658150130737,449,501
gaze,134021658150212731,447,501
gaze,134021658150295085,449,502
gaze,134021658150373985,462,513
gaze,134021658150464194,450,513
gaze,134021658150545447,445,502
KeyDown,134021658150579901,73
gaze,134021658150631242,457,506
gaze,134021658150720192,452,512
gaze,134021658150792830,441,510
gaze,134021658150862955,450,498
gaze,134021658150942086,452,510
gaze,134021658151026984,446,508
gaze,134021658151130186,454,511
gaze,134021658151211790,452,511
gaze,134021658151292519,449,500
gaze,134021658151360098,463,519
gaze,134021658151445419,455,503
gaze,134021658151527440,451,508
gaze,134021658151630990,448,508
gaze,134021658151711794,447,501
gaze,134021658151798168,447,498
KeyUp,134021658151859473,73
gaze,134021658151878883,443,509
gaze,134021658151960046,457,507
gaze,134021658152046990,451,512
gaze,134021658152128814,449,503
gaze,134021658152212770,451,501
gaze,134021658152296582,457,519
gaze,134021658152380190,453,516
gaze,134021658152457544,470,500
gaze,134021658152547293,471,510
gaze,134021658152628688,467,503
gaze,134021658152714829,477,512
gaze,134021658152795484,481,509
gaze,134021658152875477,480,505
gaze,134021658152943016,471,511
gaze,134021658153026670,483,516
gaze,134021658153109784,475,512
gaze,134021658153213428,470,511
gaze,134021658153294741,474,503
gaze,134021658153376775,470,508
KeyDown,134021658153379984,76
gaze,134021658153443420,478,510
gaze,134021658153527180,470,509
gaze,134021658153610468,473,515
gaze,134021658153715341,477,496
gaze,134021658153796717,467,498
gaze,134021658153880742,474,502
gaze,134021658153962148,476,508
gaze,134021658154043221,472,505
gaze,134021658154131179,470,496
gaze,134021658154211801,471,509
gaze,134021658154297629,472,501
gaze,134021658154379013,476,498
gaze,134021658154465030,473,509
KeyUp,134021658154499912,76
KeyDown,134021658154504780,73
gaze,134021658154539301,478,508
gaze,134021658154631727,469,503
gaze,134021658154711770,469,505
gaze,134021658154797643,469,494
gaze,134021658154878861,475,515
gaze,134021658154959890,471,491
gaze,134021658155027433,475,500
KeyUp,134021658155059602,73
gaze,134021658155110113,474,498
gaze,134021658155214867,468,507
gaze,134021658155296025,473,501
gaze,134021658155381301,473,504
gaze,134021658155456792,471,500
gaze,134021658155528141,473,507
gaze,134021658155613220,473,496
gaze,134021658155714918,459,509
gaze,134021658155795953,471,505
gaze,134021658155884694,472,513
gaze,134021658155962913,460,509
gaze,134021658156043496,468,496
gaze,134021658156129981,458,507
gaze,134021658156213155,463,503
gaze,134021658156296590,465,502
gaze,134021658156378115,466,509
gaze,134021658156464233,466,501
gaze,134021658156540211,466,510
gaze,134021658156631955,466,505
gaze,134021658156712169,466,506
gaze,134021658156797931,477,511
gaze,134021658156879890,462,500
gaze,134021658156960255,471,512
gaze,134021658157028472,459,511
gaze,134021658157110296,471,493
gaze,134021658157215037,470,498
gaze,134021658157295163,469,516
gaze,134021658157381612,459,505
gaze,134021658157458791,464,509
gaze,134021658157528524,470,506
gaze,134021658157609156,470,499
KeyDown,134021658157619585,8
gaze,134021658157714605,465,501
gaze,134021658157796087,461,501
gaze,134021658157881545,465,518
gaze,134021658157961913,470,512
KeyUp,134021658158021429,8
gaze,134021658158044113,473,497
gaze,134021658158134304,466,506
gaze,134021658158213367,469,500
gaze,134021658158296675,468,498
gaze,134021658158379655,467,500
gaze,134021658158462054,476,508
gaze,134021658158540484,469,511
gaze,134021658158631222,469,500
gaze,134021658158713267,476,510
gaze,134021658158798424,472,510
gaze,134021658158878086,477,514
gaze,134021658158960629,476,518
gaze,134021658159026466,465,504
KeyDown,134021658159060651,8
gaze,134021658159111503,462,504
gaze,134021658159215344,472,520
gaze,134021658159296336,462,513
gaze,134021658159387696,472,510
gaze,134021658159460391,465,507
gaze,134021658159529516,476,512
KeyUp,134021658159540700,8
gaze,134021658159615397,469,503
gaze,134021658159714910,471,507
gaze,134021658159796008,473,505
gaze,134021658159881676,480,526
gaze,134021658159962716,471,512
gaze,134021658160042698,481,509
gaze,134021658160129775,470,500
gaze,134021658160212953,480,517
gaze,134021658160296924,464,497
gaze,134021658160380404,465,505
gaze,134021658160463736,468,501
gaze,134021658160541561,479,511
gaze,134021658160629357,465,505
gaze,134021658160713451,476,514
gaze,134021658160796517,476,499
gaze,134021658160879579,477,507
gaze,134021658160957038,473,504
gaze,134021658161027153,474,505
gaze,134021658161110431,477,510
KeyDown,134021658161139650,78
gaze,134021658161215226,476,515
gaze,134021658161295896,470,516
gaze,134021658161380814,470,507
gaze,134021658161457994,476,518
gaze,134021658161529918,479,510
gaze,134021658161611038,473,516
gaze,134021658161715189,478,518
gaze,134021658161796516,474,513
KeyUp,134021658161860411,78
gaze,134021658161880561,471,521
gaze,134021658161962685,480,502
gaze,134021658162050540,474,492
gaze,134021658162130826,475,507
gaze,134021658162212306,472,502
gaze,134021658162298887,474,498
gaze,134021658162379964,468,503
gaze,134021658162464282,469,515
gaze,134021658162541115,468,514
gaze,134021658162632704,476,508
gaze,134021658162713663,473,518
gaze,134021658162799223,481,507
gaze,134021658162879310,470,506
KeyDown,134021658162900014,76
gaze,134021658162959274,480,523
gaze,134021658163027473,475,516
gaze,134021658163111373,474,517
gaze,134021658163215364,470,513
gaze,134021658163296500,476,513
gaze,134021658163387600,468,503
gaze,134021658163457627,471,505
KeyDown,134021658163460203,73
gaze,134021658163530079,470,503
gaze,134021658163611054,471,513
gaze,134021658163695284,471,510
gaze,134021658163803564,478,516
KeyUp,134021658163860076,76
gaze,134021658163879438,474,504
gaze,134021658163964874,472,517
gaze,134021658164042259,474,523
gaze,134021658164132116,476,519
gaze,134021658164213103,471,521
gaze,134021658164298056,464,505
KeyDown,134021658164339748,78
gaze,134021658164378555,469,501
gaze,134021658164466013,470,504
KeyUp,134021658164499816,73
gaze,134021658164550325,462,504
gaze,134021658164626327,473,511
gaze,134021658164713132,471,506
gaze,134021658164797498,469,511
gaze,134021658164879941,465,508
gaze,134021658164961317,473,512
gaze,134021658165027439,470,508
gaze,134021658165110795,470,503
KeyUp,134021658165139792,78
gaze,134021658165215147,464,506
gaze,134021658165295761,468,503
gaze,134021658165381978,478,515
gaze,134021658165463657,472,508
gaze,134021658165542365,470,508
gaze,134021658165614053,471,517
gaze,134021658165694782,472,520
KeyDown,134021658165781336,69
gaze,134021658165798283,469,508
gaze,134021658165879948,462,519
gaze,134021658165966136,366,567
gaze,134021658166041825,306,642
gaze,134021658166133000,239,699
gaze,134021658166213421,221,748
gaze,134021658166299595,224,753
gaze,134021658166374740,234,756
gaze,134021658166461942,234,763
gaze,134021658166546534,239,763
KeyUp,134021658166579115,69
gaze,134021658166625108,235,762
gaze,134021658166714341,242,765
gaze,134021658166796860,244,761
gaze,134021658166880664,244,760
gaze,134021658166958693,238,757
gaze,134021658167027670,249,760
gaze,134021658167110869,240,762
KeyDown,134021658167140615,32
gaze,134021658167215414,241,760
gaze,134021658167296840,242,755
gaze,134021658167384756,244,761
gaze,134021658167462970,245,758
gaze,134021658167544186,243,759
gaze,134021658167611240,244,752
KeyUp,134021658167619489,32
gaze,134021658167695170,247,761
gaze,134021658167798468,249,761
gaze,134021658167880588,236,754
gaze,134021658167965337,244,761
gaze,134021658168041875,252,763
gaze,134021658168133921,247,771
gaze,134021658168213616,263,768
gaze,134021658168299935,264,777
KeyDown,134021658168339735,70
gaze,134021658168380619,261,775
gaze,134021658168465820,263,773
gaze,134021658168547665,255,771
gaze,134021658168627911,255,772
KeyUp,134021658168659791,70
KeyDown,134021658168665222,85
gaze,134021658168714552,257,770
gaze,134021658168797067,254,767
gaze,134021658168880924,244,768
gaze,134021658168958363,253,766
gaze,134021658169028697,241,772
gaze,134021658169110808,254,763
gaze,134021658169194937,262,775
KeyUp,134021658169304185,85
gaze,134021658169304539,260,772
gaze,134021658169380784,259,770
gaze,134021658169468078,248,767
gaze,134021658169540812,251,759
gaze,134021658169613598,257,764
gaze,134021658169694291,258,770
KeyDown,134021658169700277,78
gaze,134021658169778488,254,763
gaze,134021658169881860,257,765
gaze,134021658169963918,253,773
gaze,134021658170046856,250,763
gaze,134021658170127236,250,765
gaze,134021658170214558,255,770
gaze,134021658170297827,262,771
gaze,134021658170381002,246,769
KeyUp,134021658170421984,78
gaze,134021658170464191,265,777
gaze,134021658170547456,273,758
gaze,134021658170630267,267,753
KeyDown,134021658170659581,67
gaze,134021658170709315,260,754
gaze,134021658170798344,265,749
gaze,134021658170880000,262,750
gaze,134021658170966602,267,752
gaze,134021658171042202,271,758
gaze,134021658171112758,270,754
gaze,134021658171195041,266,754
gaze,134021658171278498,263,752
KeyUp,134021658171299324,67
gaze,134021658171382220,265,756
gaze,134021658171464441,260,755
gaze,134021658171548812,266,756
gaze,134021658171624937,276,754
gaze,134021658171703659,266,752
gaze,134021658171778788,270,751
gaze,134021658171861079,266,759
gaze,134021658171964754,269,755
gaze,134021658172047448,268,756
gaze,134021658172132165,266,756
gaze,134021658172207756,265,750
KeyDown,134021658172260112,84
gaze,134021658172299590,266,750
gaze,134021658172380868,269,761
gaze,134021658172466883,279,762
gaze,134021658172550387,266,753
gaze,134021658172632552,267,752
KeyDown,134021658172660624,73
gaze,134021658172714447,265,763
gaze,134021658172796173,265,760
gaze,134021658172881688,276,760
gaze,134021658172963834,271,758
gaze,134021658173048652,277,756
KeyUp,134021658173059307,84
KeyDown,134021658173062210,79
gaze,134021658173124339,265,765
gaze,134021658173196987,268,763
gaze,134021658173278651,274,763
gaze,134021658173381829,275,759
gaze,134021658173466134,274,763
KeyDown,134021658173540495,78
gaze,134021658173549446,274,757
gaze,134021658173630838,268,764
gaze,134021658173710492,274,764
gaze,134021658173780148,260,764
KeyUp,134021658173781828,73
gaze,134021658173860983,268,762
gaze,134021658173965608,325,775
KeyUp,134021658174020230,79
gaze,134021658174047131,411,764
gaze,134021658174132538,443,771
gaze,134021658174208668,449,776
gaze,134021658174299317,456,778
gaze,134021658174380610,453,783
gaze,134021658174466157,452,778
gaze,134021658174547629,448,773
KeyUp,134021658174579875,78
gaze,134021658174631571,451,774
gaze,134021658174713412,464,775
gaze,134021658174794436,452,769
gaze,134021658174881343,457,781
gaze,134021658174964661,463,772
gaze,134021658175046967,456,777
KeyDown,134021658175060120,32
gaze,134021658175127050,457,777
gaze,134021658175197052,448,767
gaze,134021658175279608,457,775
gaze,134021658175382125,457,777
gaze,134021658175464193,448,769
gaze,134021658175549152,451,776
gaze,134021658175633315,448,775
gaze,134021658175710886,455,777
gaze,134021658175779283,447,777
gaze,134021658175861855,456,770
gaze,134021658175945872,448,773
KeyUp,134021658176022298,32
gaze,134021658176050922,450,773
gaze,134021658176130716,442,767
gaze,134021658176211809,452,773
gaze,134021658176298436,449,776
gaze,134021658176383448,450,761
gaze,134021658176465232,447,772
gaze,134021658176547110,453,780
gaze,134021658176630942,443,764
gaze,134021658176713164,452,775
gaze,134021658176798173,437,767
gaze,134021658176875575,453,774
gaze,134021658176966635,445,770
gaze,134021658177047605,454,774
gaze,134021658177127429,451,770
gaze,134021658177195547,451,766
gaze,134021658177278628,447,777
gaze,134021658177361325,448,775
gaze,134021658177465257,443,774
gaze,134021658177546532,450,769
gaze,134021658177632081,456,775
gaze,134021658177713760,437,779
gaze,134021658177795059,348,796
gaze,134021658177861966,302,807
gaze,134021658177944571,269,810
gaze,134021658178048781,269,814
gaze,134021658178131041,273,806
gaze,134021658178214651,270,811
gaze,134021658178293835,270,809
gaze,134021658178382122,276,819
gaze,134021658178464410,278,809
gaze,134021658178549287,271,817
gaze,134021658178630010,275,819
gaze,134021658178715704,281,804
gaze,134021658178797738,274,802
gaze,134021658178877889,276,806
gaze,134021658178964728,282,815
gaze,134021658179048127,286,813
gaze,134021658179131662,275,813
gaze,134021658179209670,278,814
gaze,134021658179279328,277,817
gaze,134021658179363228,284,808
gaze,134021658179466833,278,810
gaze,134021658179547193,277,802
gaze,134021658179632434,280,811
gaze,134021658179714242,276,807
gaze,134021658179794608,284,803
gaze,134021658179862113,274,807
gaze,134021658179945396,266,807
gaze,134021658180051688,277,813
gaze,134021658180132720,268,812
gaze,134021658180217155,272,801
gaze,134021658180293521,277,806
gaze,134021658180384350,279,808
gaze,134021658180464762,281,807
gaze,134021658180549735,267,797
gaze,134021658180631022,278,812
gaze,134021658180717075,280,806
gaze,134021658180798158,282,805
gaze,134021658180878368,279,806
gaze,134021658180965555,282,796
gaze,134021658181048134,276,807
gaze,134021658181133283,268,818
gaze,134021658181208986,229,853
gaze,134021658181281193,217,881
gaze,134021658181362557,206,916
gaze,134021658181469558,210,921
gaze,134021658181547882,217,921
gaze,134021658181633565,214,923
gaze,134021658181715185,214,921
gaze,134021658181794348,214,929
gaze,134021658181862735,215,929
gaze,134021658181945817,209,919
gaze,134021658182050719,213,930
gaze,134021658182131099,214,916
gaze,134021658182216634,215,919
gaze,134021658182292976,215,925
gaze,134021658182383832,206,916
gaze,134021658182464775,208,917
gaze,134021658182550485,219,920
gaze,134021658182631325,220,923
gaze,134021658182721277,214,919
gaze,134021658182798167,210,927
gaze,134021658182879060,220,931
gaze,134021658182965757,211,923
gaze,134021658183047910,213,923
gaze,134021658183132735,212,926
gaze,134021658183207638,210,930
gaze,134021658183280038,213,925
gaze,134021658183362158,221,927
gaze,134021658183446205,207,916
gaze,134021658183550759,202,919
gaze,134021658183630849,218,921
gaze,134021658183717014,213,917
gaze,134021658183792300,214,921
MouseMove,134021658183860937,568,508
gaze,134021658183863817,219,924
MouseMove,134021658183939878,560,511
gaze,134021658183945918,223,923
MouseMove,134021658184020319,551,518
gaze,134021658184029377,218,926
MouseMove,134021658184100079,548,529
gaze,134021658184132855,207,921
MouseMove,134021658184180227,543,546
gaze,134021658184214347,213,916
MouseMove,134021658184258965,538,570
gaze,134021658184299907,213,924
MouseMove,134021658184341129,535,586
gaze,134021658184374959,211,919
MouseMove,134021658184419819,532,597
gaze,134021658184467955,212,916
MouseMove,134021658184499480,531,606
gaze,134021658184548633,219,908
MouseMove,134021658184579502,529,619
gaze,134021658184632243,277,899
MouseMove,134021658184659943,527,631
gaze,134021658184715226,351,843
MouseMove,134021658184739248,527,644
gaze,134021658184799831,386,817
MouseMove,134021658184820197,525,656
gaze,134021658184881387,389,802
MouseMove,134021658184900220,520,667
gaze,134021658184961185,395,812
MouseMove,134021658184982162,516,676
gaze,134021658185048496,392,808
MouseMove,134021658185059426,512,688
gaze,134021658185129915,382,812
MouseMove,134021658185139469,504,698
gaze,134021658185217086,385,801
MouseMove,134021658185220894,499,704
gaze,134021658185292761,393,813
MouseMove,134021658185298854,494,711
gaze,134021658185365837,390,811
MouseMove,134021658185380573,487,719
gaze,134021658185445292,384,806
MouseMove,134021658185459982,482,725
gaze,134021658185528754,387,803
MouseMove,134021658185539510,478,730
MouseMove,134021658185621850,473,737
gaze,134021658185640874,376,808
MouseMove,134021658185699942,471,744
gaze,134021658185714782,383,813
MouseMove,134021658185780117,471,757
gaze,134021658185799278,386,813
MouseMove,134021658185860813,469,772
gaze,134021658185876201,392,813
MouseMove,134021658185940236,467,790
gaze,134021658185946974,395,808
MouseMove,134021658186023647,465,810
gaze,134021658186029516,385,806
MouseMove,134021658186100951,461,822
gaze,134021658186133912,389,807
MouseMove,134021658186179230,457,835
gaze,134021658186213925,379,810
MouseMove,134021658186261693,456,844
gaze,134021658186300413,387,815
MouseMove,134021658186339974,455,852
gaze,134021658186381189,392,810
MouseMove,134021658186419244,454,856
gaze,134021658186461930,396,812
MouseMove,134021658186499736,454,858
gaze,134021658186547906,396,813
MouseMove,134021658186579187,454,859
gaze,134021658186630071,384,812
MouseMove,134021658186659122,454,860
gaze,134021658186716904,390,817
MouseMove,134021658186740193,454,860
gaze,134021658186798410,391,815
MouseMove,134021658186819444,454,861
gaze,134021658186883908,384,808
MouseMove,134021658186899763,454,862
gaze,134021658186959801,389,819
MouseMove,134021658186980377,454,863
gaze,134021658187050031,384,804
MouseMove,134021658187060625,454,865
gaze,134021658187129986,381,810
MouseMove,134021658187140098,454,866
gaze,134021658187217031,385,817
MouseMove,134021658187219770,454,867
gaze,134021658187297496,353,800
MouseMove,134021658187300091,454,869
MouseMove,134021658187379623,454,870
gaze,134021658187382350,306,774
gaze,134021658187445223,291,775
gaze,134021658187528154,296,775
gaze,134021658187632733,287,773
gaze,134021658187713434,297,774
gaze,134021658187799214,305,782
gaze,134021658187875916,298,781
gaze,134021658187947107,295,773
MouseWheel,134021658188021296,120
gaze,134021658188029818,292,777
gaze,134021658188134706,298,783
gaze,134021658188214385,302,782
gaze,134021658188300504,299,779
gaze,134021658188380937,293,781
gaze,134021658188462049,301,787
gaze,134021658188550037,297,780
gaze,134021658188630675,293,774
gaze,134021658188713936,297,783
gaze,134021658188797758,292,783
gaze,134021658188880774,283,781
gaze,134021658188959058,290,774
gaze,134021658189049555,289,775
gaze,134021658189130584,297,777
gaze,134021658189216157,296,777
gaze,134021658189298029,298,779
gaze,134021658189378644,299,777
gaze,134021658189463040,292,774
gaze,134021658189528849,297,778
gaze,134021658189633978,308,780
gaze,134021658189714122,304,773
gaze,134021658189799321,293,772
gaze,134021658189875306,297,779
gaze,134021658189947350,305,779
gaze,134021658190028994,298,773
gaze,134021658190112911,299,776
gaze,134021658190216706,310,779
gaze,134021658190297856,296,782
gaze,134021658190383754,297,777
gaze,134021658190459557,302,781
gaze,134021658190549216,306,777
gaze,134021658190629510,300,781
gaze,134021658190716799,304,780
gaze,134021658190797755,304,774
gaze,134021658190883020,303,774
gaze,134021658190963405,295,774
gaze,134021658191044193,297,780
gaze,134021658191132228,302,779
gaze,134021658191214255,305,773
gaze,134021658191299454,298,772
gaze,134021658191376179,267,780
gaze,134021658191447329,272,777
gaze,134021658191528739,272,771
gaze,134021658191612799,270,770
gaze,134021658191717282,261,779
gaze,134021658191797490,253,778
gaze,134021658191883489,258,774
gaze,134021658191959112,252,776
gaze,134021658192030574,265,782
gaze,134021658192112441,268,777
gaze,134021658192216240,267,774
gaze,134021658192297154,263,779
gaze,134021658192382279,262,784
gaze,134021658192463904,262,776
gaze,134021658192544047,261,781
gaze,134021658192632582,261,768
gaze,134021658192715737,270,774
gaze,134021658192798247,270,784
gaze,134021658192880899,268,776
gaze,134021658192964301,258,777
gaze,134021658193043054,272,777
KeyDown,134021658193059740,192
gaze,134021658193131331,256,781
gaze,134021658193215154,256,776
gaze,134021658193297127,263,781
gaze,134021658193382076,263,774
gaze,134021658193463538,269,777
gaze,134021658193528616,257,771
gaze,134021658193612431,265,774
gaze,134021658193717013,266,777
gaze,134021658193797604,270,782
gaze,134021658193882786,258,784
gaze,134021658193959591,263,780
gaze,134021658194030067,257,770
gaze,134021658194112175,256,785
gaze,134021658194215856,265,778
KeyUp,134021658194259566,192
gaze,134021658194297678,260,774
gaze,134021658194382854,264,778
gaze,134021658194464686,258,775
gaze,134021658194544086,263,777
gaze,134021658194631909,261,774
gaze,134021658194717881,263,778
gaze,134021658194799616,263,788
gaze,134021658194882424,261,781
gaze,134021658194965081,264,776
gaze,134021658195041998,266,777
gaze,134021658195132737,358,729
gaze,134021658195215618,490,635
gaze,134021658195298286,590,504
gaze,134021658195381553,621,445
gaze,134021658195459898,621,498
gaze,134021658195528889,614,479
gaze,134021658195616601,614,519
gaze,134021658195717319,614,527
gaze,134021658195798014,615,526
gaze,134021658195883269,609,514
gaze,134021658195960395,604,516
gaze,134021658196031519,616,521
gaze,134021658196118469,613,530
gaze,134021658196195793,608,517
gaze,134021658196299528,609,515
gaze,134021658196380633,608,518
gaze,134021658196466762,614,508
gaze,134021658196541661,603,505
gaze,134021658196633704,605,516
gaze,134021658196714703,604,514
gaze,134021658196799940,601,489
gaze,134021658196881381,608,511
gaze,134021658196966818,606,512
gaze,134021658197047935,609,509
gaze,134021658197127274,606,516
gaze,134021658197215835,608,515
gaze,134021658197298356,613,534
gaze,134021658197384243,604,487
gaze,134021658197462544,613,523
gaze,134021658197530352,615,524
gaze,134021658197611339,604,503
gaze,134021658197696228,620,503
gaze,134021658197798958,615,500
gaze,134021658197885296,621,508
gaze,134021658197965472,618,499
gaze,134021658198043987,612,496
gaze,134021658198111317,618,504
gaze,134021658198195269,614,473
gaze,134021658198279399,615,496
gaze,134021658198383148,618,507
gaze,134021658198470098,612,505
gaze,134021658198548231,611,519
gaze,134021658198624171,615,509
gaze,134021658198716767,615,507
gaze,134021658198798752,618,494
gaze,134021658198882717,616,503
gaze,134021658198963546,610,505
gaze,134021658199048667,622,520
gaze,134021658199129963,610,504
gaze,134021658199210916,610,518
gaze,134021658199298716,617,514
gaze,134021658199380620,619,516
gaze,134021658199467425,610,486
gaze,134021658199541173,617,505
gaze,134021658199613427,615,498
gaze,134021658199695834,613,503
gaze,134021658199799137,498,560
gaze,134021658199880425,327,627
gaze,134021658199967077,160,693
gaze,134021658200048013,58,738
gaze,134021658200129678,52,780
gaze,134021658200197143,93,789
gaze,134021658200280446,111,803
gaze,134021658200383306,110,800
gaze,134021658200464856,105,801
gaze,134021658200549943,120,797
gaze,134021658200625413,114,798
gaze,134021658200718104,113,801
gaze,134021658200798643,110,799
gaze,134021658200886596,123,804
gaze,134021658200964401,116,800
gaze,134021658201049530,110,803
gaze,134021658201131112,125,802
gaze,134021658201212334,115,799
gaze,134021658201298903,126,803
gaze,134021658201385309,120,804
gaze,134021658201467071,115,800
gaze,134021658201543798,125,805
gaze,134021658201613757,111,802
gaze,134021658201696974,110,797
gaze,134021658201808095,118,800
gaze,134021658201880997,114,798
gaze,134021658201967431,117,800
gaze,134021658202048257,118,793
gaze,134021658202127524,111,794
gaze,134021658202196004,124,795
gaze,134021658202280159,102,787
gaze,134021658202383996,87,770
gaze,134021658202465003,98,781
gaze,134021658202550465,90,769
gaze,134021658202625276,86,770
gaze,134021658202719599,93,770
gaze,134021658202798957,87,764
gaze,134021658202884257,94,767
gaze,134021658202964328,101,772
gaze,134021658203050249,93,765
gaze,134021658203131168,104,769
gaze,134021658203210809,93,769
gaze,134021658203299760,104,765
gaze,134021658203382770,104,776
gaze,134021658203466751,106,771
gaze,134021658203543860,83,763
gaze,134021658203615543,97,764
gaze,134021658203696808,102,771
gaze,134021658203801389,101,769
gaze,134021658203881098,76,775
gaze,134021658203967208,64,768
gaze,134021658204048088,71,773
gaze,134021658204129243,75,771
gaze,134021658204197651,59,766
gaze,134021658204278944,66,765
gaze,134021658204362388,62,765
gaze,134021658204466946,78,767
gaze,134021658204547647,66,767
gaze,134021658204628459,72,764
gaze,134021658204715999,66,767
gaze,134021658204799117,72,766
gaze,134021658204882102,68,764
gaze,134021658204965511,71,770
gaze,134021658205048522,76,772
gaze,134021658205131746,65,772
gaze,134021658205214524,73,774
gaze,134021658205294087,69,764
gaze,134021658205389276,69,770
gaze,134021658205465038,77,770
gaze,134021658205545085,70,764
gaze,134021658205615429,67,768
gaze,134021658205702031,75,767
gaze,134021658205779567,83,770
gaze,134021658205882398,80,771
gaze,134021658205965213,76,770
gaze,134021658206048157,85,773
gaze,134021658206131617,75,768
gaze,134021658206209625,76,777
gaze,134021658206279320,82,777
KeyDown,134021658206340643,83
gaze,134021658206362148,83,772
gaze,134021658206446617,75,767
gaze,134021658206550102,72,776
gaze,134021658206631479,90,779
gaze,134021658206716090,109,768
gaze,134021658206799883,138,762
gaze,134021658206884700,121,771
gaze,134021658206968848,126,766
gaze,134021658207054888,128,772
gaze,134021658207132756,136,771
KeyUp,134021658207141133,83
gaze,134021658207214333,125,762
gaze,134021658207297926,131,772
gaze,134021658207376229,129,767
gaze,134021658207465653,138,779
gaze,134021658207546896,135,775
gaze,134021658207627140,135,771
gaze,134021658207696302,130,765
gaze,134021658207779004,136,771
gaze,134021658207862457,141,772
KeyDown,134021658207939677,84
gaze,134021658207965438,130,766
gaze,134021658208047978,134,768
gaze,134021658208133754,127,767
gaze,134021658208214964,131,771
gaze,134021658208295354,137,767
gaze,134021658208362355,128,772
gaze,134021658208445108,129,773
gaze,134021658208549318,142,776
KeyDown,134021658208579924,65
gaze,134021658208630275,132,770
gaze,134021658208716996,134,768
KeyUp,134021658208740047,84
gaze,134021658208795684,143,774
gaze,134021658208883591,130,766
gaze,134021658208965235,131,772
gaze,134021658209047394,139,767
gaze,134021658209131700,146,770
gaze,134021658209215023,135,770
gaze,134021658209298465,129,769
gaze,134021658209377314,150,773
gaze,134021658209467425,144,768
gaze,134021658209547422,143,776
KeyDown,134021658209619671,84
gaze,134021658209633569,130,765
gaze,134021658209708610,129,769
KeyUp,134021658209780237,65
gaze,134021658209780409,126,766
gaze,134021658209862483,133,769
gaze,134021658209965623,138,769
gaze,134021658210049215,140,775
gaze,134021658210131453,129,774
gaze,134021658210214697,136,773
gaze,134021658210294254,133,770
gaze,134021658210362225,132,774
KeyUp,134021658210420196,84
gaze,134021658210445517,128,776
gaze,134021658210532873,142,774
gaze,134021658210632296,141,770
gaze,134021658210714495,136,772
gaze,134021658210796022,145,777
gaze,134021658210882201,136,771
gaze,134021658210963259,141,773
KeyDown,134021658210979565,73
gaze,134021658211050625,135,772
gaze,134021658211131817,133,785
gaze,134021658211217022,136,773
gaze,134021658211298670,144,769
gaze,134021658211383783,130,773
gaze,134021658211460771,132,768
gaze,134021658211550292,141,775
gaze,134021658211631526,136,776
gaze,134021658211711605,148,774
KeyUp,134021658211779927,73
gaze,134021658211779027,128,776
gaze,134021658211862882,140,773
gaze,134021658211946138,179,771
gaze,134021658212049532,180,773
gaze,134021658212130791,171,768
gaze,134021658212217075,182,773
gaze,134021658212298051,185,779
gaze,134021658212379400,175,770
gaze,134021658212446477,181,766
KeyDown,134021658212499909,67
gaze,134021658212529739,167,766
gaze,134021658212612354,175,773
gaze,134021658212717651,173,761
gaze,134021658212798077,171,769
gaze,134021658212880144,172,769
gaze,134021658212965447,181,758
gaze,134021658213048488,182,766
gaze,134021658213131396,180,766
KeyUp,134021658213139567,67
gaze,134021658213214303,179,764
gaze,134021658213298411,182,769
gaze,134021658213382679,178,768
gaze,134021658213464453,180,771
gaze,134021658213543432,166,775
gaze,134021658213635448,221,761
gaze,134021658213715418,369,709
gaze,134021658213792797,504,603
gaze,134021658213861795,587,530
gaze,134021658213941136,622,523
gaze,134021658214024244,640,491
gaze,134021658214128412,640,517
gaze,134021658214210615,636,529
gaze,134021658214292978,633,519
gaze,134021658214380206,631,523
gaze,134021658214456650,620,522
gaze,134021658214524468,628,521
gaze,134021658214606750,628,523
gaze,134021658214710831,625,522
gaze,134021658214798568,628,518
gaze,134021658214876900,630,530
gaze,134021658214956394,622,526
gaze,134021658215044457,627,522
gaze,134021658215131768,633,524
gaze,134021658215214167,634,526
gaze,134021658215297791,624,532
gaze,134021658215380194,629,519
KeyDown,134021658215460259,73
gaze,134021658215465597,627,506
gaze,134021658215541730,630,523
gaze,134021658215636178,635,536
gaze,134021658215714295,634,522
gaze,134021658215799868,625,520
gaze,134021658215871230,646,490
gaze,134021658215943282,641,488
gaze,134021658216024129,642,491
gaze,134021658216107388,653,496
gaze,134021658216211445,641,494
KeyUp,134021658216261084,73
gaze,134021658216293008,644,470
gaze,134021658216377497,644,482
gaze,134021658216455815,645,479
gaze,134021658216528581,650,489
gaze,134021658216611163,637,483
gaze,134021658216715883,652,503
gaze,134021658216798330,646,489
gaze,134021658216883502,644,505
gaze,134021658216964627,643,488
gaze,134021658217044717,643,467
gaze,134021658217132138,652,486
gaze,134021658217213475,648,494
gaze,134021658217299526,653,498
gaze,134021658217380213,649,481
gaze,134021658217466555,651,489
gaze,134021658217541752,646,488
gaze,134021658217633108,640,500
gaze,134021658217716789,642,473
gaze,134021658217799776,644,488
gaze,134021658217880693,648,499
gaze,134021658217960528,646,491
gaze,134021658218028836,653,497
gaze,134021658218111465,648,487
gaze,134021658218194732,641,499
gaze,134021658218299313,647,485
gaze,134021658218379615,650,496
gaze,134021658218466578,641,492
gaze,134021658218528692,642,482
gaze,134021658218611362,647,501
gaze,134021658218695183,646,499
gaze,134021658218799134,623,501
gaze,134021658218879815,516,503
gaze,134021658218966570,485,502
gaze,134021658219047045,471,501
gaze,134021658219127103,470,497
gaze,134021658219214504,471,494
gaze,134021658219297744,477,482
gaze,134021658219380612,482,496
gaze,134021658219464297,474,479
gaze,134021658219547454,480,501
gaze,134021658219624260,477,492
gaze,134021658219714726,472,486
gaze,134021658219797202,479,480
gaze,134021658219880571,485,491
gaze,134021658219963803,474,491
KeyDown,134021658220021433,8
gaze,134021658220043679,486,502
gaze,134021658220112288,484,485
gaze,134021658220195354,476,477
KeyUp,134021658220259854,8
gaze,134021658220278771,472,491
gaze,134021658220382468,476,482
gaze,134021658220463958,478,495
gaze,134021658220544037,479,493
gaze,134021658220611996,477,488
gaze,134021658220695150,485,488
gaze,134021658220798554,475,491
gaze,134021658220879697,475,498
gaze,134021658220965456,476,479
gaze,134021658221046944,476,482
gaze,134021658221132491,474,502
gaze,134021658221207808,474,488
gaze,134021658221299444,477,491
gaze,134021658221390971,478,491
gaze,134021658221466345,477,483
gaze,134021658221547873,475,486
gaze,134021658221627403,483,496
gaze,134021658221714501,551,486
gaze,134021658221797893,559,467
gaze,134021658221880904,557,501
gaze,134021658221964128,565,476
gaze,134021658222046650,571,495
gaze,134021658222127962,568,495
gaze,134021658222194498,573,494
gaze,134021658222278185,572,498
gaze,134021658222381690,570,485
gaze,134021658222464288,575,486
gaze,134021658222542336,566,484
gaze,134021658222611776,566,484
gaze,134021658222694901,574,485
gaze,134021658222799184,557,464
gaze,134021658222880919,567,472
gaze,134021658222964147,555,457
gaze,134021658223048962,565,485
gaze,134021658223129969,564,493
gaze,134021658223210926,584,492
gaze,134021658223294725,657,493
gaze,134021658223381845,631,494
gaze,134021658223464301,629,488
gaze,134021658223547027,636,480
gaze,134021658223626283,635,477
gaze,134021658223715248,621,474
gaze,134021658223805144,629,484
gaze,134021658223881244,627,498
gaze,134021658223964053,632,478
gaze,134021658224048707,627,496
gaze,134021658224126324,629,474
gaze,134021658224194600,629,481
gaze,134021658224278040,632,483
gaze,134021658224381903,627,480
gaze,134021658224464003,636,491
gaze,134021658224543581,637,485
gaze,134021658224613974,626,476
gaze,134021658224695987,630,485
gaze,134021658224799308,629,452
gaze,134021658224881144,631,466
gaze,134021658224965864,622,493
gaze,134021658225046939,540,502
gaze,134021658225133028,474,499
gaze,134021658225209023,477,490
gaze,134021658225301954,475,498
gaze,134021658225384674,478,480
gaze,134021658225466690,474,481
gaze,134021658225547044,484,498
gaze,134021658225629171,483,490
gaze,134021658225714292,479,497
gaze,134021658225797825,476,491
gaze,134021658225880625,476,497
gaze,134021658225964410,481,489
KeyDown,134021658226020272,162
gaze,134021658226047253,474,497
gaze,134021658226124403,472,484
gaze,134021658226195377,470,482
gaze,134021658226278140,479,481
gaze,134021658226382802,476,503
gaze,134021658226464109,475,493
gaze,134021658226543554,479,482
gaze,134021658226612050,481,503
gaze,134021658226695291,483,485
KeyDown,134021658226741190,8
gaze,134021658226779008,482,503
gaze,134021658226882725,426,487
gaze,134021658226965413,429,492
gaze,134021658227048103,436,504
gaze,134021658227133410,433,498
gaze,134021658227208441,440,494
gaze,134021658227300519,434,503
KeyUp,134021658227380519,8
gaze,134021658227380499,445,497
gaze,134021658227466328,437,501
gaze,134021658227547528,440,491
gaze,134021658227632690,436,484
gaze,134021658227708594,438,494
gaze,134021658227799397,431,485
gaze,134021658227880460,435,491
gaze,134021658227967229,436,486
gaze,134021658228049315,440,502
gaze,134021658228127025,435,495
gaze,134021658228196660,436,489
gaze,134021658228278765,433,492
gaze,134021658228362034,436,487
KeyDown,134021658228420102,8
gaze,134021658228465990,438,493
gaze,134021658228546584,438,505
gaze,134021658228627869,441,500
gaze,134021658228696063,440,506
gaze,134021658228778882,437,501
gaze,134021658228882050,431,489
KeyUp,134021658228900020,8
gaze,134021658228964069,431,483
gaze,134021658229048272,437,505
gaze,134021658229130718,442,511
gaze,134021658229213878,439,501
gaze,134021658229292603,434,502
gaze,134021658229385960,441,501
gaze,134021658229464274,434,501
gaze,134021658229547766,473,497
gaze,134021658229631247,466,494
gaze,134021658229708970,475,510
gaze,134021658229799005,483,496
gaze,134021658229880985,467,493
KeyDown,134021658229940142,8
gaze,134021658229965296,474,498
gaze,134021658230048727,474,503
gaze,134021658230131374,469,490
gaze,134021658230208461,469,501
gaze,134021658230280035,469,504
gaze,134021658230362436,471,492
gaze,134021658230466447,471,492
KeyUp,134021658230501332,8
gaze,134021658230546800,470,490
gaze,134021658230626862,474,484
gaze,134021658230696313,470,503
gaze,134021658230779116,474,491
gaze,134021658230882177,466,492
gaze,134021658230964034,470,489
gaze,134021658231047726,475,502
gaze,134021658231130915,469,505
gaze,134021658231214258,470,496
KeyDown,134021658231300642,8
gaze,134021658231293229,462,502
gaze,134021658231383170,468,501
gaze,134021658231465658,472,498
gaze,134021658231549509,467,492
gaze,134021658231631020,461,496
gaze,134021658231712483,466,502
gaze,134021658231797916,473,500
gaze,134021658231881260,469,499
gaze,134021658231964077,474,495
KeyUp,134021658232020474,8
gaze,134021658232049697,473,494
gaze,134021658232133685,464,500
gaze,134021658232209013,472,507
gaze,134021658232279455,468,507
gaze,134021658232362346,467,503
gaze,134021658232445595,472,504
gaze,134021658232549532,468,498
gaze,134021658232625376,470,502
gaze,134021658232697740,471,507
gaze,134021658232779275,472,506
gaze,134021658232882717,474,507
gaze,134021658232963887,473,510
gaze,134021658233050368,470,506
gaze,134021658233131424,473,497
gaze,134021658233216043,473,509
gaze,134021658233297713,469,489
gaze,134021658233381056,469,512
gaze,134021658233465785,470,515
gaze,134021658233547868,466,503
gaze,134021658233631297,472,509
gaze,134021658233708789,462,502
gaze,134021658233798800,471,506
gaze,134021658233880873,470,497
gaze,134021658233965414,475,509
gaze,134021658234047820,465,505
gaze,134021658234131039,457,476
gaze,134021658234217977,468,479
KeyUp,134021658234259128,162
gaze,134021658234280717,636,878
gaze,134021658235543258,540,827
gaze,134021658235635518,501,678
gaze,134021658235705143,471,527
KeyDown,134021658235780209,70
gaze,134021658235795880,453,464
gaze,134021658235883527,474,465
gaze,134021658235965795,472,452
gaze,134021658236048934,456,455
gaze,134021658236131508,472,473
gaze,134021658236214320,473,493
gaze,134021658236298247,472,510
gaze,134021658236376361,473,512
KeyUp,134021658236419205,70
gaze,134021658236445846,481,520
gaze,134021658236529373,467,529
gaze,134021658236633081,483,517
gaze,134021658236708716,477,509
gaze,134021658236780908,481,507
gaze,134021658236863065,478,531
KeyDown,134021658236900129,85
gaze,134021658236968197,479,525
gaze,134021658237048420,471,523
gaze,134021658237133178,478,528
gaze,134021658237214316,470,521
gaze,134021658237299801,470,530
gaze,134021658237381975,473,527
gaze,134021658237461467,477,534
gaze,134021658237548406,478,530
gaze,134021658237630391,473,517
KeyUp,134021658237700643,85
gaze,134021658237714413,477,511
gaze,134021658237793065,465,521
gaze,134021658237883209,481,517
gaze,134021658237965212,480,533
gaze,134021658238050687,466,513
gaze,134021658238131314,475,518
gaze,134021658238217213,471,503
gaze,134021658238298590,466,502
gaze,134021658238378267,469,499
KeyDown,134021658238419853,78
gaze,134021658238445861,473,501
gaze,134021658238529218,462,498
gaze,134021658238612255,475,511
gaze,134021658238717815,469,500
gaze,134021658238779668,471,507
gaze,134021658238863435,474,511
gaze,134021658238946540,469,515
gaze,134021658239050072,475,506
KeyUp,134021658239060571,78
gaze,134021658239131482,475,506
gaze,134021658239217522,476,500
gaze,134021658239304134,465,502
KeyDown,134021658239380473,67
gaze,134021658239383547,472,504
gaze,134021658239465096,470,516
gaze,134021658239545139,472,501
gaze,134021658239631871,469,505
gaze,134021658239713905,469,509
gaze,134021658239800256,459,514
gaze,134021658239876207,385,555
gaze,134021658239969237,274,615
gaze,134021658240052792,188,661
KeyUp,134021658240100656,67
gaze,134021658240136630,137,719
gaze,134021658240219396,139,774
gaze,134021658240302278,128,785
gaze,134021658240382452,136,796
gaze,134021658240462066,129,792
gaze,134021658240529473,131,794
gaze,134021658240613206,128,794
gaze,134021658240717779,140,799
gaze,134021658240793982,128,793
gaze,134021658240864533,135,794
gaze,134021658240947174,145,789
gaze,134021658241051181,123,789
KeyDown,134021658241059795,84
gaze,134021658241131885,143,794
gaze,134021658241217442,142,788
gaze,134021658241298635,130,780
gaze,134021658241389858,159,790
gaze,134021658241466122,137,776
gaze,134021658241544862,141,790
KeyDown,134021658241620449,73
gaze,134021658241633467,136,787
gaze,134021658241715438,138,785
gaze,134021658241802574,139,781
KeyUp,134021658241859746,84
gaze,134021658241877155,136,784
gaze,134021658241973568,134,790
gaze,134021658242049782,84,782
gaze,134021658242137875,80,768
gaze,134021658242216204,87,772
gaze,134021658242302846,92,777
gaze,134021658242382961,83,770
gaze,134021658242464424,93,773
gaze,134021658242530748,94,768
gaze,134021658242614082,83,770
gaze,134021658242699558,96,769
KeyDown,134021658242740144,78
gaze,134021658242801777,82,766
gaze,134021658242862177,76,757
gaze,134021658242946822,83,760
KeyUp,134021658242980080,73
gaze,134021658243051115,95,770
gaze,134021658243132669,86,763
gaze,134021658243218848,95,766
gaze,134021658243299536,87,765
gaze,134021658243385059,91,771
gaze,134021658243468760,85,773
gaze,134021658243552145,98,774
gaze,134021658243627170,91,761
gaze,134021658243718567,87,761
gaze,134021658243800886,90,768
gaze,134021658243880036,86,769
KeyUp,134021658243939882,78
gaze,134021658243966173,86,755
gaze,134021658244049548,79,764
gaze,134021658244132512,80,760
gaze,134021658244216488,101,778
gaze,134021658244299180,76,758
gaze,134021658244383044,87,775
gaze,134021658244466601,94,774
gaze,134021658244544283,141,752
gaze,134021658244614478,279,708
gaze,134021658244697713,402,623
gaze,134021658244775000,463,560
gaze,134021658244884760,484,541
gaze,134021658244944297,475,521
KeyDown,134021658244980451,32
gaze,134021658245050398,485,524
gaze,134021658245131337,480,534
gaze,134021658245217587,476,529
gaze,134021658245297622,475,539
gaze,134021658245383755,466,524
gaze,134021658245465955,474,534
gaze,134021658245548125,466,539
gaze,134021658245634608,463,530
gaze,134021658245708899,465,521
gaze,134021658245801292,471,524
KeyUp,134021658245860431,32
gaze,134021658245876460,469,542
gaze,134021658245969816,463,511
gaze,134021658246047399,465,515
gaze,134021658246134726,468,521
gaze,134021658246214680,466,523
gaze,134021658246300184,469,530
gaze,134021658246381438,462,517
gaze,134021658246466622,462,521
gaze,134021658246547441,472,534
gaze,134021658246626738,475,510
gaze,134021658246697618,513,487
gaze,134021658246778064,509,493
KeyDown,134021658246820428,192
gaze,134021658246845763,505,480
gaze,134021658246967883,510,490
gaze,134021658247027585,509,487
gaze,134021658247133268,506,500
gaze,134021658247214548,493,487
gaze,134021658247301471,510,486
gaze,134021658247382026,505,494
gaze,134021658247466296,506,495
gaze,134021658247548100,516,503
gaze,134021658247632123,504,477
gaze,134021658247715751,504,484
gaze,134021658247793307,499,491
KeyUp,134021658247859613,192
gaze,134021658247882055,510,505
gaze,134021658247960308,510,496
gaze,134021658248050289,497,488
gaze,134021658248131663,502,491
gaze,134021658248217188,504,495
gaze,134021658248298834,508,489
gaze,134021658248383939,507,481
gaze,134021658248464278,509,484
gaze,134021658248550286,508,490
gaze,134021658248631573,510,489
gaze,134021658248712174,511,484
gaze,134021658248780004,506,478
gaze,134021658248858388,508,485
gaze,134021658248927838,498,489
gaze,134021658249050259,463,504
gaze,134021658249132727,471,484
gaze,134021658249215598,471,506
gaze,134021658249299103,480,503
gaze,134021658249381361,478,492
gaze,134021658249465880,476,498
gaze,134021658249548041,475,500
KeyDown,134021658249619571,83
gaze,134021658249632986,477,493
gaze,134021658249714387,479,486
gaze,134021658249798167,474,505
gaze,134021658249876078,479,504
gaze,134021658249960813,465,483
gaze,134021658250049819,479,501
gaze,134021658250136481,470,497
gaze,134021658250216189,476,497
gaze,134021658250300469,468,497
gaze,134021658250382255,481,501
gaze,134021658250465776,476,492
KeyUp,134021658250500475,83
gaze,134021658250548276,479,491
gaze,134021658250631597,469,496
gaze,134021658250715687,475,501
gaze,134021658250793071,473,490
gaze,134021658250858129,477,496
gaze,134021658250927729,475,483
gaze,134021658251049780,479,501
gaze,134021658251132229,476,491
gaze,134021658251215141,475,505
gaze,134021658251299602,472,494
gaze,134021658251382049,485,485
gaze,134021658251466014,497,485
gaze,134021658251548888,488,483
gaze,134021658251632027,492,493
gaze,134021658251715186,501,491
gaze,134021658251799252,495,479
gaze,134021658251876909,491,493
gaze,134021658251959937,494,495
gaze,134021658252050421,491,492
gaze,134021658252131444,499,481
gaze,134021658252217048,493,482
gaze,134021658252299510,496,490
gaze,134021658252381972,491,505
gaze,134021658252465880,494,488
gaze,134021658252548710,501,489
gaze,134021658252631757,490,489
gaze,134021658252714580,495,492
gaze,134021658252797380,493,502
gaze,134021658252858900,497,491
gaze,134021658252927831,497,497
gaze,134021658253050139,495,497
gaze,134021658253111451,496,492
gaze,134021658253216425,486,493
gaze,134021658253298568,493,502
gaze,134021658253381329,491,484
gaze,134021658253464862,493,493
gaze,134021658253548907,486,498
gaze,134021658253632241,502,502
gaze,134021658253714879,509,501
gaze,134021658253798222,511,501
gaze,134021658253875935,502,495
gaze,134021658253965676,505,482
gaze,134021658254043739,504,493
gaze,134021658254136317,508,486
gaze,134021658254215595,509,483
gaze,134021658254301524,511,497
gaze,134021658254382158,507,504
gaze,134021658254468212,514,502
gaze,134021658254548928,512,487
gaze,134021658254633456,506,488
gaze,134021658254716102,499,484
gaze,134021658254794205,506,491
gaze,134021658254862856,505,486
gaze,134021658254941939,513,497
gaze,134021658255051078,510,487
gaze,134021658255111659,505,482
gaze,134021658255196491,507,502
gaze,134021658255300433,511,488
gaze,134021658255381949,498,484
gaze,134021658255467617,500,479
gaze,134021658255548107,500,478
gaze,134021658255636654,509,488
gaze,134021658255715814,513,489
gaze,134021658255801525,507,495
gaze,134021658255877330,497,471
gaze,134021658255968120,512,473
gaze,134021658256048320,507,506
gaze,134021658256128691,503,479
gaze,134021658256216548,503,503
gaze,134021658256297892,509,494
gaze,134021658256383718,501,491
gaze,134021658256467778,507,500
gaze,134021658256550727,501,488
gaze,134021658256631838,506,488
gaze,134021658256721193,510,497
gaze,134021658256794175,505,494
gaze,134021658256865024,511,496
KeyDown,134021658256900431,8
gaze,134021658256957691,509,498
gaze,134021658257050038,509,491
gaze,134021658257112525,510,495
gaze,134021658257196453,503,493
gaze,134021658257299948,513,500
gaze,134021658257381200,501,478
gaze,134021658257468057,499,484
KeyUp,134021658257540150,8
gaze,134021658257548808,509,491
gaze,134021658257633306,501,485
gaze,134021658257715095,505,473
gaze,134021658257799143,502,484
gaze,134021658257876852,502,499
gaze,134021658257966048,506,492
gaze,134021658258052959,507,485
gaze,134021658258127111,507,495
gaze,134021658258216191,499,488
gaze,134021658258298726,502,499
gaze,134021658258382013,499,487
KeyDown,134021658258420178,8
gaze,134021658258465948,509,484
gaze,134021658258548113,508,494
gaze,134021658258634875,500,485
gaze,134021658258715691,501,488
gaze,134021658258795757,504,481
gaze,134021658258862821,507,488
gaze,134021658258946921,508,496
KeyUp,134021658258980242,8
gaze,134021658259026108,503,481
gaze,134021658259134227,502,481
gaze,134021658259194649,511,490
gaze,134021658259279813,505,483
gaze,134021658259384971,511,476
gaze,134021658259466829,515,487
gaze,134021658259550215,511,484
gaze,134021658259631448,514,491
KeyDown,134021658259700121,8
gaze,134021658259717531,510,478
gaze,134021658259798833,519,497
gaze,134021658259883811,522,487
gaze,134021658259962395,518,499
gaze,134021658260051719,517,499
gaze,134021658260131814,504,486
gaze,134021658260213372,506,475
gaze,134021658260301880,512,498
gaze,134021658260381281,514,490
gaze,134021658260468086,515,489
gaze,134021658260547944,511,472
gaze,134021658260634572,514,484
KeyUp,134021658260659856,8
gaze,134021658260715806,516,483
gaze,134021658260801540,515,494
gaze,134021658260876036,511,486
gaze,134021658260948238,514,488
gaze,134021658261030770,517,491
KeyDown,134021658261060367,8
gaze,134021658261135680,516,484
gaze,134021658261196226,515,483
gaze,134021658261279945,515,482
gaze,134021658261382561,508,495
gaze,134021658261467505,510,495
gaze,134021658261548945,505,486
gaze,134021658261631511,517,486
gaze,134021658261716123,515,483
gaze,134021658261800149,516,490
gaze,134021658261881596,519,491
gaze,134021658261962848,511,478
gaze,134021658262053319,513,514
gaze,134021658262131788,511,493
gaze,134021658262211488,510,504
KeyUp,134021658262259848,8
gaze,134021658262299434,514,501
gaze,134021658262382137,519,500
gaze,134021658262468680,516,485
gaze,134021658262549097,512,497
gaze,134021658262632827,507,477
gaze,134021658262715162,507,499
gaze,134021658262805257,514,496
gaze,134021658262876157,513,503
gaze,134021658262948529,513,490
gaze,134021658263030966,512,491
gaze,134021658263134797,505,489
gaze,134021658263195420,515,490
gaze,134021658263280112,518,487
gaze,134021658263384397,513,488
gaze,134021658263465902,515,477
gaze,134021658263551049,509,489
gaze,134021658263631987,512,491
gaze,134021658263718054,512,487
gaze,134021658263800407,509,491
gaze,134021658263883761,518,500
gaze,134021658263959450,512,489
gaze,134021658264051370,519,487
gaze,134021658264132329,511,481
gaze,134021658264212914,509,478
gaze,134021658264302896,513,489
gaze,134021658264381655,507,476
gaze,134021658264469284,509,479
gaze,134021658264549324,522,469
gaze,134021658264634635,513,456
gaze,134021658264716002,551,743
KeyDown,134021658264740842,79
KeyUp,134021658265539689,79
KeyDown,134021658265939487,78
gaze,134021658266040500,1093,1120
gaze,134021658266206851,549,889
gaze,134021658266286157,517,650
gaze,134021658266372757,500,519
gaze,134021658266469208,501,478
gaze,134021658266549040,511,456
gaze,134021658266633906,516,435
gaze,134021658266716626,522,461
KeyUp,134021658266740127,78
gaze,134021658266799547,515,470
gaze,134021658266883443,512,468
gaze,134021658266967168,517,491
gaze,134021658267031119,515,485
KeyDown,134021658267060533,32
gaze,134021658267113417,518,496
gaze,134021658267218200,517,502
gaze,134021658267279322,513,496
gaze,134021658267365280,516,503
gaze,134021658267468054,518,493
gaze,134021658267549151,521,505
gaze,134021658267634589,519,499
gaze,134021658267719044,516,508
gaze,134021658267800264,516,496
gaze,134021658267884630,516,495
KeyUp,134021658267940100,32
gaze,134021658267966148,520,499
gaze,134021658268047124,519,501
gaze,134021658268133775,527,499
KeyDown,134021658268179867,192
gaze,134021658268216141,553,495
gaze,134021658268295077,544,489
gaze,134021658268384290,540,488
gaze,134021658268466472,540,487
gaze,134021658268549340,545,492
gaze,134021658268631683,548,504
gaze,134021658268716456,542,504
gaze,134021658268800540,545,489
gaze,134021658268883151,546,483
gaze,134021658268960855,541,490
gaze,134021658269031927,540,480
gaze,134021658269113939,543,504
gaze,134021658269193079,540,492
KeyUp,134021658269301441,192
gaze,134021658269301381,542,497
gaze,134021658269362363,540,479
gaze,134021658269468740,544,502
gaze,134021658269548987,546,490
gaze,134021658269635130,546,479
gaze,134021658269716243,543,486
gaze,134021658269802179,537,496
gaze,134021658269883055,542,493
gaze,134021658269967806,544,503
gaze,134021658270050140,544,478
gaze,134021658270130456,543,487
gaze,134021658270217425,541,492
gaze,134021658270294982,540,493
gaze,134021658270383243,507,513
gaze,134021658270467913,388,567
gaze,134021658270550457,278,610
gaze,134021658270634152,193,636
gaze,134021658270717428,149,677
gaze,134021658270801012,167,715
gaze,134021658270883645,169,736
KeyDown,134021658270900142,83
gaze,134021658270968537,172,730
gaze,134021658271046356,177,732
gaze,134021658271110318,174,730
gaze,134021658271193951,173,727
gaze,134021658271302304,173,730
gaze,134021658271367201,177,731
gaze,134021658271470614,181,730
gaze,134021658271549910,182,733
gaze,134021658271636194,175,723
KeyUp,134021658271700374,83
gaze,134021658271721427,169,727
gaze,134021658271801345,175,719
gaze,134021658271883324,176,723
gaze,134021658271968256,182,736
gaze,134021658272050674,190,732
gaze,134021658272127296,144,739
gaze,134021658272218526,78,734
KeyDown,134021658272260192,84
gaze,134021658272296174,105,748
gaze,134021658272385936,113,750
gaze,134021658272468510,113,748
gaze,134021658272553124,113,757
gaze,134021658272634617,116,762
gaze,134021658272719190,115,752
gaze,134021658272803629,119,756
gaze,134021658272885375,111,748
gaze,134021658272967073,113,750
gaze,134021658273048328,123,762
gaze,134021658273115475,114,762
KeyUp,134021658273140386,84
KeyDown,134021658273145232,65
gaze,134021658273193752,117,761
gaze,134021658273302452,111,753
gaze,134021658273364420,119,759
gaze,134021658273448717,113,748
gaze,134021658273552440,124,757
gaze,134021658273634314,119,755
gaze,134021658273719788,120,753
gaze,134021658273801407,112,751
gaze,134021658273885767,116,752
gaze,134021658273967195,133,760
KeyDown,134021658274020797,84
gaze,134021658274053424,137,768
gaze,134021658274130762,139,765
gaze,134021658274219831,140,763
KeyUp,134021658274259764,65
gaze,134021658274299548,130,760
gaze,134021658274381108,132,766
gaze,134021658274468223,128,765
gaze,134021658274550946,135,765
gaze,134021658274633185,138,769
gaze,134021658274717108,136,763
gaze,134021658274801021,140,767
gaze,134021658274884355,134,769
KeyUp,134021658274899426,84
gaze,134021658274967687,141,766
gaze,134021658275045503,135,766
gaze,134021658275115133,145,772
gaze,134021658275197765,131,762
gaze,134021658275303498,143,766
gaze,134021658275364726,129,765
KeyDown,134021658275380864,73
gaze,134021658275448741,139,770
gaze,134021658275552077,139,772
gaze,134021658275634330,134,764
gaze,134021658275721722,130,760
gaze,134021658275801604,145,772
gaze,134021658275884708,131,760
gaze,134021658275967580,137,764
gaze,134021658276050741,144,769
KeyUp,134021658276100509,73
gaze,134021658276128203,137,763
gaze,134021658276218282,137,763
gaze,134021658276300844,135,765
gaze,134021658276378131,140,769
KeyDown,134021658276419915,67
gaze,134021658276471163,119,772
gaze,134021658276550651,82,762
gaze,134021658276636187,112,767
gaze,134021658276718075,106,771
gaze,134021658276803495,108,777
gaze,134021658276883809,94,765
gaze,134021658276969878,100,765
gaze,134021658277044946,108,776
gaze,134021658277115984,95,768
gaze,134021658277197784,101,765
gaze,134021658277276561,105,768
KeyUp,134021658277383540,67
gaze,134021658277385427,109,772
gaze,134021658277446325,101,762
gaze,134021658277531703,108,780
KeyDown,134021658277619962,32
gaze,134021658277635475,116,774
gaze,134021658277717628,108,771
gaze,134021658277802712,101,771
gaze,134021658277883493,109,764
gaze,134021658277969482,102,764
gaze,134021658278050482,99,768
gaze,134021658278139278,107,769
gaze,134021658278211130,102,760
gaze,134021658278303121,122,774
gaze,134021658278383743,176,761
KeyUp,134021658278420413,32
gaze,134021658278465506,182,767
gaze,134021658278550679,179,762
gaze,134021658278635018,185,765
gaze,134021658278717620,179,769
gaze,134021658278802125,177,764
gaze,134021658278884661,189,772
gaze,134021658278969264,176,761
gaze,134021658279051446,179,766
gaze,134021658279128973,176,764
gaze,134021658279199207,188,766
KeyDown,134021658279220273,73
gaze,134021658279282101,170,756
gaze,134021658279397363,192,768
gaze,134021658279448301,177,764
gaze,134021658279531517,182,770
gaze,134021658279613933,190,766
gaze,134021658279717689,183,761
KeyUp,134021658279780285,73
gaze,134021658279800814,178,763
gaze,134021658279883936,182,760
gaze,134021658279968381,176,768
gaze,134021658280051377,175,764
gaze,134021658280135194,182,760
gaze,134021658280211955,183,769
KeyDown,134021658280259754,78
gaze,134021658280301783,187,755
gaze,134021658280383833,173,761
gaze,134021658280467454,183,768
gaze,134021658280546368,169,762
gaze,134021658280634753,171,755
gaze,134021658280717913,190,764
gaze,134021658280803850,179,762
gaze,134021658280884638,190,763
gaze,134021658280967883,206,760
gaze,134021658281051037,340,733
gaze,134021658281127466,477,645
KeyUp,134021658281141172,78
gaze,134021658281198755,558,582
gaze,134021658281277920,607,541
gaze,134021658281360109,631,547
KeyDown,134021658281460434,76
gaze,134021658281468394,621,556
gaze,134021658281530718,624,552
gaze,134021658281609093,619,539
gaze,134021658281693166,614,548
gaze,134021658281797174,615,550
gaze,134021658281878648,611,542
gaze,134021658281968367,619,556
gaze,134021658282049625,625,549
KeyDown,134021658282100360,73
gaze,134021658282137446,621,530
gaze,134021658282217446,614,537
gaze,134021658282296797,625,550
gaze,134021658282384100,618,550
KeyUp,134021658282421849,76
gaze,134021658282466163,619,542
gaze,134021658282552092,606,541
gaze,134021658282626311,611,537
gaze,134021658282719706,616,552
KeyDown,134021658282739301,78
gaze,134021658282800871,623,543
gaze,134021658282884896,613,543
KeyUp,134021658282899450,73
gaze,134021658282967966,611,536
gaze,134021658283051574,615,553
gaze,134021658283133669,608,533
gaze,134021658283213021,608,539
gaze,134021658283281579,628,513
gaze,134021658283366325,652,507
gaze,134021658283474869,635,503
gaze,134021658283543282,650,494
gaze,134021658283616000,643,481
KeyUp,134021658283620392,78
gaze,134021658283697461,644,463
gaze,134021658283781020,647,511
gaze,134021658283884988,653,518
KeyDown,134021658283939774,69
gaze,134021658283967018,647,511
gaze,134021658284051449,639,478
gaze,134021658284133827,650,505
gaze,134021658284217978,632,504
gaze,134021658284294029,644,498
gaze,134021658284387348,640,500
gaze,134021658284467739,644,505
gaze,134021658284550841,637,489
gaze,134021658284634520,634,488
KeyUp,134021658284660152,69
gaze,134021658284714032,635,500
gaze,134021658284801365,633,489
gaze,134021658284882258,638,499
KeyDown,134021658284899369,32
gaze,134021658284967190,642,496
gaze,134021658285049127,637,495
gaze,134021658285133482,636,489
gaze,134021658285211255,643,520
gaze,134021658285280459,642,509
gaze,134021658285365270,644,510
gaze,134021658285447654,645,494
gaze,134021658285551891,648,515
gaze,134021658285627252,634,487
gaze,134021658285703279,638,500
gaze,134021658285781019,634,469
gaze,134021658285883534,623,490
gaze,134021658285967080,508,575
KeyUp,134021658286020101,32
gaze,134021658286050716,341,612
KeyDown,134021658286101049,83
gaze,134021658286133817,193,672
gaze,134021658286216676,114,713
gaze,134021658286301088,144,747
gaze,134021658286379189,179,756
gaze,134021658286469114,180,756
gaze,134021658286550027,182,767
gaze,134021658286636773,181,757
gaze,134021658286711363,174,750
KeyUp,134021658286740379,83
gaze,134021658286803058,174,754
gaze,134021658286883227,198,769
gaze,134021658286969583,183,745
gaze,134021658287050039,179,753
gaze,134021658287134239,181,748
gaze,134021658287219973,177,752
gaze,134021658287294493,174,750
gaze,134021658287376095,189,761
gaze,134021658287448524,182,751
KeyDown,134021658287542460,73
gaze,134021658287551981,178,747
gaze,134021658287627555,180,746
gaze,134021658287700653,181,754
gaze,134021658287781416,177,748
gaze,134021658287884689,181,755
gaze,134021658287967653,175,745
gaze,134021658288050453,177,748
gaze,134021658288134030,191,761
KeyUp,134021658288179782,73
gaze,134021658288216821,195,757
gaze,134021658288300879,179,751
gaze,134021658288377852,214,754
gaze,134021658288468235,225,741
gaze,134021658288550774,242,757
gaze,134021658288634046,233,747
gaze,134021658288714719,247,759
KeyDown,134021658288740115,90
gaze,134021658288807562,236,765
gaze,134021658288884592,229,757
gaze,134021658288968358,241,751
gaze,134021658289051400,229,757
gaze,134021658289134372,232,763
gaze,134021658289217591,230,755
KeyDown,134021658289220174,69
gaze,134021658289296402,233,764
gaze,134021658289364476,228,750
gaze,134021658289448243,228,765
gaze,134021658289552541,231,759
KeyUp,134021658289619911,90
gaze,134021658289627833,237,759
gaze,134021658289700885,234,746
gaze,134021658289781285,222,760
gaze,134021658289865980,232,755
gaze,134021658289969986,232,755
KeyUp,134021658290024420,69
gaze,134021658290051337,235,759
gaze,134021658290136712,234,765
gaze,134021658290217011,234,759
gaze,134021658290302352,230,760
gaze,134021658290377776,231,759
gaze,134021658290468969,240,771
gaze,134021658290549303,237,756
gaze,134021658290635413,239,758
gaze,134021658290716835,240,762
gaze,134021658290799962,231,754
gaze,134021658290884689,234,762
gaze,134021658290967764,229,760
KeyDown,134021658290980229,160
gaze,134021658291053259,240,772
gaze,134021658291135290,241,769
gaze,134021658291219462,267,767
gaze,134021658291294696,277,766
gaze,134021658291367294,273,768
gaze,134021658291449183,273,768
gaze,134021658291532092,277,770
KeyDown,134021658291620090,189
gaze,134021658291635697,273,772
gaze,134021658291711837,271,771
gaze,134021658291783771,268,765
gaze,134021658291866455,266,772
gaze,134021658291970093,275,777
gaze,134021658292050435,269,768
KeyUp,134021658292101415,160
gaze,134021658292136918,271,771
gaze,134021658292217216,279,778
gaze,134021658292302601,276,772
gaze,134021658292383704,281,766
gaze,134021658292470117,271,775
KeyUp,134021658292499655,189
gaze,134021658292552338,280,770
gaze,134021658292633156,266,767
gaze,134021658292719064,270,764
gaze,134021658292795936,280,766
gaze,134021658292887029,283,775
gaze,134021658292967160,271,766
gaze,134021658293053578,272,768
gaze,134021658293135218,269,773
gaze,134021658293219624,259,765
gaze,134021658293301212,266,766
gaze,134021658293379955,271,763
gaze,134021658293448113,274,768
KeyDown,134021658293459965,84
gaze,134021658293531114,273,770
gaze,134021658293635747,274,768
gaze,134021658293711627,352,741
gaze,134021658293783370,522,675
gaze,134021658293865260,638,590
gaze,134021658293949062,732,523
KeyUp,134021658294022514,84
gaze,134021658294052976,761,499
gaze,134021658294137223,746,504
gaze,134021658294219106,741,499
gaze,134021658294301016,735,474
gaze,134021658294384971,740,495
gaze,134021658294462230,738,496
KeyDown,134021658294500279,32
gaze,134021658294552446,739,503
gaze,134021658294633955,734,510
gaze,134021658294719507,742,511
gaze,134021658294800842,734,494
gaze,134021658294881003,724,486
gaze,134021658294968144,732,493
gaze,134021658295050402,739,490
gaze,134021658295135303,729,498
gaze,134021658295217832,731,500
KeyUp,134021658295300708,32
gaze,134021658295301532,738,504
gaze,134021658295379436,739,491
gaze,134021658295448519,738,509
gaze,134021658295532165,737,508
gaze,134021658295614658,734,493
gaze,134021658295721395,735,492
gaze,134021658295794792,729,498
gaze,134021658295866899,736,484
gaze,134021658295948893,735,482
gaze,134021658296031467,741,492
gaze,134021658296135352,741,521
gaze,134021658296216712,734,504
KeyDown,134021658296260722,82
gaze,134021658296303633,733,516
gaze,134021658296384291,733,472
gaze,134021658296468288,735,489
gaze,134021658296544914,730,490
gaze,134021658296636389,734,510
gaze,134021658296717648,725,478
gaze,134021658296802557,739,518
gaze,134021658296883804,731,505
KeyUp,134021658296899196,82
gaze,134021658296964153,726,492
gaze,134021658297052150,727,490
gaze,134021658297133894,727,477
gaze,134021658297219923,720,473
gaze,134021658297300488,722,479
KeyDown,134021658297380269,79
gaze,134021658297386733,728,457
gaze,134021658297461912,721,488
gaze,134021658297535125,730,481
gaze,134021658297615887,719,484
gaze,134021658297718409,736,489
gaze,134021658297800696,739,504
gaze,134021658297880104,729,481
gaze,134021658297947653,732,495
KeyUp,134021658298020495,79
gaze,134021658298035622,727,467
gaze,134021658298135558,727,482
gaze,134021658298215932,731,467
gaze,134021658298308205,727,456
gaze,134021658298383574,727,469
gaze,134021658298468881,723,446
gaze,134021658298544591,728,479
gaze,134021658298636773,729,474
gaze,134021658298717366,731,473
gaze,134021658298803044,724,478
gaze,134021658298882801,731,480
gaze,134021658298964281,731,474
gaze,134021658299051766,727,473
gaze,134021658299133499,724,480
gaze,134021658299218962,727,464
gaze,134021658299300332,732,472
gaze,134021658299388287,746,454
gaze,134021658299462576,736,435
gaze,134021658299535555,740,453
gaze,134021658299615368,754,474
gaze,134021658299704909,747,493
gaze,134021658299802148,745,473
gaze,134021658299878438,745,463
gaze,134021658299948529,751,475
gaze,134021658300031789,754,480
gaze,134021658300113984,749,467
gaze,134021658300223237,747,480
gaze,134021658300300664,746,483
gaze,134021658300384732,740,494
gaze,134021658300467343,749,480
gaze,134021658300552040,745,467
gaze,134021658300626721,748,443
gaze,134021658300719462,751,502
gaze,134021658300800698,749,481
gaze,134021658300885128,748,484
gaze,134021658300968015,752,480
gaze,134021658301046999,750,465
gaze,134021658301135483,745,488
gaze,134021658301216044,742,489
gaze,134021658301302837,749,477
gaze,134021658301383340,752,461
gaze,134021658301468331,750,471
gaze,134021658301543315,747,482
gaze,134021658301616109,746,488
gaze,134021658301697846,751,479
gaze,134021658301801832,755,496
gaze,134021658301885527,759,448
gaze,134021658301964230,755,492
gaze,134021658302032528,754,484
gaze,134021658302115298,749,486
gaze,134021658302218608,753,485
gaze,134021658302301159,761,492
gaze,134021658302385214,755,485
gaze,134021658302467383,762,470
gaze,134021658302552104,751,488
gaze,134021658302627379,752,502
gaze,134021658302719739,740,482
gaze,134021658302800178,747,494
gaze,134021658302887067,749,475
gaze,134021658302967905,754,501
gaze,134021658303047207,747,486
gaze,134021658303135075,742,490
gaze,134021658303216462,748,487
KeyDown,134021658303220173,8
gaze,134021658303300963,746,473
gaze,134021658303385161,742,459
gaze,134021658303468511,747,499
gaze,134021658303544591,750,508
gaze,134021658303615458,755,498
gaze,134021658303698519,750,488
KeyUp,134021658303782489,8
gaze,134021658303803092,751,508
gaze,134021658303883239,751,495
gaze,134021658303964665,744,470
gaze,134021658304032509,741,485
gaze,134021658304115123,749,490
gaze,134021658304218881,751,479
gaze,134021658304300615,745,484
gaze,134021658304383712,751,493
gaze,134021658304468055,744,492
gaze,134021658304550572,746,504
gaze,134021658304628991,750,498
gaze,134021658304718093,748,484
gaze,134021658304800783,752,489
gaze,134021658304884086,745,486
gaze,134021658304967931,748,464
gaze,134021658305046264,753,501
gaze,134021658305136120,747,496
gaze,134021658305218769,750,501
gaze,134021658305300911,753,512
gaze,134021658305383629,752,486
gaze,134021658305468270,752,484
gaze,134021658305545664,753,486
gaze,134021658305615121,749,497
gaze,134021658305702386,745,478
gaze,134021658305802865,747,461
gaze,134021658305883640,749,486
gaze,134021658305963182,752,478
gaze,134021658306033001,679,462
gaze,134021658306115426,549,336
gaze,134021658306219107,455,320
gaze,134021658306301127,403,271
gaze,134021658306383821,393,271
gaze,134021658306471055,406,270
gaze,134021658306549899,401,250
gaze,134021658306630470,406,253
gaze,134021658306718200,412,254
gaze,134021658306800249,405,254
gaze,134021658306885206,400,256
gaze,134021658306967320,404,250
gaze,134021658307048237,406,252
gaze,134021658307134992,407,255
gaze,134021658307218454,411,254
gaze,134021658307301853,405,252
gaze,134021658307390872,409,267
gaze,134021658307468615,407,244
gaze,134021658307545046,413,258
gaze,134021658307615273,416,258
gaze,134021658307700592,422,256
gaze,134021658307803170,375,252
gaze,134021658307886937,245,219
gaze,134021658307963396,178,198
gaze,134021658308033987,134,185
gaze,134021658308114988,106,183
gaze,134021658308219111,123,174
gaze,134021658308301301,116,182
gaze,134021658308385009,121,173
gaze,134021658308468422,128,173
gaze,134021658308552475,118,166
gaze,134021658308629462,124,159
gaze,134021658308719432,119,167
gaze,134021658308801362,119,169
gaze,134021658308886241,118,167
gaze,134021658308968267,119,156
gaze,134021658309048555,119,150
gaze,134021658309136063,118,154
gaze,134021658309218758,124,165
gaze,134021658309302007,123,158
gaze,134021658309385650,117,155
gaze,134021658309469745,119,156
gaze,134021658309546022,122,154
gaze,134021658309624399,101,152
gaze,134021658309701558,93,142
gaze,134021658309803958,91,147
gaze,134021658309884868,88,146
gaze,134021658309964680,91,134
gaze,134021658310032962,87,132
gaze,134021658310116300,93,134
gaze,134021658310220476,86,131
gaze,134021658310301774,92,133
gaze,134021658310387696,92,138
gaze,134021658310469293,96,131
gaze,134021658310553133,90,136
gaze,134021658310629300,93,140
gaze,134021658310721097,91,129
gaze,134021658310801966,93,135
gaze,134021658310887134,92,143
gaze,134021658310968539,85,147
gaze,134021658311047743,85,143
gaze,134021658311136019,96,137
gaze,134021658311218615,100,131
gaze,134021658311301970,96,131
MouseMove,134021658311379792,452,865
gaze,134021658311385936,90,134
MouseMove,134021658311461260,442,814
gaze,134021658311473246,95,131
MouseMove,134021658311539046,442,704
gaze,134021658311546905,97,130
gaze,134021658311617003,94,139
MouseMove,134021658311619373,442,590
MouseMove,134021658311700937,442,483
gaze,134021658311700171,116,132
MouseMove,134021658311780357,438,404
gaze,134021658311805321,163,118
MouseMove,134021658311860117,424,342
gaze,134021658311885735,171,124
MouseMove,134021658311939646,410,293
gaze,134021658311966758,171,114
MouseMove,134021658312020762,389,251
gaze,134021658312033330,166,107
MouseMove,134021658312100341,365,204
gaze,134021658312116031,178,120
MouseMove,134021658312179642,343,151
gaze,134021658312220485,170,111
MouseMove,134021658312259836,320,91
gaze,134021658312301934,168,118
MouseMove,134021658312339261,288,27
gaze,134021658312387544,167,117
MouseMove,134021658312421424,256,39
gaze,134021658312468538,173,114
MouseMove,134021658312499845,218,64
gaze,134021658312554000,171,116
MouseMove,134021658312579251,184,59
gaze,134021658312628823,159,116
MouseMove,134021658312659331,156,51
gaze,134021658312722199,167,119
MouseMove,134021658312739782,131,50
gaze,134021658312802642,170,115
MouseMove,134021658312820228,108,30
gaze,134021658312887772,170,122
MouseMove,134021658312900957,98,15
gaze,134021658312969019,168,121
MouseMove,134021658312980420,94,4
gaze,134021658313049583,170,111
MouseMove,134021658313060739,94,1
gaze,134021658313139357,166,126
gaze,134021658313218484,174,122
MouseMove,134021658313219745,93,0
MouseMove,134021658313300470,91,5
gaze,134021658313302039,168,115
MouseMove,134021658313380290,90,13
gaze,134021658313385336,165,123
MouseMove,134021658313460634,89,24
gaze,134021658313469139,163,120
MouseMove,134021658313539153,87,32
gaze,134021658313546313,172,122
gaze,134021658313616610,172,113
MouseMove,134021658313619281,86,38
MouseMove,134021658313700811,86,44
gaze,134021658313699860,164,124
MouseMove,134021658313780076,88,52
gaze,134021658313782801,168,118
MouseMove,134021658313859855,89,57
gaze,134021658313888461,161,111
MouseMove,134021658313940381,94,67
gaze,134021658313963561,168,125
MouseMove,134021658314021144,94,79
gaze,134021658314034772,167,121
MouseMove,134021658314100689,97,98
gaze,134021658314116394,174,122
MouseMove,134021658314181005,101,127
gaze,134021658314199496,163,113
MouseMove,134021658314259599,108,164
gaze,134021658314304600,169,125
MouseMove,134021658314339667,116,194
gaze,134021658314385239,155,118
MouseMove,134021658314420362,127,219
gaze,134021658314471265,111,128
MouseMove,134021658314499085,140,232
gaze,134021658314551920,121,124
MouseMove,134021658314582477,150,239
gaze,134021658314636755,124,129
MouseMove,134021658314659452,158,239
gaze,134021658314712941,119,131
MouseMove,134021658314739933,163,239
gaze,134021658314803673,118,128
MouseMove,134021658314819606,166,239
gaze,134021658314884772,116,133
MouseMove,134021658314900894,171,237
gaze,134021658314972098,121,129
MouseMove,134021658314980397,173,235
MouseMove,134021658315060238,176,230
gaze,134021658315060422,119,127
gaze,134021658315132846,127,136
MouseMove,134021658315141352,177,223
gaze,134021658315220197,126,135
MouseMove,134021658315221658,177,217
MouseMove,134021658315299575,178,208
gaze,134021658315301320,119,133
MouseMove,134021658315380698,180,199
gaze,134021658315386578,128,137
MouseMove,134021658315459362,183,189
gaze,134021658315468151,124,137
MouseMove,134021658315539304,187,181
gaze,134021658315552794,126,133
MouseMove,134021658315619147,188,176
gaze,134021658315629118,125,138
MouseMove,134021658315700445,192,173
gaze,134021658315709919,122,139
MouseMove,134021658315779307,193,171
gaze,134021658315783349,120,139
MouseMove,134021658315861905,194,169
gaze,134021658315866879,114,130
MouseMove,134021658315940523,194,168
gaze,134021658315970153,126,127
MouseMove,134021658316020941,194,167
gaze,134021658316045106,130,129
MouseMove,134021658316099900,194,164
gaze,134021658316117910,126,132
MouseMove,134021658316180318,194,159
gaze,134021658316202268,123,133
MouseMove,134021658316261106,194,154
gaze,134021658316283403,112,125
MouseMove,134021658316339237,194,148
gaze,134021658316386858,122,130
MouseMove,134021658316420117,193,143
gaze,134021658316469611,128,136
MouseMove,134021658316500119,193,138
gaze,134021658316553766,126,130
MouseMove,134021658316580101,193,135
gaze,134021658316635757,126,145
MouseMove,134021658316660319,193,133
gaze,134021658316720968,169,135
MouseMove,134021658316740505,193,131
gaze,134021658316795966,179,129
gaze,134021658316887653,168,131
gaze,134021658316968987,179,130
gaze,134021658317062529,173,128
gaze,134021658317144857,167,131
gaze,134021658317223207,175,121
gaze,134021658317302567,170,124
MouseMove,134021658317379864,193,131
gaze,134021658317384854,172,127
MouseMove,134021658317462047,193,129
gaze,134021658317469125,171,130
MouseMove,134021658317541375,193,127
gaze,134021658317551809,171,130
MouseMove,134021658317620433,193,126
gaze,134021658317634969,176,129
MouseMove,134021658317699501,193,125
gaze,134021658317712742,167,129
MouseMove,134021658317780488,193,124
gaze,134021658317783007,178,137
MouseMove,134021658317859665,193,124
gaze,134021658317866388,169,121
gaze,134021658317948856,168,128
MouseMove,134021658318021162,193,122
gaze,134021658318054395,174,128
MouseMove,134021658318099667,193,120
gaze,134021658318129775,168,124
MouseMove,134021658318179305,191,118
gaze,134021658318201269,174,129
MouseMove,134021658318263077,189,113
gaze,134021658318283061,168,131
MouseMove,134021658318349741,189,109
gaze,134021658318367508,172,122
MouseMove,134021658318419505,187,104
gaze,134021658318470383,174,138
MouseMove,134021658318500757,186,101
gaze,134021658318551898,170,136
MouseMove,134021658318580000,186,99
gaze,134021658318637392,173,132
MouseMove,134021658318661348,185,97
gaze,134021658318717683,176,130
MouseMove,134021658318739433,184,94
gaze,134021658318803492,165,132
MouseMove,134021658318821335,184,92
gaze,134021658318879419,174,136
MouseMove,134021658318900806,184,89
gaze,134021658318972061,164,129
MouseMove,134021658318980125,184,86
gaze,134021658319051488,169,128
MouseMove,134021658319060392,184,85
gaze,134021658319137219,170,136
MouseMove,134021658319141649,184,84
gaze,134021658319217730,175,140
MouseMove,134021658319219391,184,83
gaze,134021658319300069,178,135
gaze,134021658319385577,176,138
gaze,134021658319469046,174,135
gaze,134021658319551365,173,144
gaze,134021658319635419,169,149
gaze,134021658319718910,169,162
gaze,134021658319797378,143,104
gaze,134021658319867335,148,435
LeftMouseDown,134021658320023252
gaze,134021658320444338,122,1062
gaze,134021658320542823,247,377
gaze,134021658320626685,68,294
gaze,134021658320721304,52,208
LeftMouseUp,134021658320743637
gaze,134021658320807050,67,133
gaze,134021658320887117,68,138
gaze,134021658320960241,73,152
gaze,134021658321050323,80,160
gaze,134021658321135760,74,157
gaze,134021658321214853,81,162
MouseMove,134021658321301655,184,83
gaze,134021658321301751,80,159
gaze,134021658321378104,75,154
MouseMove,134021658321380769,184,85
MouseMove,134021658321459472,184,85
gaze,134021658321465809,79,157
MouseMove,134021658321539654,184,87
gaze,134021658321548661,83,159
MouseMove,134021658321620162,184,88
gaze,134021658321635200,79,159
MouseMove,134021658321700847,184,88
gaze,134021658321717868,80,152
MouseMove,134021658321779480,184,89
gaze,134021658321802884,72,146
MouseMove,134021658321860040,184,91
gaze,134021658321879714,73,153
MouseMove,134021658321940085,184,91
gaze,134021658321949027,81,155
MouseMove,134021658322019218,184,92
gaze,134021658322033093,85,154
MouseMove,134021658322103725,184,93
gaze,134021658322115638,75,149
MouseMove,134021658322179719,184,94
gaze,134021658322219100,76,142
MouseMove,134021658322261576,183,94
gaze,134021658322295360,78,146
MouseMove,134021658322340049,183,95
gaze,134021658322368988,81,150
MouseMove,134021658322420299,183,96
gaze,134021658322449427,81,151
MouseMove,134021658322499750,182,97
gaze,134021658322553003,74,158
gaze,134021658322634263,83,150
MouseMove,134021658322659648,181,98
gaze,134021658322719916,81,153
gaze,134021658322802523,76,149
gaze,134021658322885438,78,153
gaze,134021658322968238,79,145
gaze,134021658323045523,76,142
gaze,134021658323135975,72,143
gaze,134021658323217486,76,150
gaze,134021658323303107,72,145
gaze,134021658323379544,75,139
LeftMouseDown,134021658323383100
gaze,134021658323471952,79,149
gaze,134021658323551281,74,148
gaze,134021658323636756,74,142
gaze,134021658323718279,76,148
gaze,134021658323803834,71,144
gaze,134021658323884805,66,146
gaze,134021658323965001,73,142
LeftMouseUp,134021658324021548
gaze,134021658324034413,80,148
gaze,134021658324116586,71,137
gaze,134021658324219533,79,146
gaze,134021658324295523,77,146
gaze,134021658324368242,71,139
gaze,134021658324450094,74,137
gaze,134021658324552697,79,149
MouseMove,134021658324579498,182,99
gaze,134021658324634597,78,143
MouseMove,134021658324659392,183,99
gaze,134021658324719960,75,146
gaze,134021658324801499,74,150
MouseMove,134021658324819806,185,99
gaze,134021658324888448,77,146
MouseMove,134021658324900836,186,99
gaze,134021658324968698,75,142
MouseMove,134021658324980247,187,99
gaze,134021658325050303,72,140
MouseMove,134021658325061668,189,99
gaze,134021658325136559,75,146
MouseMove,134021658325141668,190,99
MouseMove,134021658325219551,194,99
gaze,134021658325218641,73,147
MouseMove,134021658325302855,198,101
gaze,134021658325302940,70,141
MouseMove,134021658325379906,203,103
gaze,134021658325379812,71,152
MouseMove,134021658325460296,213,107
gaze,134021658325469210,71,153
MouseMove,134021658325539614,223,112
gaze,134021658325550802,76,149
MouseMove,134021658325619626,233,116
gaze,134021658325635653,74,146
MouseMove,134021658325700559,245,123
gaze,134021658325720913,81,148
MouseMove,134021658325779984,262,134
gaze,134021658325804389,77,140
MouseMove,134021658325860000,279,147
gaze,134021658325884423,73,147
MouseMove,134021658325939225,303,163
gaze,134021658325964000,77,151
MouseMove,134021658326021322,331,186
gaze,134021658326033611,70,143
MouseMove,134021658326099540,352,205
gaze,134021658326115836,71,143
MouseMove,134021658326218021,377,225
gaze,134021658326220052,76,149
MouseMove,134021658326261430,395,241
gaze,134021658326296121,72,152
MouseMove,134021658326340184,406,250
gaze,134021658326375677,111,156
MouseMove,134021658326419960,415,261
gaze,134021658326452662,236,154
MouseMove,134021658326499725,419,267
gaze,134021658326553617,366,177
MouseMove,134021658326580183,425,274
gaze,134021658326634969,405,215
MouseMove,134021658326659412,429,280
gaze,134021658326720096,411,232
MouseMove,134021658326739823,432,286
gaze,134021658326801282,399,227
MouseMove,134021658326820206,435,293
gaze,134021658326886617,403,222
MouseMove,134021658326899700,438,299
gaze,134021658326967566,406,225
MouseMove,134021658326980747,440,302
gaze,134021658327047766,403,228
MouseMove,134021658327061608,442,305
gaze,134021658327135293,404,219
MouseMove,134021658327140445,443,306
gaze,134021658327217951,406,224
gaze,134021658327301413,395,220
gaze,134021658327382952,397,220
gaze,134021658327469332,395,227
gaze,134021658327550675,394,226
MouseMove,134021658327620248,443,307
gaze,134021658327635973,399,212
gaze,134021658327718129,397,217
MouseMove,134021658327779497,443,307
gaze,134021658327802861,395,212
MouseMove,134021658327859048,442,307
gaze,134021658327884221,399,215
MouseMove,134021658327939106,439,307
gaze,134021658327965256,390,225
MouseMove,134021658328019981,436,307
gaze,134021658328033203,398,229
MouseMove,134021658328102839,434,307
gaze,134021658328115605,400,219
MouseMove,134021658328180012,431,307
gaze,134021658328220309,401,227
MouseMove,134021658328260756,428,307
gaze,134021658328295825,400,225
MouseMove,134021658328340969,426,306
gaze,134021658328368306,400,225
MouseMove,134021658328426578,425,304
gaze,134021658328450717,403,225
MouseMove,134021658328501506,424,303
gaze,134021658328552985,401,223
MouseMove,134021658328580914,423,302
gaze,134021658328633890,395,225
MouseMove,134021658328659643,423,300
gaze,134021658328720515,365,207
MouseMove,134021658328740743,423,299
gaze,134021658328802803,312,175
MouseMove,134021658328821613,423,297
gaze,134021658328887302,274,152
MouseMove,134021658328899161,423,296
gaze,134021658328970215,224,153
MouseMove,134021658328979335,423,295
gaze,134021658329048561,218,150
MouseMove,134021658329060020,423,293
gaze,134021658329136151,222,142
MouseMove,134021658329142448,423,292
gaze,134021658329218668,223,142
MouseMove,134021658329219944,421,290
gaze,134021658329301607,225,148
MouseMove,134021658329302859,421,288
gaze,134021658329380283,220,150
MouseMove,134021658329382165,420,286
MouseMove,134021658329460885,420,285
gaze,134021658329470736,227,148
MouseMove,134021658329539911,420,283
gaze,134021658329551615,225,151
MouseMove,134021658329621539,420,283
gaze,134021658329637100,227,152
MouseMove,134021658329701552,420,282
gaze,134021658329718247,234,144
MouseMove,134021658329779872,420,282
gaze,134021658329803629,233,143
MouseMove,134021658329860040,420,280
gaze,134021658329885394,229,150
MouseMove,134021658329940203,420,279
gaze,134021658329962302,229,146
MouseMove,134021658330021665,420,279
gaze,134021658330039372,224,145
MouseMove,134021658330099592,420,278
gaze,134021658330116389,226,149
MouseMove,134021658330179809,420,277
gaze,134021658330199613,233,147
MouseMove,134021658330260396,420,276
gaze,134021658330304293,223,144
gaze,134021658330366304,227,141
gaze,134021658330452452,231,143
gaze,134021658330532957,225,141
gaze,134021658330637598,227,148
gaze,134021658330720684,220,138
gaze,134021658330806223,228,143
gaze,134021658330884808,228,149
gaze,134021658330970822,229,144
gaze,134021658331050962,233,149
gaze,134021658331132435,226,150
gaze,134021658331218935,225,153
gaze,134021658331303155,225,147
gaze,134021658331384984,237,154
gaze,134021658331466405,231,143
gaze,134021658331552603,225,146
LeftMouseDown,134021658331621095
gaze,134021658331635299,228,143
gaze,134021658331718395,237,158
gaze,134021658331804053,231,153
gaze,134021658331885528,229,149
gaze,134021658331970652,219,152
gaze,134021658332051852,164,158
gaze,134021658332130481,167,177
gaze,134021658332200027,176,170
gaze,134021658332283801,177,172
gaze,134021658332386429,179,175
gaze,134021658332449376,175,179
gaze,134021658332533385,171,172
gaze,134021658332616903,173,171
gaze,134021658332720158,166,164
LeftMouseUp,134021658332741450
gaze,134021658332802773,172,168
gaze,134021658332892206,177,175
gaze,134021658332968842,175,181
gaze,134021658333053647,175,180
gaze,134021658333135129,170,180
gaze,134021658333215154,179,186
gaze,134021658333303315,166,182
gaze,134021658333386524,181,188
gaze,134021658333473986,175,186
gaze,134021658333545684,182,184
gaze,134021658333637329,177,186
gaze,134021658333718514,174,177
gaze,134021658333803685,180,173
gaze,134021658333885716,169,172
gaze,134021658333971027,177,176
gaze,134021658334051807,175,170
gaze,134021658334132402,173,177
gaze,134021658334199559,175,186
gaze,134021658334283019,171,182
MouseMove,134021658334342039,421,276
gaze,134021658334366854,210,203
MouseMove,134021658334420488,425,277
gaze,134021658334470948,354,247
MouseMove,134021658334499339,430,282
gaze,134021658334532176,492,275
MouseMove,134021658334579855,437,290
gaze,134021658334615951,641,356
MouseMove,134021658334660700,447,300
gaze,134021658334703751,696,444
MouseMove,134021658334741463,458,313
gaze,134021658334804724,683,524
MouseMove,134021658334827208,477,334
gaze,134021658334886618,678,572
MouseMove,134021658334900432,500,362
gaze,134021658334971963,678,565
MouseMove,134021658334979221,524,390
gaze,134021658335051828,674,575
MouseMove,134021658335060453,552,424
gaze,134021658335138208,670,575
MouseMove,134021658335141452,583,460
gaze,134021658335219678,673,581
MouseMove,134021658335221273,608,491
MouseMove,134021658335299961,638,524
gaze,134021658335299736,673,567
MouseMove,134021658335380054,666,560
gaze,134021658335387729,667,565
MouseMove,134021658335460004,693,596
gaze,134021658335469558,669,570
MouseMove,134021658335539621,716,626
gaze,134021658335554133,669,558
MouseMove,134021658335620054,741,655
gaze,134021658335629724,670,561
MouseMove,134021658335699905,764,685
gaze,134021658335725397,676,562
MouseMove,134021658335780602,782,707
gaze,134021658335802382,672,564
MouseMove,134021658335861052,793,722
gaze,134021658335882533,667,555
MouseMove,134021658335941289,802,730
gaze,134021658335965440,669,560
MouseMove,134021658336021687,811,736
gaze,134021658336058581,674,553
MouseMove,134021658336100170,816,741
gaze,134021658336145096,668,563
MouseMove,134021658336181137,824,745
gaze,134021658336214401,672,558
MouseMove,134021658336260433,830,747
gaze,134021658336284400,670,557
MouseMove,134021658336340029,834,750
gaze,134021658336366498,664,560
MouseMove,134021658336420784,837,751
gaze,134021658336470793,667,572
MouseMove,134021658336500071,838,751
gaze,134021658336545085,670,566
gaze,134021658336618085,683,562
gaze,134021658336699666,697,546
gaze,134021658336783956,700,542
gaze,134021658336887200,708,532
gaze,134021658336968615,706,540
gaze,134021658337053809,710,537
gaze,134021658337135437,710,543
MouseMove,134021658337141535,838,751
MouseMove,134021658337220416,838,750
gaze,134021658337220761,702,547
gaze,134021658337297499,704,537
MouseMove,134021658337300820,838,748
MouseMove,134021658337379936,837,743
gaze,134021658337386092,703,539
MouseMove,134021658337459836,836,738
gaze,134021658337469589,701,536
MouseMove,134021658337539378,833,730
gaze,134021658337551703,699,532
MouseMove,134021658337619613,832,722
gaze,134021658337635905,702,542
MouseMove,134021658337699925,830,711
gaze,134021658337713667,706,536
MouseMove,134021658337780522,828,701
gaze,134021658337802730,698,538
MouseMove,134021658337859969,827,691
gaze,134021658337884271,718,515
MouseMove,134021658337939894,826,682
gaze,134021658337971736,738,478
MouseMove,134021658338024160,823,672
gaze,134021658338052955,731,496
MouseMove,134021658338099707,822,663
gaze,134021658338137098,741,473
MouseMove,134021658338181225,821,652
gaze,134021658338214469,739,473
MouseMove,134021658338261213,818,642
gaze,134021658338283573,729,453
MouseMove,134021658338339674,816,634
gaze,134021658338366033,740,482
MouseMove,134021658338420269,815,627
gaze,134021658338470755,731,472
MouseMove,134021658338499843,812,620
gaze,134021658338550943,730,480
MouseMove,134021658338579770,810,612
gaze,134021658338629900,733,489
MouseMove,134021658338661259,808,603
gaze,134021658338701961,738,498
MouseMove,134021658338740564,807,599
gaze,134021658338782405,728,499
MouseMove,134021658338821232,807,595
gaze,134021658338866631,725,500
MouseMove,134021658338900412,806,593
gaze,134021658338970352,732,481
MouseMove,134021658338979380,806,590
gaze,134021658339050888,731,487
MouseMove,134021658339059350,805,588
gaze,134021658339136313,733,492
MouseMove,134021658339143142,805,585
gaze,134021658339218069,733,470
MouseMove,134021658339220658,805,583
MouseMove,134021658339303756,805,583
gaze,134021658339303490,737,482
gaze,134021658339386276,739,474
gaze,134021658339458884,756,624
MouseMove,134021658339540125,805,581
MouseMove,134021658339701040,806,581
MouseMove,134021658339780744,806,581
KeyDown,134021658345220192,73
KeyDown,134021658345459919,79
KeyUp,134021658345859431,73
gaze,134021658346043569,797,649
gaze,134021658346137358,712,498
gaze,134021658346219366,721,462
gaze,134021658346305018,727,412
gaze,134021658346386620,715,387
gaze,134021658346466371,711,427
KeyUp,134021658346500005,79
gaze,134021658346533407,719,429
gaze,134021658346616580,714,466
gaze,134021658346723192,714,456
gaze,134021658346797636,712,460
gaze,134021658346868613,709,457
gaze,134021658346950488,718,435
gaze,134021658347054981,723,460
gaze,134021658347137028,715,463
gaze,134021658347221343,713,460
gaze,134021658347303160,725,482
gaze,134021658347386141,719,476
gaze,134021658347470061,723,468
gaze,134021658347547027,722,479
gaze,134021658347636439,722,477
gaze,134021658347720240,723,479
gaze,134021658347802668,727,454
gaze,134021658347881486,779,509
gaze,134021658347971287,764,515
gaze,134021658348056711,771,514
gaze,134021658348140807,765,505
gaze,134021658348221870,767,518
gaze,134021658348304464,769,508
gaze,134021658348388608,774,510
gaze,134021658348465220,770,511
gaze,134021658348535787,770,505
gaze,134021658348616901,766,500
gaze,134021658348721741,759,498
gaze,134021658348798707,761,516
gaze,134021658348869076,767,511
gaze,134021658348950776,764,507
gaze,134021658349055299,771,513
gaze,134021658349136292,763,519
gaze,134021658349221709,762,506
gaze,134021658349303775,763,511
gaze,134021658349389923,769,497
gaze,134021658349470658,767,527
gaze,134021658349548722,761,509
gaze,134021658349637285,768,520
gaze,134021658349719165,765,479
gaze,134021658349804036,766,509
gaze,134021658349880699,747,506
gaze,134021658349970902,581,553
gaze,134021658350052747,371,626
gaze,134021658350138768,231,672
gaze,134021658350220051,149,721
gaze,134021658350306206,172,751
gaze,134021658350387424,188,763
gaze,134021658350467578,202,758
gaze,134021658350534689,192,757
gaze,134021658350618231,206,749
gaze,134021658350725037,197,746
gaze,134021658350803130,214,754
gaze,134021658350869741,216,753
gaze,134021658350951611,202,748
gaze,134021658351055432,202,742
gaze,134021658351136486,210,757
gaze,134021658351221586,198,746
gaze,134021658351303379,201,744
gaze,134021658351387942,211,762
gaze,134021658351473636,210,750
gaze,134021658351550137,200,748
gaze,134021658351638000,205,751
gaze,134021658351719510,197,747
gaze,134021658351804704,198,750
gaze,134021658351880649,215,765
gaze,134021658351972880,192,751
gaze,134021658352053427,201,746
gaze,134021658352138475,207,751
gaze,134021658352218776,196,740
gaze,134021658352305986,186,747
gaze,134021658352386236,195,744
gaze,134021658352468146,209,754
KeyDown,134021658352500372,160
gaze,134021658352534478,206,752
gaze,134021658352617600,200,743
gaze,134021658352701371,206,752
gaze,134021658352804073,205,746
gaze,134021658352866087,188,760
gaze,134021658352950420,196,783
gaze,134021658353054790,201,778
gaze,134021658353136376,192,779
gaze,134021658353220842,200,779
gaze,134021658353303555,194,779
gaze,134021658353387200,204,775
gaze,134021658353470969,199,775
gaze,134021658353553516,195,776
gaze,134021658353629813,198,773
gaze,134021658353721418,208,779
gaze,134021658353804089,193,775
gaze,134021658353882384,200,778
gaze,134021658353971689,194,770
gaze,134021658354052261,196,765
gaze,134021658354138220,199,776
gaze,134021658354222880,189,760
gaze,134021658354305164,196,773
gaze,134021658354387146,202,768
KeyDown,134021658354420024,87
gaze,134021658354472739,199,768
gaze,134021658354546979,202,768
gaze,134021658354620174,259,772
gaze,134021658354712377,261,779
gaze,134021658354805059,266,771
gaze,134021658354868254,259,770
gaze,134021658354951323,268,762
gaze,134021658355055482,273,777
gaze,134021658355137077,262,773
gaze,134021658355221813,263,769
gaze,134021658355303296,257,772
KeyUp,134021658355381390,160
gaze,134021658355388467,252,769
gaze,134021658355469829,266,768
gaze,134021658355554805,275,775
gaze,134021658355630902,266,775
gaze,134021658355722461,267,778
gaze,134021658355806248,257,767
gaze,134021658355883595,259,773
gaze,134021658355978881,256,768
gaze,134021658356053688,256,767
KeyUp,134021658356101248,87
gaze,134021658356139078,266,773
gaze,134021658356220006,270,778
gaze,134021658356306764,263,776
gaze,134021658356386043,260,777
gaze,134021658356473194,260,769
gaze,134021658356547909,261,776
KeyDown,134021658356582502,82
gaze,134021658356619044,265,774
gaze,134021658356705817,278,767
gaze,134021658356779885,284,766
gaze,134021658356887857,272,767
gaze,134021658356948756,271,766
gaze,134021658357034441,273,758
gaze,134021658357138182,276,759
gaze,134021658357220775,279,768
KeyUp,134021658357299997,82
gaze,134021658357303285,274,771
gaze,134021658357387596,275,766
gaze,134021658357470548,276,763
gaze,134021658357553977,278,770
gaze,134021658357636485,280,765
gaze,134021658357716250,289,766
gaze,134021658357804936,280,765
gaze,134021658357886036,289,773
KeyDown,134021658357939985,73
gaze,134021658357967997,281,758
gaze,134021658358054856,277,764
gaze,134021658358136925,272,763
gaze,134021658358223130,280,768
gaze,134021658358303793,285,769
gaze,134021658358389263,284,773
gaze,134021658358470395,285,768
gaze,134021658358554638,276,770
gaze,134021658358631565,281,768
gaze,134021658358698631,289,774
gaze,134021658358784769,340,766
KeyUp,134021658358820104,73
gaze,134021658358888023,335,764
gaze,134021658358949961,319,757
KeyDown,134021658358979658,84
gaze,134021658359034580,329,761
gaze,134021658359138467,333,757
gaze,134021658359220783,334,757
gaze,134021658359303926,341,766
gaze,134021658359386560,329,758
KeyDown,134021658359460157,69
gaze,134021658359472852,327,765
gaze,134021658359553208,330,768
gaze,134021658359637963,324,753
gaze,134021658359715331,342,766
KeyUp,134021658359780157,84
gaze,134021658359805129,342,774
gaze,134021658359886321,338,764
gaze,134021658359968120,327,764
gaze,134021658360054160,345,771
gaze,134021658360138172,342,760
gaze,134021658360220465,335,764
KeyUp,134021658360260060,69
gaze,134021658360306121,339,770
gaze,134021658360386559,339,760
gaze,134021658360472707,344,767
gaze,134021658360552484,329,768
gaze,134021658360632355,332,761
gaze,134021658360701381,333,766
gaze,134021658360786702,336,766
gaze,134021658360888573,336,772
gaze,134021658360950233,328,762
gaze,134021658361034699,326,769
gaze,134021658361141360,335,768
gaze,134021658361219431,334,763
gaze,134021658361306391,333,764
gaze,134021658361386608,335,767
gaze,134021658361472228,337,762
gaze,134021658361553061,340,768
gaze,134021658361639477,339,767
gaze,134021658361714825,330,770
gaze,134021658361806754,339,764
gaze,134021658361886001,338,770
gaze,134021658361966476,335,768
gaze,134021658362054699,335,778
gaze,134021658362137633,333,770
gaze,134021658362219712,340,780
gaze,134021658362303828,335,776
gaze,134021658362386668,332,763
gaze,134021658362470898,338,767
gaze,134021658362554271,333,773
gaze,134021658362632367,340,768
gaze,134021658362709912,334,771
gaze,134021658362785492,337,766
gaze,134021658362888400,338,767
gaze,134021658362950915,325,768
gaze,134021658363034753,334,770
gaze,134021658363138170,345,772
gaze,134021658363220414,424,746
gaze,134021658363303823,565,685
gaze,134021658363386961,668,591
gaze,134021658363470476,785,546
gaze,134021658363552998,855,506
gaze,134021658363636564,847,499
gaze,134021658363714160,846,519
gaze,134021658363804003,841,508
gaze,134021658363886517,836,514
gaze,134021658363965389,823,485
gaze,134021658364055389,835,495
gaze,134021658364136814,833,505
gaze,134021658364221485,832,500
gaze,134021658364302950,832,504
gaze,134021658364388277,825,495
gaze,134021658364469153,828,495
gaze,134021658364554393,822,500
gaze,134021658364630491,831,501
gaze,134021658364702084,827,517
gaze,134021658364783679,829,500
gaze,134021658364862286,830,511
gaze,134021658364971289,833,523
gaze,134021658365032418,816,502
gaze,134021658365117300,773,532
gaze,134021658365220807,793,532
gaze,134021658365302420,781,544
gaze,134021658365390128,787,538
gaze,134021658365469726,782,535
gaze,134021658365554519,781,530
gaze,134021658365636033,781,534
gaze,134021658365722134,787,516
gaze,134021658365800214,783,551
gaze,134021658365888902,785,539
gaze,134021658365969494,785,537
gaze,134021658366050182,783,536
gaze,134021658366137479,784,535
gaze,134021658366219453,780,538
gaze,134021658366302934,788,539
gaze,134021658366386298,782,529
gaze,134021658366470952,774,520
gaze,134021658366552208,773,526
gaze,134021658366637010,790,517
gaze,134021658366714474,816,477
gaze,134021658366784694,802,471
gaze,134021658366867874,807,480
gaze,134021658366945491,808,459
gaze,134021658367053890,801,476
gaze,134021658367115974,809,477
gaze,134021658367200575,805,490
gaze,134021658367304909,804,493
gaze,134021658367386396,802,492
gaze,134021658367471885,805,493
gaze,134021658367555698,834,478
gaze,134021658367638072,944,584
gaze,134021658367722256,1026,655
gaze,134021658367803664,1104,793
gaze,134021658367883962,1187,944
gaze,134021658367971612,1227,1070
gaze,134021658368045815,1193,1225
KeyDown,134021658368261086,160
KeyDown,134021658371620097,57
gaze,134021658371888142,805,614
gaze,134021658371964512,810,524
gaze,134021658372057200,810,466
KeyDown,134021658372105074,48
gaze,134021658372139457,799,449
gaze,134021658372216925,796,448
gaze,134021658372304683,813,508
gaze,134021658372388657,801,509
KeyUp,134021658372420203,160
KeyUp,134021658372424507,57
gaze,134021658372472044,804,500
gaze,134021658372552822,800,480
gaze,134021658372638765,801,517
gaze,134021658372719920,798,492
gaze,134021658372805318,793,482
gaze,134021658372880627,801,499
gaze,134021658372952993,801,505
gaze,134021658373033787,804,506
gaze,134021658373137214,802,505
gaze,134021658373199773,801,512
gaze,134021658373283338,802,490
KeyUp,134021658373299984,48
gaze,134021658373388278,800,492
gaze,134021658373476190,810,482
gaze,134021658373553132,808,476
gaze,134021658373636491,809,507
gaze,134021658373720485,799,522
gaze,134021658373803723,800,504
gaze,134021658373886685,813,519
gaze,134021658373965706,810,500
gaze,134021658374054609,807,519
gaze,134021658374136435,813,509
KeyDown,134021658374179890,192
gaze,134021658374216119,803,510
gaze,134021658374304720,811,516
gaze,134021658374386529,809,490
gaze,134021658374471264,808,508
gaze,134021658374553460,806,507
gaze,134021658374639417,805,496
gaze,134021658374723514,804,492
gaze,134021658374805606,809,497
gaze,134021658374881888,799,505
gaze,134021658374952403,808,493
gaze,134021658375034979,806,499
gaze,134021658375138058,840,492
gaze,134021658375200161,831,478
gaze,134021658375284342,827,495
gaze,134021658375387907,827,469
gaze,134021658375471071,834,489
gaze,134021658375552846,827,482
gaze,134021658375636476,831,481
KeyUp,134021658375701038,192
gaze,134021658375720734,826,468
gaze,134021658375806958,831,490
gaze,134021658375887484,830,486
gaze,134021658375967820,832,493
gaze,134021658376055544,823,474
gaze,134021658376142872,832,479
gaze,134021658376217422,831,481
gaze,134021658376304977,829,498
gaze,134021658376387688,826,478
gaze,134021658376473095,830,466
gaze,134021658376553162,825,461
gaze,134021658376638978,824,465
gaze,134021658376720741,829,480
gaze,134021658376804799,831,489
gaze,134021658376880845,825,473
gaze,134021658376953239,828,478
gaze,134021658377034323,824,484
gaze,134021658377113027,823,451
gaze,134021658377220822,831,479
gaze,134021658377284035,785,463
gaze,134021658377375754,676,489
gaze,134021658377471911,679,469
gaze,134021658377553340,679,482
gaze,134021658377637566,684,476
gaze,134021658377719698,683,492
gaze,134021658377803997,677,467
gaze,134021658377887162,680,475
gaze,134021658377969052,685,483
gaze,134021658378048209,685,464
gaze,134021658378137285,688,482
gaze,134021658378219242,689,490
gaze,134021658378301309,675,476
gaze,134021658378387009,682,480
gaze,134021658378470576,689,501
gaze,134021658378552909,681,453
gaze,134021658378635848,686,484
gaze,134021658378719927,695,488
gaze,134021658378802977,680,482
KeyDown,134021658378822228,32
gaze,134021658378885957,688,487
gaze,134021658378973194,681,457
gaze,134021658379034421,694,475
gaze,134021658379117725,689,480
gaze,134021658379221738,691,473
gaze,134021658379284076,687,472
gaze,134021658379368584,688,466
gaze,134021658379452059,687,473
gaze,134021658379555117,686,468
gaze,134021658379636980,682,456
KeyUp,134021658379700948,32
gaze,134021658379721660,688,489
gaze,134021658379803734,685,464
gaze,134021658379888344,691,475
gaze,134021658379969224,689,474
gaze,134021658380053547,682,457
gaze,134021658380139702,703,499
gaze,134021658380220743,686,476
gaze,134021658380304716,708,468
gaze,134021658380380763,782,489
gaze,134021658380471701,783,446
gaze,134021658380553292,796,461
gaze,134021658380638367,785,450
gaze,134021658380723560,796,471
gaze,134021658380805656,790,469
gaze,134021658380886627,792,457
gaze,134021658380966463,787,483
gaze,134021658381034862,790,471
gaze,134021658381117607,781,454
gaze,134021658381200823,787,466
gaze,134021658381304488,790,478
gaze,134021658381367314,787,459
gaze,134021658381453962,781,481
gaze,134021658381555024,779,465
gaze,134021658381637335,780,479
gaze,134021658381720554,755,480
gaze,134021658381804641,620,561
gaze,134021658381887470,447,592
gaze,134021658381971002,317,648
gaze,134021658382054590,252,686
gaze,134021658382132360,286,708
gaze,134021658382220989,297,713
gaze,134021658382304586,302,716
gaze,134021658382382554,291,709
gaze,134021658382471641,297,700
gaze,134021658382553542,291,697
gaze,134021658382640171,304,710
gaze,134021658382724479,298,704
gaze,134021658382806668,298,699
gaze,134021658382887498,298,699
gaze,134021658382972310,317,716
gaze,134021658383048441,298,699
gaze,134021658383119738,294,702
gaze,134021658383201335,304,711
gaze,134021658383305415,313,709
gaze,134021658383367760,308,711
gaze,134021658383451737,312,706
gaze,134021658383556098,298,693
gaze,134021658383637407,313,714
gaze,134021658383723339,356,746
gaze,134021658383805816,404,749
gaze,134021658383889664,489,763
gaze,134021658383971320,489,763
gaze,134021658384057746,473,764
gaze,134021658384132955,484,763
gaze,134021658384224633,483,761
gaze,134021658384304977,479,759
gaze,134021658384384772,489,763
gaze,134021658384472718,475,764
gaze,134021658384553444,486,763
gaze,134021658384640255,474,753
gaze,134021658384721210,478,757
gaze,134021658384806850,476,762
gaze,134021658384887598,478,768
gaze,134021658384974234,474,770
gaze,134021658385049916,471,762
gaze,134021658385120190,470,766
gaze,134021658385202914,472,769
gaze,134021658385281560,469,768
gaze,134021658385390814,480,762
gaze,134021658385451205,477,767
gaze,134021658385535195,475,764
gaze,134021658385639288,477,760
gaze,134021658385720646,478,770
gaze,134021658385814725,472,763
gaze,134021658385888975,475,773
gaze,134021658385974476,474,767
gaze,134021658386054420,480,764
gaze,134021658386139175,479,762
gaze,134021658386214662,479,769
gaze,134021658386307192,475,764
gaze,134021658386387315,476,756
gaze,134021658386467870,477,765
gaze,134021658386555337,473,761
gaze,134021658386636881,476,766
gaze,134021658386722642,478,767
gaze,134021658386804790,474,767
gaze,134021658386890055,482,767
gaze,134021658386971313,476,771
gaze,134021658387057139,482,775
gaze,134021658387132338,471,761
gaze,134021658387203926,476,773
gaze,134021658387285648,476,770
gaze,134021658387363840,467,766
gaze,134021658387476431,377,771
gaze,134021658387534023,265,783
gaze,134021658387618641,203,786
gaze,134021658387723058,154,797
gaze,134021658387805406,159,795
gaze,134021658387888202,153,794
gaze,134021658387971095,154,792
gaze,134021658388054785,158,796
gaze,134021658388139402,165,797
gaze,134021658388221368,165,787
gaze,134021658388303410,163,796
gaze,134021658388388696,159,789
gaze,134021658388472095,163,791
gaze,134021658388549140,167,797
gaze,134021658388639332,179,796
gaze,134021658388720791,170,795
gaze,134021658388807495,164,797
gaze,134021658388887095,162,793
gaze,134021658388973905,171,796
gaze,134021658389055005,165,800
gaze,134021658389138984,174,795
gaze,134021658389216652,173,787
gaze,134021658389286162,170,794
gaze,134021658389378191,164,791
gaze,134021658389473901,171,796
gaze,134021658389534603,183,804
gaze,134021658389618412,176,790
gaze,134021658389723480,157,792
gaze,134021658389804689,167,789
gaze,134021658389889365,165,795
gaze,134021658389970990,183,784
gaze,134021658390056411,172,798
gaze,134021658390137687,165,790
gaze,134021658390223395,176,799
gaze,134021658390300509,173,797
gaze,134021658390391280,175,796
gaze,134021658390471391,168,786
KeyDown,134021658390500549,73
gaze,134021658390551432,174,791
gaze,134021658390639200,177,800
gaze,134021658390727882,154,798
gaze,134021658390807478,51,778
gaze,134021658390888133,59,762
gaze,134021658390972589,83,764
gaze,134021658391053837,84,774
gaze,134021658391140163,83,759
gaze,134021658391216958,92,769
gaze,134021658391286832,81,759
KeyUp,134021658391300901,73
gaze,134021658391368991,87,762
gaze,134021658391474075,87,766
gaze,134021658391535093,81,770
gaze,134021658391618577,92,769
gaze,134021658391722801,85,764
gaze,134021658391804002,84,772
gaze,134021658391888402,73,766
KeyDown,134021658391939652,78
gaze,134021658391971678,90,773
gaze,134021658392057290,82,766
gaze,134021658392138479,84,770
gaze,134021658392222047,83,766
gaze,134021658392300280,80,762
gaze,134021658392389560,83,765
gaze,134021658392471001,81,772
gaze,134021658392551899,88,767
KeyUp,134021658392580082,78
gaze,134021658392639551,86,771
gaze,134021658392720797,74,764
gaze,134021658392806588,82,764
KeyDown,134021658392819677,32
gaze,134021658392887242,86,775
gaze,134021658392973800,80,770
gaze,134021658393059008,83,764
gaze,134021658393139239,83,766
gaze,134021658393215304,81,768
gaze,134021658393287602,81,764
gaze,134021658393375429,95,770
gaze,134021658393473898,85,766
gaze,134021658393535317,85,774
gaze,134021658393618658,76,758
gaze,134021658393724280,85,768
KeyUp,134021658393781164,32
gaze,134021658393804966,177,769
gaze,134021658393890078,217,758
gaze,134021658393971335,215,759
gaze,134021658394056885,214,761
gaze,134021658394138044,218,751
gaze,134021658394222090,224,759
gaze,134021658394300364,211,761
gaze,134021658394388517,207,753
gaze,134021658394471678,198,757
gaze,134021658394549542,209,761
gaze,134021658394638608,211,759
gaze,134021658394720230,210,763
gaze,134021658394808922,219,765
gaze,134021658394888245,212,759
gaze,134021658394974471,216,758
gaze,134021658395054907,223,767
gaze,134021658395139515,207,764
gaze,134021658395215712,212,762
gaze,134021658395285747,212,765
gaze,134021658395370277,214,760
gaze,134021658395452107,218,752
gaze,134021658395556459,217,762
gaze,134021658395616581,209,757
gaze,134021658395701878,242,753
gaze,134021658395808825,293,758
gaze,134021658395888597,283,756
gaze,134021658395974687,280,758
gaze,134021658396055088,277,756
gaze,134021658396144154,289,760
gaze,134021658396222470,282,760
gaze,134021658396307601,277,761
gaze,134021658396382124,276,756
gaze,134021658396473998,285,755
gaze,134021658396554854,276,760
gaze,134021658396634004,287,762
gaze,134021658396723885,289,765
gaze,134021658396804562,291,762
gaze,134021658396890726,273,758
gaze,134021658396972981,278,761
gaze,134021658397056499,277,762
gaze,134021658397141928,285,759
gaze,134021658397222658,276,764
gaze,134021658397299041,278,750
gaze,134021658397371431,285,769
gaze,134021658397452553,284,756
gaze,134021658397556450,279,755
gaze,134021658397618119,288,766
gaze,134021658397701998,277,765
gaze,134021658397806269,284,764
gaze,134021658397887628,278,762
gaze,134021658397972739,287,757
gaze,134021658398054623,279,759
gaze,134021658398139549,273,757
gaze,134021658398222136,299,757
gaze,134021658398305786,419,722
gaze,134021658398383884,563,654
gaze,134021658398473765,730,519
gaze,134021658398545043,811,507
gaze,134021658398635432,927,381
gaze,134021658398723049,895,400
gaze,134021658398811779,905,429
gaze,134021658398890059,899,454
gaze,134021658398976768,893,426
gaze,134021658399055633,901,435
gaze,134021658399139648,885,453
gaze,134021658399220842,894,435
gaze,134021658399300826,890,414
gaze,134021658399369029,892,415
gaze,134021658399452222,888,445
gaze,134021658399531414,881,441
gaze,134021658399641114,884,436
gaze,134021658399700208,882,426
gaze,134021658399784886,885,432
gaze,134021658399889188,882,457
gaze,134021658399971711,880,430
gaze,134021658400054698,880,441
gaze,134021658400138330,884,449
gaze,134021658400220928,884,437
gaze,134021658400303943,886,439
KeyDown,134021658400340422,192
gaze,134021658400388433,886,405
gaze,134021658400466623,881,388
gaze,134021658400556588,885,435
gaze,134021658400638093,881,406
gaze,134021658400715222,883,427
gaze,134021658400804666,883,408
gaze,134021658400887577,887,437
gaze,134021658400970845,883,395
gaze,134021658401053130,888,465
gaze,134021658401139662,882,475
gaze,134021658401220903,888,479
gaze,134021658401307506,881,456
gaze,134021658401381760,878,500
gaze,134021658401456719,888,492
gaze,134021658401535354,885,415
gaze,134021658401614692,886,472
KeyUp,134021658401703885,192
gaze,134021658401722025,886,481
gaze,134021658401783547,891,476
gaze,134021658401868257,888,482
gaze,134021658401984488,892,475
gaze,134021658402054018,889,489
gaze,134021658402141690,882,483
gaze,134021658402220036,893,480
gaze,134021658402306504,888,480
gaze,134021658402387534,884,474
gaze,134021658402472274,881,466
gaze,134021658402548469,882,458
gaze,134021658402640774,880,483
gaze,134021658402724057,887,484
gaze,134021658402802514,882,473
gaze,134021658402888280,885,476
gaze,134021658402971560,884,462
gaze,134021658403053952,883,466
gaze,134021658403137066,879,468
gaze,134021658403220696,876,485
gaze,134021658403304295,888,444
gaze,134021658403387194,885,490
gaze,134021658403466362,878,482
gaze,134021658403535421,877,469
gaze,134021658403618956,881,484
gaze,134021658403697467,884,501
gaze,134021658403806033,882,479
gaze,134021658403866165,887,521
gaze,134021658403950956,881,474
gaze,134021658404056438,881,495
gaze,134021658404141138,886,491
gaze,134021658404221920,883,492
gaze,134021658404303752,894,481
gaze,134021658404390203,875,468
gaze,134021658404470366,893,485
gaze,134021658404561701,886,474
gaze,134021658404631927,884,463
gaze,134021658404723100,885,483
KeyDown,134021658404740402,82
gaze,134021658404804530,881,493
gaze,134021658404885267,882,428
gaze,134021658404972409,886,432
gaze,134021658405053645,883,484
gaze,134021658405138980,887,470
gaze,134021658405220206,881,493
gaze,134021658405307040,880,434
gaze,134021658405387960,880,486
gaze,134021658405474395,891,499
gaze,134021658405548657,887,498
KeyUp,134021658405620337,82
gaze,134021658405620357,887,466
gaze,134021658405702901,886,450
gaze,134021658405807668,888,460
gaze,134021658405867862,882,472
gaze,134021658405952933,889,495
gaze,134021658406056099,884,477
gaze,134021658406140969,892,488
gaze,134021658406222727,884,482
gaze,134021658406305700,885,497
gaze,134021658406387458,881,477
gaze,134021658406472493,886,506
gaze,134021658406553613,889,479
gaze,134021658406633184,876,480
gaze,134021658406721570,886,477
gaze,134021658406805700,884,479
KeyDown,134021658406820496,73
gaze,134021658406881307,885,476
gaze,134021658406971902,892,476
gaze,134021658407054393,880,485
gaze,134021658407139460,884,484
gaze,134021658407220769,885,471
gaze,134021658407307638,882,478
gaze,134021658407390808,883,462
gaze,134021658407473776,876,475
gaze,134021658407548593,882,490
KeyDown,134021658407620888,79
gaze,134021658407620391,883,481
gaze,134021658407706297,880,472
gaze,134021658407781403,887,493
gaze,134021658407889433,886,489
gaze,134021658407950945,885,462
gaze,134021658408037002,888,504
gaze,134021658408142322,884,466
gaze,134021658408221161,894,481
gaze,134021658408306054,906,497
KeyUp,134021658408340577,73
KeyUp,134021658408345180,79
gaze,134021658408388722,903,505
gaze,134021658408471587,904,495
gaze,134021658408553230,905,499
gaze,134021658408637240,907,496
gaze,134021658408714777,905,506
gaze,134021658408804566,902,503
gaze,134021658408886694,903,464
gaze,134021658408966038,905,469
gaze,134021658409054926,905,489
gaze,134021658409137626,897,491
gaze,134021658409221228,891,471
gaze,134021658409309413,898,477
gaze,134021658409392089,895,475
gaze,134021658409472430,900,494
gaze,134021658409554692,907,507
gaze,134021658409632630,900,485
gaze,134021658409702232,902,500
gaze,134021658409786008,899,480
gaze,134021658409888580,901,482
KeyDown,134021658409939689,190
gaze,134021658409952021,892,474
gaze,134021658410035943,898,494
gaze,134021658410119057,903,490
gaze,134021658410225291,902,510
gaze,134021658410304444,899,481
gaze,134021658410391004,901,480
gaze,134021658410470849,898,497
gaze,134021658410557575,900,473
gaze,134021658410638481,892,469
gaze,134021658410720220,902,489
KeyUp,134021658410740155,190
gaze,134021658410810749,902,503
gaze,134021658410887747,898,469
gaze,134021658410973002,896,497
gaze,134021658411048993,914,493
gaze,134021658411140166,900,491
gaze,134021658411221484,900,488
gaze,134021658411306977,900,493
gaze,134021658411388276,899,480
gaze,134021658411474560,898,506
gaze,134021658411555201,897,480
gaze,134021658411635498,898,460
gaze,134021658411702363,903,472
gaze,134021658411785375,904,484
gaze,134021658411889405,906,469
gaze,134021658411964774,903,490
gaze,134021658412042369,893,486
gaze,134021658412119288,908,492
gaze,134021658412202283,899,470
gaze,134021658412305779,901,499
gaze,134021658412388417,897,467
KeyDown,134021658412420721,72
gaze,134021658412471953,904,497
gaze,134021658412555366,899,477
gaze,134021658412638513,923,504
gaze,134021658412716227,920,500
gaze,134021658412806464,914,499
gaze,134021658412888148,925,495
gaze,134021658412973920,927,511
gaze,134021658413054916,916,481
gaze,134021658413134435,917,481
KeyUp,134021658413220656,72
gaze,134021658413222679,919,498
gaze,134021658413304170,920,504
gaze,134021658413389785,928,498
gaze,134021658413472254,925,487
gaze,134021658413556276,924,475
gaze,134021658413631818,919,479
gaze,134021658413706098,923,472
gaze,134021658413786821,924,494
gaze,134021658413890123,918,491
gaze,134021658413973657,918,461
gaze,134021658414053027,916,499
gaze,134021658414119401,912,447
gaze,134021658414202628,921,507
gaze,134021658414305918,921,475
gaze,134021658414388561,927,504
KeyDown,134021658414420219,192
gaze,134021658414474455,914,486
gaze,134021658414555096,919,498
gaze,134021658414639280,926,496
gaze,134021658414716263,922,502
gaze,134021658414806198,921,502
gaze,134021658414888770,918,506
gaze,134021658414971944,919,481
gaze,134021658415055384,924,499
gaze,134021658415133174,929,495
gaze,134021658415223365,916,502
gaze,134021658415305352,917,499
gaze,134021658415392419,915,490
gaze,134021658415472483,916,506
gaze,134021658415556020,915,499
gaze,134021658415632057,917,474
KeyUp,134021658415700560,192
gaze,134021658415704322,919,490
gaze,134021658415788676,916,484
gaze,134021658415869345,914,478
gaze,134021658415977324,914,472
gaze,134021658416049540,918,496
gaze,134021658416121508,920,461
gaze,134021658416202758,919,502
gaze,134021658416306755,910,501
gaze,134021658416387974,927,500
gaze,134021658416474404,908,479
gaze,134021658416553906,908,480
gaze,134021658416639806,919,465
gaze,134021658416720843,920,485
gaze,134021658416802379,920,500
gaze,134021658416889071,916,476
gaze,134021658416971828,921,463
gaze,134021658417055417,919,496
gaze,134021658417133396,914,494
gaze,134021658417222281,917,465
gaze,134021658417306919,912,488
gaze,134021658417388569,908,495
gaze,134021658417471927,913,497
gaze,134021658417553799,915,505
gaze,134021658417638526,918,461
gaze,134021658417716115,919,474
gaze,134021658417786765,919,472
gaze,134021658417869124,912,455
gaze,134021658417952146,915,464
gaze,134021658418056464,917,497
gaze,134021658418123749,915,493
gaze,134021658418202518,915,460
gaze,134021658418294939,912,455
KeyDown,134021658418340450,190
gaze,134021658418389151,925,493
gaze,134021658418477936,937,508
gaze,134021658418556595,931,493
gaze,134021658418637992,933,497
gaze,134021658418723738,937,497
gaze,134021658418805718,931,484
gaze,134021658418884987,934,465
gaze,134021658418972857,946,494
gaze,134021658419055024,936,478
gaze,134021658419140659,924,491
gaze,134021658419215636,933,474
KeyUp,134021658419301260,190
gaze,134021658419308457,930,492
gaze,134021658419392620,930,499
gaze,134021658419474086,932,498
gaze,134021658419555062,933,478
gaze,134021658419640280,934,489
gaze,134021658419722146,934,468
gaze,134021658419802188,936,488
gaze,134021658419869840,935,497
gaze,134021658419952956,933,499
gaze,134021658420057202,936,462
gaze,134021658420133295,930,488
gaze,134021658420205040,930,490
gaze,134021658420287542,938,467
gaze,134021658420391997,932,494
gaze,134021658420472344,930,497
gaze,134021658420556778,931,497
gaze,134021658420638421,934,499
gaze,134021658420724260,938,480
gaze,134021658420801374,949,482
gaze,134021658420877012,931,486
gaze,134021658420973583,917,619
gaze,134021658422274910,592,689
gaze,134021658422391681,614,602
gaze,134021658422472879,583,562
gaze,134021658422557644,557,475
gaze,134021658422640099,572,473
gaze,134021658422725211,566,459
gaze,134021658422805850,572,486
gaze,134021658422885797,573,462
gaze,134021658422969256,566,496
gaze,134021658423056375,570,494
gaze,134021658423138534,562,519
gaze,134021658423216452,575,509
gaze,134021658423307425,582,504
gaze,134021658423389537,578,516
gaze,134021658423474764,579,512
gaze,134021658423556042,573,511
gaze,134021658423640977,580,523
gaze,134021658423723312,575,520
gaze,134021658423802501,580,526
gaze,134021658423871050,574,524
gaze,134021658423953651,492,550
gaze,134021658424060106,437,540
gaze,134021658424133036,445,548
gaze,134021658424205397,442,545
gaze,134021658424287078,439,523
gaze,134021658424393707,438,531
gaze,134021658424473334,443,536
gaze,134021658424557618,441,542
gaze,134021658424638811,432,529
gaze,134021658424726429,440,514
gaze,134021658424819755,439,534
gaze,134021658424887554,437,536
gaze,134021658424975401,439,526
gaze,134021658425056198,433,536
gaze,134021658425141462,432,529
gaze,134021658425217851,435,523
gaze,134021658425309821,432,535
gaze,134021658425390561,439,530
gaze,134021658425474737,432,528
MouseMove,134021658425539206,808,581
gaze,134021658425555686,432,525
MouseMove,134021658425620302,822,587
gaze,134021658425641161,422,532
MouseMove,134021658425701011,854,601
gaze,134021658425723149,424,525
MouseMove,134021658425780054,889,612
gaze,134021658425805876,425,529
MouseMove,134021658425860209,931,617
gaze,134021658425870369,435,534
MouseMove,134021658425941023,961,617
gaze,134021658425954316,431,522
MouseMove,134021658426020804,973,617
gaze,134021658426037366,439,544
MouseMove,134021658426100492,977,617
gaze,134021658426143077,434,537
gaze,134021658426202921,431,531
gaze,134021658426287253,465,542
gaze,134021658426371082,483,545
gaze,134021658426476047,480,542
gaze,134021658426555806,480,528
gaze,134021658426641011,488,538
gaze,134021658426722381,488,558
gaze,134021658426807675,481,538
gaze,134021658426889062,479,540
gaze,134021658426968923,487,535
gaze,134021658427057410,477,536
gaze,134021658427139239,481,531
gaze,134021658427230253,484,544
gaze,134021658427301893,483,546
MouseMove,134021658427379494,978,617
gaze,134021658427401135,478,538
MouseMove,134021658427460786,979,617
gaze,134021658427472927,476,535
MouseMove,134021658427540745,980,616
gaze,134021658427557477,484,553
gaze,134021658427639642,479,549
gaze,134021658427727070,478,539
gaze,134021658427806573,475,538
gaze,134021658427886346,473,536
gaze,134021658427954152,475,537
gaze,134021658428037258,480,542
gaze,134021658428120563,510,541
MouseMove,134021658428180028,980,616
gaze,134021658428225870,584,552
MouseMove,134021658428259876,969,617
gaze,134021658428286091,580,532
MouseMove,134021658428339866,943,619
gaze,134021658428371897,582,534
MouseMove,134021658428421130,908,619
gaze,134021658428454223,588,537
MouseMove,134021658428499405,868,609
gaze,134021658428558196,583,530
MouseMove,134021658428580216,832,598
gaze,134021658428639526,583,521
MouseMove,134021658428659946,799,588
gaze,134021658428728758,588,535
MouseMove,134021658428739443,783,584
gaze,134021658428808394,583,524
MouseMove,134021658428820691,772,581
gaze,134021658428892083,582,531
MouseMove,134021658428899993,764,578
gaze,134021658428973908,582,531
MouseMove,134021658428980909,758,577
gaze,134021658429053578,581,528
MouseMove,134021658429059435,750,575
MouseMove,134021658429140804,746,573
gaze,134021658429140768,588,539
MouseMove,134021658429219780,739,572
gaze,134021658429223098,583,544
MouseMove,134021658429300793,732,571
gaze,134021658429307316,582,546
MouseMove,134021658429381869,721,569
gaze,134021658429383839,583,538
MouseMove,134021658429460188,710,567
gaze,134021658429476258,586,543
MouseMove,134021658429539403,694,560
gaze,134021658429556097,595,542
MouseMove,134021658429619807,681,559
gaze,134021658429640674,578,528
MouseMove,134021658429700340,669,557
gaze,134021658429722984,573,518
MouseMove,134021658429779529,657,556
gaze,134021658429808053,580,538
MouseMove,134021658429860680,647,555
gaze,134021658429889838,589,540
MouseMove,134021658429939183,643,554
gaze,134021658429967508,587,523
MouseMove,134021658430020313,639,554
gaze,134021658430038742,586,534
MouseMove,134021658430101355,636,554
gaze,134021658430121514,585,535
MouseMove,134021658430181265,634,554
gaze,134021658430227026,578,534
MouseMove,134021658430259502,632,554
gaze,134021658430301327,578,522
MouseMove,134021658430339867,630,554
gaze,134021658430373828,579,528
MouseMove,134021658430420726,629,555
gaze,134021658430455576,601,471
MouseMove,134021658430500602,627,557
gaze,134021658430559288,679,526
MouseMove,134021658430585046,627,557
gaze,134021658430639996,696,524
MouseMove,134021658430660801,626,558
gaze,134021658430725231,696,508
gaze,134021658430806971,691,511
gaze,134021658430892894,693,501
MouseMove,134021658430899398,626,558
gaze,134021658430973686,691,514
gaze,134021658431053523,693,515
gaze,134021658431141313,694,524
MouseWheel,134021658431142964,-120
gaze,134021658431223756,695,518
gaze,134021658431307164,694,518
gaze,134021658431379414,696,524
gaze,134021658431477122,689,504
gaze,134021658431556740,696,512
gaze,134021658431641901,691,502
gaze,134021658431718725,700,511
gaze,134021658431809079,697,517
gaze,134021658431884772,697,507
gaze,134021658431970663,701,528
gaze,134021658432037277,693,532
gaze,134021658432120244,698,520
gaze,134021658432199293,698,510
gaze,134021658432310666,689,514
gaze,134021658432369264,689,512
gaze,134021658432449301,691,516
gaze,134021658432537454,687,520
gaze,134021658432636326,686,509
gaze,134021658432722499,688,504
gaze,134021658432808386,684,514
gaze,134021658432885252,684,508
gaze,134021658432970695,687,506
gaze,134021658433052841,681,513
gaze,134021658433135540,682,494
gaze,134021658433219212,687,493
gaze,134021658433307063,690,519
gaze,134021658433389288,618,494
MouseMove,134021658433459889,626,558
gaze,134021658433469278,509,486
MouseMove,134021658433539522,625,555
gaze,134021658433556789,434,505
MouseMove,134021658433621361,624,551
gaze,134021658433639202,376,489
MouseMove,134021658433700257,621,547
gaze,134021658433722610,399,502
MouseMove,134021658433780349,619,545
gaze,134021658433805616,397,499
MouseMove,134021658433860342,617,542
gaze,134021658433888913,394,490
MouseMove,134021658433941674,617,542
gaze,134021658433972360,392,490
MouseMove,134021658434019621,616,541
gaze,134021658434049860,396,496
MouseMove,134021658434100160,614,541
gaze,134021658434120637,403,505
MouseMove,134021658434180160,614,540
gaze,134021658434203322,398,507
MouseMove,134021658434259620,612,540
gaze,134021658434286217,394,504
MouseMove,134021658434340459,611,539
gaze,134021658434391133,396,481
MouseMove,134021658434420295,608,539
gaze,134021658434452557,399,499
MouseMove,134021658434500128,607,539
gaze,134021658434536274,401,501
MouseMove,134021658434579719,605,539
gaze,134021658434619416,400,490
MouseMove,134021658434660302,605,539
gaze,134021658434723830,394,498
MouseMove,134021658434740242,604,539
gaze,134021658434806239,397,480
gaze,134021658434889433,397,509
MouseMove,134021658434900106,604,539
gaze,134021658434973738,396,491
gaze,134021658435055959,400,499
gaze,134021658435139420,394,494
gaze,134021658435217228,392,492
gaze,134021658435307837,398,496
MouseMove,134021658435380319,603,539
gaze,134021658435389807,368,523
gaze,134021658435474568,344,525
gaze,134021658435549754,373,529
MouseMove,134021658435621096,602,539
gaze,134021658435641989,359,521
MouseMove,134021658435700967,601,539
gaze,134021658435722597,358,531
MouseMove,134021658435780666,598,540
gaze,134021658435811093,355,530
gaze,134021658435889066,356,522
MouseMove,134021658435943329,597,541
gaze,134021658435975495,358,527
gaze,134021658436055239,360,525
MouseMove,134021658436102223,596,541
gaze,134021658436137441,360,536
MouseMove,134021658436180244,596,541
gaze,134021658436204045,364,526
MouseMove,134021658436260291,595,542
gaze,134021658436287339,360,521
gaze,134021658436392399,361,537
MouseMove,134021658436419313,594,543
gaze,134021658436467721,356,535
MouseMove,134021658436499689,594,543
gaze,134021658436539343,357,526
MouseMove,134021658436579407,593,544
gaze,134021658436620040,354,523
MouseMove,134021658436659268,591,544
gaze,134021658436726416,365,531
gaze,134021658436807677,357,529
MouseMove,134021658436821355,589,546
gaze,134021658436892529,357,535
gaze,134021658436972723,368,529
gaze,134021658437057859,379,527
gaze,134021658437139874,371,529
gaze,134021658437219540,384,550
gaze,134021658437307508,371,540
gaze,134021658437389109,380,544
gaze,134021658437474736,367,533
gaze,134021658437550909,365,540
gaze,134021658437642062,375,545
gaze,134021658437722725,368,539
gaze,134021658437807024,368,539
LeftMouseDown,134021658437861739
gaze,134021658437890005,366,534
gaze,134021658437975288,367,543
gaze,134021658438060281,359,546
gaze,134021658438135672,363,536
gaze,134021658438203765,361,535
gaze,134021658438287438,367,541
gaze,134021658438371448,363,539
gaze,134021658438476621,367,534
gaze,134021658438535516,364,532
gaze,134021658438619586,370,541
gaze,134021658438724792,366,539
LeftMouseUp,134021658438741860
gaze,134021658438807115,363,542
gaze,134021658438891386,372,547
gaze,134021658438972814,366,540
gaze,134021658439058414,371,540
gaze,134021658439139829,368,546
gaze,134021658439225086,362,535
gaze,134021658439306100,373,552
gaze,134021658439397396,370,548
gaze,134021658439473977,367,544
gaze,134021658439553240,362,540
gaze,134021658439641074,369,551
gaze,134021658439723235,368,548
gaze,134021658439806639,372,543
gaze,134021658439889808,370,546
gaze,134021658439973662,376,547
gaze,134021658440056850,364,534
gaze,134021658440140084,370,544
gaze,134021658440218648,367,541
gaze,134021658440288573,366,545
MouseMove,134021658440340189,588,547
gaze,134021658440371303,363,545
MouseMove,134021658440420588,588,549
gaze,134021658440450011,375,550
MouseMove,134021658440500851,589,553
gaze,134021658440558466,401,564
MouseMove,134021658440579262,593,557
gaze,134021658440618916,398,564
MouseMove,134021658440659433,593,560
gaze,134021658440704118,397,563
MouseMove,134021658440741847,594,562
gaze,134021658440808178,400,572
MouseMove,134021658440819782,595,564
gaze,134021658440888945,404,563
MouseMove,134021658440901379,595,565
gaze,134021658440974268,396,559
MouseMove,134021658440979600,596,567
gaze,134021658441056465,399,572
MouseMove,134021658441059624,596,570
MouseMove,134021658441139854,596,572
gaze,134021658441140690,410,571
MouseMove,134021658441221133,597,572
gaze,134021658441222670,402,576
MouseMove,134021658441299917,597,573
gaze,134021658441309121,401,571
MouseMove,134021658441380415,597,576
gaze,134021658441383498,402,572
MouseMove,134021658441461584,597,577
gaze,134021658441476660,407,573
gaze,134021658441556907,400,572
gaze,134021658441636666,406,582
MouseMove,134021658441700584,597,578
gaze,134021658441723388,405,569
gaze,134021658441806377,402,572
gaze,134021658441889834,403,568
gaze,134021658441973552,398,568
gaze,134021658442058169,404,576
gaze,134021658442139636,406,576
gaze,134021658442223299,402,569
gaze,134021658442301518,400,572
gaze,134021658442371504,424,572
gaze,134021658442454696,454,582
gaze,134021658442559285,441,584
gaze,134021658442620161,454,578
gaze,134021658442705062,441,569
gaze,134021658442809096,446,585
gaze,134021658442889974,447,584
gaze,134021658442975240,439,574
gaze,134021658443056205,454,574
gaze,134021658443141152,448,578
gaze,134021658443222965,453,580
gaze,134021658443309287,442,573
MouseWheel,134021658443380213,-120
gaze,134021658443386790,445,574
gaze,134021658443480316,454,571
gaze,134021658443556707,443,572
gaze,134021658443637268,446,568
gaze,134021658443725062,451,583
gaze,134021658443807068,446,581
gaze,134021658443891665,448,579
gaze,134021658443973655,440,577
gaze,134021658444058415,446,569
gaze,134021658444139781,446,577
gaze,134021658444224887,451,584
gaze,134021658444301213,448,584
gaze,134021658444375307,440,583
gaze,134021658444455215,442,576
gaze,134021658444559862,445,585
gaze,134021658444619610,443,584
gaze,134021658444707938,445,584
gaze,134021658444816599,440,569
gaze,134021658444889756,445,570
gaze,134021658444976632,443,579
gaze,134021658445056529,444,572
gaze,134021658445143148,445,581
gaze,134021658445223394,444,570
gaze,134021658445307620,446,568
gaze,134021658445384514,444,571
gaze,134021658445476173,442,566
gaze,134021658445555638,443,574
gaze,134021658445637555,440,570
gaze,134021658445724675,442,571
gaze,134021658445809814,440,578
gaze,134021658445892237,444,568
gaze,134021658445973781,441,546
gaze,134021658446058650,449,542
gaze,134021658446140078,442,545
gaze,134021658446224625,451,552
gaze,134021658446300805,453,551
gaze,134021658446372796,446,541
gaze,134021658446454682,422,535
gaze,134021658446558601,415,520
gaze,134021658446619312,416,519
gaze,134021658446704154,411,520
gaze,134021658446787649,420,514
gaze,134021658446892253,416,516
gaze,134021658446975875,419,526
MouseMove,134021658446980374,597,580
gaze,134021658447058325,411,517
MouseMove,134021658447060498,597,583
gaze,134021658447140138,422,538
MouseMove,134021658447142652,597,583
MouseMove,134021658447220101,597,585
gaze,134021658447224953,419,527
MouseMove,134021658447303482,597,586
gaze,134021658447306918,418,521
MouseMove,134021658447379881,596,588
gaze,134021658447388266,418,523
MouseMove,134021658447459708,595,589
gaze,134021658447473948,420,525
MouseMove,134021658447540296,595,591
gaze,134021658447556902,427,524
MouseMove,134021658447619356,594,592
gaze,134021658447639227,419,533
MouseMove,134021658447700709,593,592
gaze,134021658447720654,416,520
MouseMove,134021658447781509,593,593
gaze,134021658447807307,418,518
MouseMove,134021658447861259,593,593
gaze,134021658447890526,417,537
MouseMove,134021658447939532,593,594
gaze,134021658447973561,396,542
MouseMove,134021658448021025,592,596
gaze,134021658448057583,309,627
gaze,134021658448141303,226,717
MouseMove,134021658448181266,591,598
gaze,134021658448225162,204,790
MouseMove,134021658448260438,590,599
gaze,134021658448303745,191,840
MouseMove,134021658448340708,589,602
gaze,134021658448373315,201,862
MouseMove,134021658448420708,589,604
gaze,134021658448455323,209,855
MouseMove,134021658448499777,587,609
gaze,134021658448558484,200,861
MouseMove,134021658448579851,586,611
gaze,134021658448634854,198,858
MouseMove,134021658448659697,584,615
gaze,134021658448706654,207,859
MouseMove,134021658448739595,582,621
gaze,134021658448789612,209,857
MouseMove,134021658448821427,581,628
gaze,134021658448892408,214,855
MouseMove,134021658448900073,579,635
gaze,134021658448975127,219,853
MouseMove,134021658448980589,577,643
MouseMove,134021658449061406,576,652
gaze,134021658449061714,214,853
MouseMove,134021658449141303,574,662
gaze,134021658449140828,205,854
MouseMove,134021658449220064,572,671
gaze,134021658449225220,211,847
MouseMove,134021658449300783,570,680
gaze,134021658449307306,221,858
MouseMove,134021658449379540,569,688
gaze,134021658449386819,210,858
MouseMove,134021658449461478,567,699
gaze,134021658449474564,219,852
MouseMove,134021658449539744,566,707
gaze,134021658449557403,207,857
MouseMove,134021658449620187,566,714
gaze,134021658449642244,200,851
MouseMove,134021658449700835,565,724
gaze,134021658449717760,205,860
MouseMove,134021658449779470,564,732
gaze,134021658449810093,214,856
MouseMove,134021658449860146,562,738
gaze,134021658449889948,211,859
MouseMove,134021658449940413,562,744
gaze,134021658449976740,208,856
MouseMove,134021658450020697,562,754
gaze,134021658450057675,206,853
MouseMove,134021658450099616,562,762
gaze,134021658450143374,199,850
MouseMove,134021658450180232,562,772
gaze,134021658450223919,196,849
MouseMove,134021658450260720,562,783
gaze,134021658450305077,213,857
MouseMove,134021658450339683,562,795
gaze,134021658450372217,211,857
MouseMove,134021658450420525,562,805
gaze,134021658450455931,211,860
MouseMove,134021658450501491,562,813
gaze,134021658450559124,220,859
MouseMove,134021658450580246,562,822
gaze,134021658450634882,233,869
MouseMove,134021658450659951,562,830
gaze,134021658450709623,282,892
MouseMove,134021658450740827,562,835
gaze,134021658450789163,314,901
MouseMove,134021658450819299,562,840
gaze,134021658450892446,327,904
MouseMove,134021658450900459,562,845
gaze,134021658450973068,314,896
MouseMove,134021658450982910,562,848
MouseMove,134021658451059643,562,851
gaze,134021658451059997,323,899
MouseMove,134021658451140563,562,853
gaze,134021658451140922,316,898
gaze,134021658451226104,316,905
MouseMove,134021658451300409,562,854
gaze,134021658451307543,320,898
MouseMove,134021658451379813,562,855
gaze,134021658451388877,318,903
gaze,134021658451478138,320,898
gaze,134021658451558245,317,897
MouseMove,134021658451620369,562,855
gaze,134021658451643375,319,903
MouseMove,134021658451701198,563,856
gaze,134021658451719606,320,902
MouseMove,134021658451780782,563,858
gaze,134021658451810096,324,906
MouseMove,134021658451860417,564,858
gaze,134021658451890518,315,900
MouseMove,134021658451939273,565,859
gaze,134021658451976894,305,899
gaze,134021658452057937,306,904
gaze,134021658452142309,312,897
gaze,134021658452223243,316,895
gaze,134021658452305701,307,896
gaze,134021658452370902,310,902
gaze,134021658452454623,315,906
gaze,134021658452538188,317,900
gaze,134021658452642506,317,903
gaze,134021658452708688,314,906
gaze,134021658452790436,314,905
gaze,134021658452892495,314,898
gaze,134021658452973957,296,896
gaze,134021658453060217,294,891
gaze,134021658453140466,291,895
gaze,134021658453225681,286,894
gaze,134021658453307084,300,897
gaze,134021658453393058,289,897
gaze,134021658453468560,300,897
gaze,134021658453559786,293,899
gaze,134021658453640696,299,898
gaze,134021658453721715,300,899
gaze,134021658453809434,302,896
gaze,134021658453915948,303,898
gaze,134021658453976745,306,903
gaze,134021658454058208,308,902
gaze,134021658454142193,301,897
gaze,134021658454223388,301,903
gaze,134021658454309490,293,905
gaze,134021658454386461,294,899
gaze,134021658454457688,289,897
gaze,134021658454539930,213,897
gaze,134021658454643411,206,900
gaze,134021658454704862,202,903
gaze,134021658454789004,210,900
gaze,134021658454872589,204,897
gaze,134021658454975924,199,902
gaze,134021658455057425,204,900
gaze,134021658455142647,205,894
gaze,134021658455224092,202,899
gaze,134021658455310763,198,902
gaze,134021658455391537,204,899
gaze,134021658455472375,203,907
gaze,134021658455557903,213,907
gaze,134021658455640348,210,902
MouseMove,134021658455700336,565,859
gaze,134021658455724169,203,898
gaze,134021658455804926,202,900
MouseWheel,134021658455860314,-120
gaze,134021658455891320,206,897
gaze,134021658455974841,204,905
gaze,134021658456058734,203,902
gaze,134021658456141827,207,899
gaze,134021658456224319,203,898
gaze,134021658456312882,201,899
gaze,134021658456386039,196,901
gaze,134021658456457880,204,903
gaze,134021658456538239,208,900
gaze,134021658456642182,205,898
gaze,134021658456718875,208,903
gaze,134021658456798649,201,900
gaze,134021658456872275,204,901
gaze,134021658456955066,202,902
gaze,134021658457058706,209,896
gaze,134021658457140660,208,898
gaze,134021658457226390,201,906
gaze,134021658457308364,198,899
gaze,134021658457392774,196,898
gaze,134021658457468750,203,895
gaze,134021658457559704,203,896
gaze,134021658457639706,209,899
gaze,134021658457726371,208,897
gaze,134021658457807380,211,897
gaze,134021658457887586,212,896
gaze,134021658457977085,209,898
gaze,134021658458057566,203,894
gaze,134021658458141307,205,892
gaze,134021658458224878,205,900
gaze,134021658458308223,205,896
gaze,134021658458386384,204,891
gaze,134021658458455274,211,895
gaze,134021658458538464,201,895
gaze,134021658458621607,202,892
gaze,134021658458726648,209,887
gaze,134021658458802607,206,892
gaze,134021658458873291,202,894
gaze,134021658458955738,213,893
gaze,134021658459059358,249,898
gaze,134021658459142347,267,906
gaze,134021658459225404,284,909
gaze,134021658459308311,282,908
gaze,134021658459394587,284,909
gaze,134021658459475294,283,906
gaze,134021658459555233,279,905
gaze,134021658459642137,281,904
gaze,134021658459723650,285,906
gaze,134021658459809910,286,912
gaze,134021658459885694,276,908
gaze,134021658459976895,283,902
gaze,134021658460057900,285,906
gaze,134021658460142549,274,899
gaze,134021658460225092,284,915
gaze,134021658460308516,277,908
gaze,134021658460392459,282,909
gaze,134021658460469296,283,908
gaze,134021658460540448,282,910
gaze,134021658460622899,279,903
gaze,134021658460729342,276,899
gaze,134021658460803121,280,902
gaze,134021658460874211,280,900
gaze,134021658460955873,286,906
gaze,134021658461059387,284,903
gaze,134021658461142196,286,910
gaze,134021658461225048,279,905
gaze,134021658461309041,286,901
gaze,134021658461392910,283,908
gaze,134021658461474511,287,904
gaze,134021658461554682,280,905
gaze,134021658461643437,286,897
gaze,134021658461724384,287,907
gaze,134021658461809992,286,906
gaze,134021658461885615,287,903
gaze,134021658461976655,285,903
gaze,134021658462058870,228,916
gaze,134021658462143709,228,907
gaze,134021658462223927,234,909
gaze,134021658462310636,238,917
gaze,134021658462390686,232,914
gaze,134021658462472185,236,919
gaze,134021658462539161,238,914
gaze,134021658462622534,230,918
gaze,134021658462727025,236,916
gaze,134021658462802183,238,922
gaze,134021658462873802,233,914
gaze,134021658462955323,236,907
gaze,134021658463059593,232,913
MouseMove,134021658463141063,565,860
gaze,134021658463140741,237,920
MouseMove,134021658463220010,565,861
gaze,134021658463225869,247,924
MouseMove,134021658463300460,565,861
gaze,134021658463307431,240,919
MouseMove,134021658463380464,565,862
gaze,134021658463393842,239,915
gaze,134021658463474853,243,922
MouseMove,134021658463541036,564,863
gaze,134021658463553849,239,919
gaze,134021658463641522,243,921
gaze,134021658463724778,225,924
gaze,134021658463808825,174,925
MouseMove,134021658463860574,563,864
gaze,134021658463887313,178,928
gaze,134021658463975476,188,927
gaze,134021658464058827,190,930
gaze,134021658464141060,189,929
gaze,134021658464224285,189,931
gaze,134021658464308362,190,927
gaze,134021658464391865,189,932
gaze,134021658464469882,186,933
gaze,134021658464539383,186,926
gaze,134021658464622232,181,923
gaze,134021658464727234,179,924
gaze,134021658464803060,185,923
gaze,134021658464874663,177,923
gaze,134021658464956790,181,923
gaze,134021658465039491,184,931
gaze,134021658465143825,185,924
gaze,134021658465224078,181,930
gaze,134021658465310660,187,931
gaze,134021658465391017,183,928
gaze,134021658465477266,182,935
gaze,134021658465552204,180,928
gaze,134021658465643213,184,934
gaze,134021658465724269,198,925
gaze,134021658465812277,194,926
gaze,134021658465891726,199,927
gaze,134021658465971605,195,929
gaze,134021658466061803,189,925
gaze,134021658466141631,195,933
gaze,134021658466226921,192,934
gaze,134021658466308769,190,929
gaze,134021658466393045,189,933
MouseMove,134021658466419880,562,864
gaze,134021658466469709,189,925
MouseMove,134021658466499318,561,865
gaze,134021658466540509,190,933
MouseMove,134021658466579452,561,865
gaze,134021658466621799,199,926
MouseMove,134021658466660359,559,867
gaze,134021658466705256,244,927
MouseMove,134021658466740302,559,867
gaze,134021658466810407,239,936
MouseMove,134021658466819457,558,867
gaze,134021658466884896,253,929
gaze,134021658466957217,248,934
gaze,134021658467038850,244,934
gaze,134021658467142474,252,934
gaze,134021658467224495,251,935
gaze,134021658467308589,256,931
gaze,134021658467391528,253,934
gaze,134021658467478047,242,931
gaze,134021658467557253,258,938
gaze,134021658467635475,251,937
gaze,134021658467725315,249,937
gaze,134021658467807485,252,934
gaze,134021658467894907,253,931
gaze,134021658467968935,248,935
gaze,134021658468061135,246,931
gaze,134021658468142591,245,927
gaze,134021658468227486,243,931
gaze,134021658468308847,248,931
gaze,134021658468392973,241,927
gaze,134021658468474936,244,937
gaze,134021658468554343,266,934
gaze,134021658468621814,345,922
gaze,134021658468706809,379,915
gaze,134021658468790922,384,927
gaze,134021658468893273,377,917
gaze,134021658468954960,379,929
gaze,134021658469039405,381,918
gaze,134021658469122553,378,925
gaze,134021658469229683,380,928
gaze,134021658469308555,376,928
gaze,134021658469399370,381,926
gaze,134021658469474915,378,921
gaze,134021658469559169,375,929
gaze,134021658469640876,382,936
gaze,134021658469721898,380,937
gaze,134021658469808810,379,929
gaze,134021658469890843,382,931
gaze,134021658469979593,385,932
gaze,134021658470103606,374,930
gaze,134021658470239791,377,930
gaze,134021658470241125,373,932
gaze,134021658470310379,376,930
gaze,134021658470391317,378,932
gaze,134021658470474967,375,931
gaze,134021658470558739,369,929
gaze,134021658470636182,376,930
gaze,134021658470706393,381,931
gaze,134021658470789416,359,935
gaze,134021658470894853,349,936
gaze,134021658470968750,346,944
gaze,134021658471040972,346,936
gaze,134021658471123688,346,932
gaze,134021658471205906,341,934
gaze,134021658471310219,346,936
gaze,134021658471392207,348,933
gaze,134021658471477666,349,931
gaze,134021658471558451,353,934
gaze,134021658471643095,354,933
gaze,134021658471720290,358,941
gaze,134021658471809377,355,941
gaze,134021658471891394,357,939
gaze,134021658471974936,350,931
gaze,134021658472058653,351,932
gaze,134021658472137154,349,928
gaze,134021658472225652,341,926
gaze,134021658472308789,341,928
gaze,134021658472393706,338,922
gaze,134021658472475045,342,926
gaze,134021658472559512,346,929
gaze,134021658472636113,345,927
gaze,134021658472709880,343,929
gaze,134021658472789268,346,935
gaze,134021658472893346,340,926
gaze,134021658472978425,347,929
gaze,134021658473054886,338,929
gaze,134021658473122571,344,931
gaze,134021658473205265,347,927
gaze,134021658473309541,347,927
gaze,134021658473391318,346,935
gaze,134021658473476918,345,928
gaze,134021658473557545,347,927
gaze,134021658473642989,338,927
gaze,134021658473719443,341,930
gaze,134021658473810710,298,910
gaze,134021658473892188,295,897
gaze,134021658473977241,272,888
gaze,134021658474058981,279,887
gaze,134021658474137980,277,891
gaze,134021658474225415,268,882
gaze,134021658474308286,277,889
gaze,134021658474392018,276,890
gaze,134021658474475310,270,887
gaze,134021658474558588,267,886
gaze,134021658474636717,274,886
gaze,134021658474706057,276,883
gaze,134021658474789924,273,889
gaze,134021658474896086,265,885
gaze,134021658474975030,275,888
gaze,134021658475055473,266,887
gaze,134021658475122349,267,894
gaze,134021658475206036,275,894
gaze,134021658475310472,267,880
gaze,134021658475397232,264,887
gaze,134021658475476443,264,886
gaze,134021658475557362,265,892
gaze,134021658475643016,270,889
gaze,134021658475719564,270,881
gaze,134021658475813177,271,890
gaze,134021658475891055,275,879
gaze,134021658475977232,267,881
gaze,134021658476058195,280,899
gaze,134021658476138468,268,891
gaze,134021658476225710,275,885
gaze,134021658476308496,275,892
gaze,134021658476392024,271,887
gaze,134021658476475418,273,888
gaze,134021658476557969,272,885
gaze,134021658476635687,273,884
gaze,134021658476707038,271,894
gaze,134021658476789167,276,885
gaze,134021658476893565,266,883
MouseWheel,134021658476900561,120
gaze,134021658476975212,268,886
gaze,134021658477055146,269,886
gaze,134021658477122777,273,882
gaze,134021658477206020,263,882
gaze,134021658477310117,264,886
gaze,134021658477391204,263,887
gaze,134021658477477642,275,885
gaze,134021658477557357,269,887
gaze,134021658477642365,263,889
gaze,134021658477719032,263,888
gaze,134021658477810930,265,882
gaze,134021658477890869,269,885
gaze,134021658477979531,268,884
gaze,134021658478059559,264,885
gaze,134021658478143121,271,888
gaze,134021658478226097,264,889
gaze,134021658478308298,270,888
gaze,134021658478392193,270,888
gaze,134021658478476915,305,883
gaze,134021658478558919,316,864
gaze,134021658478637094,303,866
gaze,134021658478705922,310,864
gaze,134021658478789449,312,862
gaze,134021658478872143,310,873
gaze,134021658478976952,307,868
gaze,134021658479052863,314,867
gaze,134021658479123730,311,871
gaze,134021658479206141,311,865
gaze,134021658479289618,309,866
gaze,134021658479394537,315,872
gaze,134021658479476803,310,871
gaze,134021658479559249,306,867
gaze,134021658479640912,310,870
gaze,134021658479726338,307,868
gaze,134021658479802458,308,865
gaze,134021658479893781,303,868
gaze,134021658479974695,310,876
gaze,134021658480059940,302,879
gaze,134021658480141520,308,881
gaze,134021658480222875,307,879
gaze,134021658480310242,303,877
gaze,134021658480391324,299,879
gaze,134021658480477231,300,882
gaze,134021658480558004,300,884
gaze,134021658480642981,300,877
gaze,134021658480719795,302,880
gaze,134021658480793105,300,880
gaze,134021658480872620,299,878
gaze,134021658480976713,303,883
gaze,134021658481057899,307,884
gaze,134021658481139744,306,882
gaze,134021658481205725,306,888
gaze,134021658481289416,307,881
gaze,134021658481393632,311,888
gaze,134021658481475747,301,881
gaze,134021658481560459,297,888
gaze,134021658481642655,295,875
gaze,134021658481727691,296,880
gaze,134021658481804000,303,883
gaze,134021658481894051,304,879
gaze,134021658481975378,300,874
gaze,134021658482063783,299,880
gaze,134021658482141680,300,873
gaze,134021658482222196,308,885
gaze,134021658482312402,296,883
gaze,134021658482392297,303,881
gaze,134021658482475576,300,884
gaze,134021658482558705,304,887
gaze,134021658482641672,297,880
gaze,134021658482720434,297,885
gaze,134021658482789657,301,882
gaze,134021658482872465,299,881
gaze,134021658482976317,287,887
gaze,134021658483057435,241,869
gaze,134021658483139857,213,879
gaze,134021658483205747,197,868
gaze,134021658483289310,207,872
gaze,134021658483372838,200,874
gaze,134021658483477575,204,873
gaze,134021658483558673,207,871
gaze,134021658483643012,201,872
gaze,134021658483725526,211,871
gaze,134021658483803507,203,868
gaze,134021658483892543,206,870
gaze,134021658483975016,210,871
gaze,134021658484058526,220,879
gaze,134021658484141174,220,878
gaze,134021658484224356,210,876
gaze,134021658484303871,216,880
gaze,134021658484392811,210,881
gaze,134021658484475223,207,872
gaze,134021658484558194,221,881
gaze,134021658484642348,213,874
gaze,134021658484719866,198,872
gaze,134021658484790445,210,874
gaze,134021658484872405,210,868
gaze,134021658484978092,205,870
gaze,134021658485057509,204,866
gaze,134021658485143373,206,862
gaze,134021658485219288,208,869
gaze,134021658485291008,207,870
gaze,134021658485373493,210,870
gaze,134021658485476404,207,872
gaze,134021658485557648,206,872
gaze,134021658485643100,211,877
gaze,134021658485724923,209,875
gaze,134021658485808045,218,875
gaze,134021658485892856,214,862
gaze,134021658485975402,225,866
gaze,134021658486059376,240,853
gaze,134021658486146268,244,857
gaze,134021658486225173,250,859
gaze,134021658486303728,244,860
gaze,134021658486393013,240,860
gaze,134021658486474441,241,862
gaze,134021658486559540,245,862
gaze,134021658486641281,253,862
gaze,134021658486722855,254,863
gaze,134021658486789428,246,858
gaze,134021658486872776,249,857
gaze,134021658486956391,256,859
gaze,134021658487060131,253,860
gaze,134021658487141385,248,858
gaze,134021658487222408,252,856
gaze,134021658487289673,250,868
gaze,134021658487372927,240,860
gaze,134021658487476867,250,863
gaze,134021658487561929,246,861
gaze,134021658487643812,250,856
gaze,134021658487724987,244,855
gaze,134021658487810022,247,855
gaze,134021658487884857,243,857
gaze,134021658487977349,250,861
gaze,134021658488057693,257,855
gaze,134021658488143463,245,856
gaze,134021658488225324,250,856
gaze,134021658488305848,213,863
gaze,134021658488393423,203,862
gaze,134021658488475343,206,862
gaze,134021658488562718,214,863
gaze,134021658488640588,209,861
gaze,134021658488728431,213,861
gaze,134021658488803564,216,865
gaze,134021658488875127,218,863
gaze,134021658488956230,220,863
gaze,134021658489040229,223,870
gaze,134021658489143062,220,864
gaze,134021658489221431,219,863
gaze,134021658489291581,218,856
gaze,134021658489372975,217,862
gaze,134021658489477731,222,862
gaze,134021658489557702,218,857
gaze,134021658489643018,222,863
gaze,134021658489725514,225,866
gaze,134021658489808696,221,867
gaze,134021658489891486,225,864
gaze,134021658489970037,216,869
gaze,134021658490059940,223,860
gaze,134021658490141573,303,858
gaze,134021658490229055,333,847
gaze,134021658490304647,365,851
gaze,134021658490395119,369,859
gaze,134021658490475420,371,856
gaze,134021658490560812,369,857
gaze,134021658490641435,373,858
gaze,134021658490727380,368,856
gaze,134021658490808580,368,857
gaze,134021658490889722,362,856
gaze,134021658490956343,363,853
gaze,134021658491040474,367,856
gaze,134021658491143774,367,845
gaze,134021658491220004,365,859
gaze,134021658491292155,364,855
gaze,134021658491382964,363,856
gaze,134021658491457648,363,843
gaze,134021658491561396,356,849
gaze,134021658491641498,368,852
gaze,134021658491727528,369,853
gaze,134021658491808966,370,850
gaze,134021658491893291,368,845
gaze,134021658491970398,375,849
gaze,134021658492061155,373,851
gaze,134021658492142099,373,852
gaze,134021658492227437,380,849
gaze,134021658492311235,370,848
gaze,134021658492390727,377,847
gaze,134021658492476761,367,849
gaze,134021658492561379,375,850
gaze,134021658492641824,370,852
gaze,134021658492728384,366,849
gaze,134021658492809504,369,847
gaze,134021658492887987,369,849
gaze,134021658492956731,368,851
gaze,134021658493040863,366,847
gaze,134021658493144517,369,845
gaze,134021658493224369,362,853
gaze,134021658493306678,371,852
gaze,134021658493374052,366,858
gaze,134021658493456572,375,844
gaze,134021658493560324,369,858
gaze,134021658493642509,367,849
gaze,134021658493727261,370,849
gaze,134021658493810076,369,837
gaze,134021658493897895,371,833
gaze,134021658493971117,372,840
gaze,134021658494061597,366,832
gaze,134021658494142951,365,835
gaze,134021658494225972,373,841
gaze,134021658494309733,348,841
gaze,134021658494387299,256,822
gaze,134021658494477399,235,837
gaze,134021658494559056,232,832
gaze,134021658494644873,245,830
gaze,134021658494725443,239,840
gaze,134021658494810459,240,833
gaze,134021658494886640,239,831
gaze,134021658494958900,245,835
gaze,134021658495040896,250,836
gaze,134021658495123550,242,829
gaze,134021658495228172,239,835
gaze,134021658495304010,243,834
gaze,134021658495377195,246,835
gaze,134021658495457314,241,836
gaze,134021658495559557,244,827
gaze,134021658495641119,249,838
gaze,134021658495728703,257,840
gaze,134021658495809433,250,836
gaze,134021658495895261,250,848
gaze,134021658495975326,246,839
gaze,134021658496054986,245,843
gaze,134021658496143733,241,837
gaze,134021658496225337,248,838
gaze,134021658496308970,246,833
gaze,134021658496387264,256,845
gaze,134021658496476594,247,845
gaze,134021658496558707,189,843
gaze,134021658496643151,188,843
gaze,134021658496725382,187,831
gaze,134021658496809937,185,830
gaze,134021658496892362,183,840
gaze,134021658496970080,194,839
gaze,134021658497042790,194,837
gaze,134021658497123321,197,842
gaze,134021658497206581,182,833
gaze,134021658497311736,197,840
gaze,134021658497375156,206,836
gaze,134021658497456276,195,840
gaze,134021658497560210,194,835
gaze,134021658497641498,193,832
gaze,134021658497727721,187,838
gaze,134021658497808943,180,842
gaze,134021658497894588,188,839
gaze,134021658497976221,189,834
gaze,134021658498061649,185,841
gaze,134021658498136171,181,832
gaze,134021658498228403,164,830
gaze,134021658498309103,159,832
gaze,134021658498388924,161,837
gaze,134021658498481636,160,835
gaze,134021658498557629,156,830
gaze,134021658498643569,159,837
gaze,134021658498726226,163,835
gaze,134021658498811838,166,832
gaze,134021658498892649,166,842
gaze,134021658498978406,171,830
gaze,134021658499054982,162,818
gaze,134021658499126584,149,807
gaze,134021658499196748,166,921
gaze,134021658500383853,146,1177
gaze,134021658500549796,352,992
gaze,134021658500633430,270,905
gaze,134021658500810199,220,848
gaze,134021658500892924,230,822
gaze,134021658500976286,225,788
gaze,134021658501059502,232,800
gaze,134021658501136765,234,755
gaze,134021658501207461,234,786
gaze,134021658501290602,239,798
gaze,134021658501398556,228,797
gaze,134021658501457473,231,813
gaze,134021658501540981,236,826
gaze,134021658501643164,231,813
gaze,134021658501725578,233,812
gaze,134021658501810129,231,821
gaze,134021658501892332,228,819
gaze,134021658501975914,231,795
gaze,134021658502059361,229,812
gaze,134021658502142822,233,805
gaze,134021658502220161,221,807
gaze,134021658502310253,241,808
gaze,134021658502392385,270,825
gaze,134021658502474268,274,827
gaze,134021658502560101,267,818
gaze,134021658502642192,273,819
gaze,134021658502727907,271,825
gaze,134021658502809315,275,824
gaze,134021658502892652,266,817
gaze,134021658502975458,266,825
gaze,134021658503059579,257,817
gaze,134021658503137677,258,819
gaze,134021658503206823,270,822
gaze,134021658503290859,261,818
gaze,134021658503373719,260,820
gaze,134021658503478038,270,820
gaze,134021658503538707,257,809
gaze,134021658503623278,262,827
gaze,134021658503728184,262,822
gaze,134021658503809073,260,818
gaze,134021658503893409,309,819
gaze,134021658503976850,416,818
gaze,134021658504062193,465,816
gaze,134021658504143312,488,825
gaze,134021658504225465,496,826
gaze,134021658504306815,486,823
gaze,134021658504394288,496,829
gaze,134021658504477341,493,822
gaze,134021658504554368,489,825
gaze,134021658504645531,485,830
gaze,134021658504725725,491,829
gaze,134021658504812028,485,834
gaze,134021658504892562,493,834
gaze,134021658504978686,484,830
gaze,134021658505059875,481,833
gaze,134021658505143903,494,837
gaze,134021658505220536,490,833
gaze,134021658505293134,495,832
gaze,134021658505375958,491,830
gaze,134021658505478310,498,834
gaze,134021658505539351,488,830
gaze,134021658505622536,494,841
gaze,134021658505707356,492,833
gaze,134021658505811481,501,834
gaze,134021658505895453,560,838
gaze,134021658505978540,685,822
gaze,134021658506059875,783,802
gaze,134021658506145005,834,806
gaze,134021658506228990,826,807
gaze,134021658506306617,816,802
gaze,134021658506394765,818,800
gaze,134021658506475994,828,807
gaze,134021658506561052,820,815
gaze,134021658506637474,820,804
gaze,134021658506732096,816,812
gaze,134021658506810607,822,817
gaze,134021658506894514,816,813
gaze,134021658506977576,818,807
gaze,134021658507061470,819,811
gaze,134021658507142688,808,816
gaze,134021658507222759,811,810
gaze,134021658507290565,815,806
gaze,134021658507374172,822,814
gaze,134021658507457858,824,813
gaze,134021658507560668,815,812
gaze,134021658507622403,820,812
gaze,134021658507707115,823,814
gaze,134021658507811179,822,808
gaze,134021658507892558,819,813
gaze,134021658507982345,811,819
gaze,134021658508064689,812,821
gaze,134021658508149338,826,807
gaze,134021658508226760,825,816
gaze,134021658508312697,816,815
gaze,134021658508387014,819,822
gaze,134021658508478810,821,813
gaze,134021658508559099,818,819
gaze,134021658508639634,892,809
MouseMove,134021658508659563,556,869
gaze,134021658508728856,972,808
MouseMove,134021658508740148,555,869
gaze,134021658508810099,998,805
MouseMove,134021658508819496,554,870
gaze,134021658508893377,1012,798
gaze,134021658508976428,1001,801
gaze,134021658509060599,1009,800
MouseMove,134021658509140680,554,870
gaze,134021658509142686,1005,806
gaze,134021658509227322,1009,808
gaze,134021658509304789,1008,807
gaze,134021658509376641,994,801
gaze,134021658509459666,994,805
gaze,134021658509560329,1011,805
gaze,134021658509622149,1005,805
gaze,134021658509707207,1006,805
gaze,134021658509790315,997,812
gaze,134021658509894114,992,815
gaze,134021658509976089,1001,805
gaze,134021658510061020,998,816
gaze,134021658510142732,1005,810
gaze,134021658510228652,991,807
gaze,134021658510310327,993,815
gaze,134021658510389179,1006,802
gaze,134021658510478002,991,813
gaze,134021658510559762,1004,816
gaze,134021658510644655,1000,815
gaze,134021658510728457,1003,800
gaze,134021658510813220,974,811
gaze,134021658510895991,931,797
gaze,134021658510978162,934,799
gaze,134021658511059023,929,806
gaze,134021658511144085,941,805
gaze,134021658511226151,923,801
gaze,134021658511306935,941,802
gaze,134021658511374761,941,808
gaze,134021658511459459,944,806
MouseMove,134021658511541318,553,870
gaze,134021658511561324,941,806
gaze,134021658511637215,934,806
MouseMove,134021658511699516,552,870
gaze,134021658511709462,943,803
gaze,134021658511791106,933,804
gaze,134021658511874378,938,799
gaze,134021658511980255,939,802
gaze,134021658512067582,943,801
gaze,134021658512144388,936,801
gaze,134021658512226722,936,803
MouseMove,134021658512259948,552,870
gaze,134021658512310472,938,798
gaze,134021658512389217,948,805
gaze,134021658512478225,940,801
gaze,134021658512559115,932,795
gaze,134021658512644059,936,801
gaze,134021658512726214,929,786
gaze,134021658512806816,939,793
gaze,134021658512893718,937,801
MouseMove,134021658512900007,552,870
gaze,134021658512975381,947,801
gaze,134021658513061636,943,799
gaze,134021658513142460,945,809
MouseMove,134021658513220378,552,868
gaze,134021658513228246,947,798
gaze,134021658513304925,939,798
MouseMove,134021658513379987,551,867
gaze,134021658513385266,939,804
gaze,134021658513459406,933,804
MouseMove,134021658513540530,550,867
gaze,134021658513540646,942,806
MouseMove,134021658513620597,549,867
gaze,134021658513644757,958,807
gaze,134021658513720039,1033,809
gaze,134021658513793522,1077,808
gaze,134021658513874706,1110,811
gaze,134021658513978507,1108,809
MouseMove,134021658514020551,549,866
gaze,134021658514059465,1110,815
gaze,134021658514143693,1107,798
MouseMove,134021658514180355,548,866
gaze,134021658514231569,1100,813
gaze,134021658514309880,1098,813
MouseMove,134021658514340196,547,865
gaze,134021658514394380,1106,809
gaze,134021658514472800,1105,805
MouseMove,134021658514500104,545,864
gaze,134021658514561026,1095,815
gaze,134021658514643321,1111,815
gaze,134021658514734831,1102,803
gaze,134021658514808747,1094,807
gaze,134021658514895714,1097,809
gaze,134021658514976190,1093,803
MouseMove,134021658514980133,545,864
MouseMove,134021658515062426,544,863
gaze,134021658515064841,1108,807
MouseMove,134021658515141165,544,863
gaze,134021658515143123,1095,806
gaze,134021658515228526,1097,805
MouseMove,134021658515301662,543,863
gaze,134021658515309481,1102,817
gaze,134021658515389639,1102,800
gaze,134021658515457669,1100,815
gaze,134021658515541138,1102,804
gaze,134021658515644382,1092,808
gaze,134021658515721157,1093,816
gaze,134021658515793213,1108,808
gaze,134021658515877241,1100,807
gaze,134021658515978399,1073,810
MouseMove,134021658516020576,542,863
gaze,134021658516064440,941,807
gaze,134021658516147207,839,803
gaze,134021658516227273,782,811
gaze,134021658516313157,787,816
gaze,134021658516393027,792,812
gaze,134021658516473529,796,815
gaze,134021658516560707,783,813
gaze,134021658516642423,786,818
gaze,134021658516728211,788,825
gaze,134021658516805277,792,806
gaze,134021658516896162,796,810
gaze,134021658516977301,792,812
gaze,134021658517061446,800,810
gaze,134021658517142317,784,815
gaze,134021658517228318,796,818
gaze,134021658517309541,800,806
gaze,134021658517389899,797,814
gaze,134021658517458348,792,813
gaze,134021658517541378,794,821
gaze,134021658517644145,790,807
gaze,134021658517721300,786,814
gaze,134021658517793361,797,808
gaze,134021658517874399,790,812
gaze,134021658517982177,801,806
gaze,134021658518060155,802,806
gaze,134021658518144382,790,812
gaze,134021658518226667,786,823
gaze,134021658518311772,792,813
gaze,134021658518392780,800,825
gaze,134021658518473610,804,816
gaze,134021658518559915,773,815
gaze,134021658518642920,718,823
gaze,134021658518731366,729,824
gaze,134021658518810754,725,828
gaze,134021658518894255,727,823
gaze,134021658518977399,726,824
gaze,134021658519060225,728,822
gaze,134021658519143185,734,818
gaze,134021658519230343,728,829
gaze,134021658519309806,726,826
gaze,134021658519388292,729,829
gaze,134021658519459251,723,821
gaze,134021658519540471,727,818
MouseMove,134021658519541525,542,861
MouseMove,134021658519619549,542,861
gaze,134021658519644915,724,827
MouseMove,134021658519701104,542,860
gaze,134021658519720637,728,825
MouseMove,134021658519781329,544,860
gaze,134021658519793134,720,826
MouseMove,134021658519860451,547,860
gaze,134021658519874585,725,822
MouseMove,134021658519939756,549,860
gaze,134021658519979110,730,812
MouseMove,134021658520021455,550,860
gaze,134021658520061123,724,823
MouseMove,134021658520102323,553,858
gaze,134021658520145476,637,835
MouseMove,134021658520182008,556,858
gaze,134021658520227695,604,828
MouseMove,134021658520259956,560,858
gaze,134021658520312978,612,830
MouseMove,134021658520339712,564,858
gaze,134021658520393434,609,832
MouseMove,134021658520420592,568,858
gaze,134021658520473251,602,829
MouseMove,134021658520500187,571,858
gaze,134021658520560369,609,833
MouseMove,134021658520580154,575,858
gaze,134021658520642154,613,830
MouseMove,134021658520660293,579,858
gaze,134021658520726868,618,831
MouseMove,134021658520739958,583,858
gaze,134021658520805437,614,827
MouseMove,134021658520820210,586,858
gaze,134021658520893779,614,834
MouseMove,134021658520900152,590,858
gaze,134021658520976402,612,825
MouseMove,134021658520979971,595,858
MouseMove,134021658521060665,599,858
gaze,134021658521062318,613,830
MouseMove,134021658521140027,603,858
gaze,134021658521143189,615,824
MouseMove,134021658521221028,608,858
gaze,134021658521229263,622,834
MouseMove,134021658521300942,612,858
gaze,134021658521309685,616,828
MouseMove,134021658521381064,615,858
gaze,134021658521391330,614,838
MouseMove,134021658521460870,620,858
gaze,134021658521464727,618,838
MouseMove,134021658521540450,625,858
gaze,134021658521540704,617,840
MouseMove,134021658521619646,632,858
gaze,134021658521645593,612,832
MouseMove,134021658521701519,637,858
gaze,134021658521721204,619,841
MouseMove,134021658521780917,644,858
gaze,134021658521793210,613,837
MouseMove,134021658521859545,651,858
gaze,134021658521875010,614,837
MouseMove,134021658521939741,657,858
gaze,134021658521957416,612,838
MouseMove,134021658522020865,664,858
gaze,134021658522061373,614,830
MouseMove,134021658522102628,670,858
gaze,134021658522142206,617,835
MouseMove,134021658522181680,675,858
gaze,134021658522228178,621,834
MouseMove,134021658522260474,679,858
gaze,134021658522310353,621,838
MouseMove,134021658522340453,683,858
gaze,134021658522395403,618,835
MouseMove,134021658522419982,689,857
gaze,134021658522471305,618,832
MouseMove,134021658522500308,693,857
gaze,134021658522562409,618,839
MouseMove,134021658522579507,697,856
gaze,134021658522642994,626,836
MouseMove,134021658522659536,700,856
gaze,134021658522730319,614,839
MouseMove,134021658522740469,703,856
gaze,134021658522811493,623,842
MouseMove,134021658522820397,705,856
gaze,134021658522890120,614,833
MouseMove,134021658522900073,707,856
gaze,134021658522977210,621,835
MouseMove,134021658523060313,707,856
gaze,134021658523060321,613,824
MouseMove,134021658523139713,706,856
gaze,134021658523145214,615,831
MouseMove,134021658523219426,703,856
gaze,134021658523228738,621,833
gaze,134021658523312049,620,828
gaze,134021658523388090,627,831
gaze,134021658523459875,622,834
gaze,134021658523541363,625,836
gaze,134021658523624190,628,834
gaze,134021658523727929,620,837
gaze,134021658523804672,620,833
gaze,134021658523876062,624,840
gaze,134021658523962810,617,840
gaze,134021658524041719,620,828
gaze,134021658524143955,651,835
gaze,134021658524227315,653,835
gaze,134021658524311380,660,827
gaze,134021658524394143,666,840
gaze,134021658524477583,666,835
gaze,134021658524554994,671,843
gaze,134021658524644858,664,836
gaze,134021658524731263,662,842
gaze,134021658524813071,663,836
gaze,134021658524893554,669,842
gaze,134021658524974335,669,842
gaze,134021658525060437,665,835
gaze,134021658525143378,669,845
gaze,134021658525226920,659,835
gaze,134021658525310566,657,831
gaze,134021658525395902,660,839
gaze,134021658525473877,664,831
gaze,134021658525541302,669,841
gaze,134021658525626102,670,842
gaze,134021658525730370,661,841
gaze,134021658525809959,662,836
gaze,134021658525893865,665,841
gaze,134021658525957232,672,834
gaze,134021658526041154,668,840
gaze,134021658526144576,675,839
MouseMove,134021658526179505,703,856
gaze,134021658526225604,663,832
MouseMove,134021658526261004,703,856
gaze,134021658526312453,671,840
MouseMove,134021658526339337,704,856
gaze,134021658526393240,667,835
MouseMove,134021658526419900,705,855
gaze,134021658526478479,663,836
gaze,134021658526555020,662,837
gaze,134021658526644923,660,841
gaze,134021658526727444,665,839
MouseMove,134021658526740055,706,855
gaze,134021658526815952,664,837
gaze,134021658526893987,667,837
gaze,134021658526974400,658,831
gaze,134021658527061516,662,830
gaze,134021658527144336,659,836
gaze,134021658527227837,667,837
gaze,134021658527311573,658,835
gaze,134021658527393325,670,833
gaze,134021658527472143,671,831
gaze,134021658527541702,664,832
gaze,134021658527626726,665,835
gaze,134021658527729442,669,839
gaze,134021658527809824,664,835
gaze,134021658527889822,666,837
gaze,134021658527958513,662,835
gaze,134021658528042978,657,840
gaze,134021658528125003,662,840
MouseMove,134021658528179833,706,855
gaze,134021658528228101,671,833
gaze,134021658528310081,661,830
gaze,134021658528394767,663,827
gaze,134021658528476501,664,840
gaze,134021658528555945,657,831
gaze,134021658528643874,664,837
gaze,134021658528727994,680,829
gaze,134021658528811744,731,832
gaze,134021658528893637,751,831
gaze,134021658528978046,759,824
gaze,134021658529054011,758,829
gaze,134021658529145757,751,824
MouseMove,134021658529220028,707,855
gaze,134021658529227039,753,817
MouseMove,134021658529300151,708,855
gaze,134021658529311924,748,833
gaze,134021658529394104,754,829
gaze,134021658529473642,751,825
MouseMove,134021658529539768,708,854
gaze,134021658529540484,751,835
gaze,134021658529624063,758,828
gaze,134021658529708193,750,832
gaze,134021658529812999,756,821
gaze,134021658529892752,755,825
gaze,134021658529973848,748,829
gaze,134021658530041451,748,832
gaze,134021658530125744,748,827
gaze,134021658530208849,759,825
gaze,134021658530313700,754,835
gaze,134021658530397045,748,828
gaze,134021658530478589,751,828
gaze,134021658530559978,746,832
gaze,134021658530639666,750,827
gaze,134021658530728473,745,827
gaze,134021658530809805,757,831
gaze,134021658530895017,753,829
gaze,134021658530977022,761,823
gaze,134021658531061758,745,833
gaze,134021658531138080,750,834
gaze,134021658531229573,755,829
gaze,134021658531310260,756,829
gaze,134021658531395100,749,833
gaze,134021658531477357,746,836
gaze,134021658531555835,757,829
gaze,134021658531623573,751,833
gaze,134021658531708126,747,827
gaze,134021658531792275,755,826
gaze,134021658531895178,744,827
gaze,134021658531976186,751,832
gaze,134021658532057015,749,836
gaze,134021658532124413,752,831
gaze,134021658532208146,753,830
gaze,134021658532312686,805,826
gaze,134021658532394441,804,825
gaze,134021658532481097,826,821
gaze,134021658532562171,820,828
gaze,134021658532645114,808,817
gaze,134021658532721387,824,823
gaze,134021658532813208,813,833
gaze,134021658532892798,819,833
gaze,134021658532978020,820,815
gaze,134021658533059765,812,826
gaze,134021658533146132,819,833
gaze,134021658533228140,808,821
gaze,134021658533310992,810,827
gaze,134021658533394451,834,825
gaze,134021658533478449,812,829
gaze,134021658533560842,821,824
gaze,134021658533638795,810,831
gaze,134021658533708970,803,821
gaze,134021658533793203,813,828
gaze,134021658533896267,815,824
gaze,134021658533977170,806,828
gaze,134021658534059997,815,822
gaze,134021658534124398,815,838
gaze,134021658534208444,813,826
gaze,134021658534312941,818,836
gaze,134021658534394315,827,826
gaze,134021658534479491,820,827
gaze,134021658534560731,827,826
gaze,134021658534645291,828,825
gaze,134021658534724132,814,827
gaze,134021658534814172,809,821
gaze,134021658534893644,815,833
gaze,134021658534978318,823,837
gaze,134021658535060033,810,828
gaze,134021658535140104,810,833
gaze,134021658535228322,804,830
gaze,134021658535310195,809,831
gaze,134021658535393778,826,829
gaze,134021658535477239,829,831
gaze,134021658535560177,829,824
gaze,134021658535638422,822,827
gaze,134021658535708385,824,823
gaze,134021658535793017,817,828
gaze,134021658535899216,818,831
gaze,134021658535977362,816,822
gaze,134021658536057542,837,814
gaze,134021658536124759,829,821
gaze,134021658536208610,811,835
gaze,134021658536292387,722,838
gaze,134021658536396066,624,834
gaze,134021658536477908,568,835
gaze,134021658536562181,564,835
gaze,134021658536643544,571,835
gaze,134021658536723809,568,831
gaze,134021658536812358,573,838
gaze,134021658536894105,568,838
gaze,134021658536979067,573,838
gaze,134021658537060276,571,833
gaze,134021658537145088,578,835
gaze,134021658537220841,576,843
gaze,134021658537313298,578,834
gaze,134021658537393650,577,843
gaze,134021658537478535,571,845
gaze,134021658537560047,577,840
gaze,134021658537639960,572,839
gaze,134021658537708788,573,836
gaze,134021658537792615,571,829
gaze,134021658537875148,571,844
gaze,134021658537978583,580,838
gaze,134021658538060339,577,846
gaze,134021658538140606,572,838
gaze,134021658538207515,575,840
gaze,134021658538291812,553,842
gaze,134021658538395947,533,837
gaze,134021658538477359,549,838
gaze,134021658538561193,543,843
gaze,134021658538643489,547,835
gaze,134021658538729779,539,840
gaze,134021658538808259,545,834
gaze,134021658538895029,543,841
gaze,134021658538978336,550,840
gaze,134021658539060457,551,845
gaze,134021658539144034,540,839
gaze,134021658539222566,548,838
gaze,134021658539307770,533,849
gaze,134021658539390344,540,848
gaze,134021658539473764,539,851
gaze,134021658539560791,548,837
gaze,134021658539643108,546,844
gaze,134021658539717665,535,849
gaze,134021658539792159,548,843
gaze,134021658539874845,484,837
gaze,134021658539960002,440,839
gaze,134021658540072555,431,839
gaze,134021658540138478,443,844
gaze,134021658540210164,438,837
gaze,134021658540292220,439,842
gaze,134021658540395537,429,834
gaze,134021658540477432,439,845
gaze,134021658540562317,430,833
gaze,134021658540643017,439,842
gaze,134021658540728855,442,845
gaze,134021658540810154,436,840
gaze,134021658540893022,443,842
gaze,134021658540978413,437,839
gaze,134021658541060212,434,842
gaze,134021658541145308,439,839
gaze,134021658541221999,438,840
gaze,134021658541314701,435,834
gaze,134021658541394244,439,838
gaze,134021658541482827,436,838
gaze,134021658541560246,444,839
gaze,134021658541645170,438,834
gaze,134021658541727484,433,843
gaze,134021658541807286,438,840
gaze,134021658541875013,439,845
gaze,134021658541959042,443,848
gaze,134021658542062051,437,840
gaze,134021658542138021,439,839
gaze,134021658542210499,425,851
gaze,134021658542293196,371,842
gaze,134021658542375539,362,838
gaze,134021658542478815,367,832
gaze,134021658542560053,373,839
gaze,134021658542645061,364,842
gaze,134021658542727453,366,843
gaze,134021658542812642,370,842
gaze,134021658542887650,369,837
gaze,134021658542979835,367,843
gaze,134021658543061343,367,837
gaze,134021658543144835,370,843
gaze,134021658543226929,373,839
gaze,134021658543311750,372,843
gaze,134021658543395464,367,833
gaze,134021658543477233,367,845
gaze,134021658543562489,369,844
gaze,134021658543644038,374,835
gaze,134021658543728941,366,837
gaze,134021658543805612,373,837
gaze,134021658543876436,369,841
gaze,134021658543958715,370,843
gaze,134021658544065441,370,837
gaze,134021658544143228,364,832
gaze,134021658544224926,366,843
gaze,134021658544292740,371,833
gaze,134021658544375503,363,837
gaze,134021658544479119,362,829
gaze,134021658544560134,370,833
gaze,134021658544646912,361,841
gaze,134021658544727008,370,834
gaze,134021658544812622,376,845
gaze,134021658544888035,367,843
gaze,134021658544979831,362,833
gaze,134021658545060259,364,837
gaze,134021658545145787,371,842
gaze,134021658545227362,367,838
gaze,134021658545308853,359,833
gaze,134021658545394158,369,833
gaze,134021658545478087,325,828
gaze,134021658545560779,252,798
gaze,134021658545644000,242,784
gaze,134021658545728071,247,787
gaze,134021658545805737,233,785
gaze,134021658545878511,229,793
gaze,134021658545959372,238,794
gaze,134021658546041674,233,795
gaze,134021658546144932,240,782
gaze,134021658546220672,236,788
gaze,134021658546293101,234,796
gaze,134021658546375710,241,805
gaze,134021658546479650,237,791
gaze,134021658546561379,238,793
gaze,134021658546645716,239,795
gaze,134021658546729876,234,787
gaze,134021658546812950,236,784
gaze,134021658546894487,242,797
gaze,134021658546974121,241,789
gaze,134021658547061677,243,788
gaze,134021658547143523,244,790
gaze,134021658547228828,239,796
gaze,134021658547305211,233,787
gaze,134021658547396378,236,794
MouseWheel,134021658547460897,-120
gaze,134021658547477624,226,788
gaze,134021658547562194,233,791
gaze,134021658547644240,183,795
gaze,134021658547728484,122,780
gaze,134021658547811919,133,779
gaze,134021658547888525,134,791
gaze,134021658547961026,130,784
gaze,134021658548041714,139,793
gaze,134021658548128532,143,791
gaze,134021658548229595,147,799
gaze,134021658548291952,131,790
gaze,134021658548375344,147,804
gaze,134021658548479798,152,798
MouseMove,134021658548500075,709,854
gaze,134021658548559953,156,797
MouseMove,134021658548580142,708,852
gaze,134021658548645513,146,801
gaze,134021658548726884,154,797
MouseMove,134021658548741496,705,852
gaze,134021658548814454,152,806
MouseMove,134021658548819873,705,851
gaze,134021658548893807,142,791
MouseMove,134021658548900560,703,851
MouseMove,134021658548980235,702,851
gaze,134021658548980457,139,796
gaze,134021658549054954,155,798
MouseMove,134021658549060878,701,851
MouseMove,134021658549143098,701,851
gaze,134021658549146796,142,791
MouseMove,134021658549220522,699,850
gaze,134021658549227843,141,799
gaze,134021658549308053,150,795
gaze,134021658549400845,150,798
gaze,134021658549478281,143,785
MouseMove,134021658549539568,699,850
gaze,134021658549563181,144,796
gaze,134021658549643814,156,789
gaze,134021658549727922,151,791
gaze,134021658549811518,152,785
gaze,134021658549894332,142,788
gaze,134021658549973347,140,791
gaze,134021658550042519,148,791
gaze,134021658550127188,143,784
gaze,134021658550230035,146,793
gaze,134021658550292189,150,796
gaze,134021658550375564,143,790
gaze,134021658550479423,139,781
gaze,134021658550560033,153,793
gaze,134021658550645105,141,793
gaze,134021658550728088,149,791
gaze,134021658550812703,143,791
gaze,134021658550894372,147,785
gaze,134021658550979387,137,786
gaze,134021658551055327,145,794
gaze,134021658551147278,141,795
gaze,134021658551227513,148,799
gaze,134021658551310806,201,788
gaze,134021658551395754,220,790
gaze,134021658551477775,212,786
MouseWheel,134021658551540565,120
gaze,134021658551562273,220,792
gaze,134021658551644224,224,791
gaze,134021658551729282,222,794
gaze,134021658551810698,219,788
gaze,134021658551895827,214,788
gaze,134021658551972776,218,790
gaze,134021658552043742,218,790
gaze,134021658552127198,216,791
gaze,134021658552204056,207,783
gaze,134021658552312935,213,783
gaze,134021658552374617,219,789
gaze,134021658552459245,207,783
gaze,134021658552561691,212,783
gaze,134021658552643144,221,792
gaze,134021658552730260,224,788
gaze,134021658552810910,216,787
gaze,134021658552895166,223,792
gaze,134021658552977363,219,786
gaze,134021658553062117,216,791
gaze,134021658553140631,217,797
gaze,134021658553230228,220,784
gaze,134021658553311381,211,786
gaze,134021658553390797,213,788
gaze,134021658553481812,212,785
gaze,134021658553560334,205,789
gaze,134021658553646128,217,784
gaze,134021658553727412,206,780
gaze,134021658553814017,208,781
gaze,134021658553893068,215,784
gaze,134021658553983633,215,778
gaze,134021658554055362,211,779
gaze,134021658554131321,206,802
gaze,134021658554208680,177,854
gaze,134021658554313560,175,903
gaze,134021658554375852,189,943
gaze,134021658554459437,215,961
gaze,134021658554562536,225,966
gaze,134021658554644286,211,966
gaze,134021658554734536,217,967
gaze,134021658554811381,213,965
gaze,134021658554897568,219,959
gaze,134021658554978487,214,967
MouseMove,134021658554980350,698,849
MouseMove,134021658555060632,697,849
gaze,134021658555062130,220,962
gaze,134021658555138498,211,961
MouseMove,134021658555140271,696,849
MouseMove,134021658555219850,695,848
gaze,134021658555230514,212,953
MouseMove,134021658555299987,694,848
gaze,134021658555311591,219,968
gaze,134021658555395625,214,955
MouseMove,134021658555460439,694,848
gaze,134021658555478324,214,960
MouseMove,134021658555540706,693,848
gaze,134021658555560905,213,960
MouseWheel,134021658555621665,-120
gaze,134021658555644189,211,958
gaze,134021658555728350,214,960
gaze,134021658555812149,216,958
MouseMove,134021658555863455,691,848
gaze,134021658555897725,216,962
MouseWheel,134021658555940545,-120
gaze,134021658555978245,213,973
gaze,134021658556062511,216,964
gaze,134021658556125593,211,957
gaze,134021658556208564,206,958
gaze,134021658556287359,209,969
gaze,134021658556395526,207,957
gaze,134021658556458488,221,964
gaze,134021658556541478,210,964
gaze,134021658556645771,226,969
gaze,134021658556728217,217,956
gaze,134021658556813300,224,955
gaze,134021658556894290,216,956
gaze,134021658556979777,217,953
gaze,134021658557061469,213,961
gaze,134021658557145602,211,959
gaze,134021658557222086,209,960
gaze,134021658557313926,213,954
gaze,134021658557394414,210,956
gaze,134021658557476139,207,945
gaze,134021658557562502,211,883
gaze,134021658557644347,208,855
gaze,134021658557729867,213,847
gaze,134021658557811831,210,850
gaze,134021658557896762,203,850
gaze,134021658557978270,206,850
gaze,134021658558062376,206,852
gaze,134021658558139770,204,851
gaze,134021658558210749,209,857
gaze,134021658558296003,206,861
gaze,134021658558396359,198,856
gaze,134021658558458126,201,857
gaze,134021658558541609,204,853
gaze,134021658558625799,214,858
gaze,134021658558736771,210,859
gaze,134021658558812032,193,856
gaze,134021658558893955,203,857
gaze,134021658558978454,203,865
gaze,134021658559061566,199,863
gaze,134021658559144646,198,852
gaze,134021658559223750,206,866
gaze,134021658559312305,199,860
gaze,134021658559393915,210,864
MouseMove,134021658559460441,691,848
gaze,134021658559480201,207,863
gaze,134021658559555359,211,862
gaze,134021658559646819,208,859
gaze,134021658559728425,211,864
gaze,134021658559813027,213,865
gaze,134021658559894265,209,852
gaze,134021658559980449,203,862
gaze,134021658560068997,209,867
gaze,134021658560142118,209,862
gaze,134021658560209826,209,868
gaze,134021658560292738,218,860
gaze,134021658560397109,264,860
gaze,134021658560473466,346,868
gaze,134021658560544192,340,868
gaze,134021658560624893,345,867
gaze,134021658560709233,348,867
gaze,134021658560813021,345,868
gaze,134021658560894847,343,870
gaze,134021658560979409,337,861
gaze,134021658561061704,340,866
gaze,134021658561146401,349,862
gaze,134021658561222456,340,861
gaze,134021658561314949,335,870
gaze,134021658561396772,336,866
gaze,134021658561479917,336,866
gaze,134021658561561067,339,867
gaze,134021658561640962,338,868
gaze,134021658561728977,343,874
gaze,134021658561810864,344,864
gaze,134021658561896258,340,864
gaze,134021658561978242,340,865
gaze,134021658562062634,339,866
gaze,134021658562138854,343,863
gaze,134021658562211176,337,861
gaze,134021658562293810,335,856
gaze,134021658562398019,340,864
gaze,134021658562478689,337,865
gaze,134021658562558449,332,865
gaze,134021658562625045,334,859
gaze,134021658562709531,330,864
gaze,134021658562812696,339,862
gaze,134021658562894137,338,859
gaze,134021658562979423,336,864
gaze,134021658563061300,337,864
gaze,134021658563146470,332,862
gaze,134021658563222653,337,863
gaze,134021658563314083,344,865
gaze,134021658563395230,372,824
gaze,134021658563481359,368,828
MouseMove,134021658563541073,690,848
gaze,134021658563561024,382,841
gaze,134021658563640896,372,824
gaze,134021658563728962,381,834
gaze,134021658563811165,373,831
gaze,134021658563895606,374,827
gaze,134021658563978393,379,834
gaze,134021658564068231,378,835
MouseMove,134021658564100346,690,848
gaze,134021658564140021,374,832
gaze,134021658564211057,371,834
gaze,134021658564292355,375,830
MouseMove,134021658564340024,690,847
gaze,134021658564396664,368,830
gaze,134021658564478625,371,825
MouseMove,134021658564500542,690,846
gaze,134021658564558000,375,832
MouseMove,134021658564581267,690,845
gaze,134021658564625912,376,837
MouseMove,134021658564659792,690,845
gaze,134021658564709371,374,841
MouseMove,134021658564740788,690,844
gaze,134021658564792429,362,827
MouseMove,134021658564820568,690,842
gaze,134021658564896165,316,834
MouseMove,134021658564900454,690,842
gaze,134021658564980424,246,822
MouseMove,134021658565062744,691,840
gaze,134021658565062185,239,823
MouseMove,134021658565140503,691,839
gaze,134021658565144350,230,818
MouseMove,134021658565219962,691,838
gaze,134021658565222885,246,829
MouseMove,134021658565301329,691,835
gaze,134021658565312998,237,829
MouseMove,134021658565380405,692,832
gaze,134021658565395897,237,827
MouseMove,134021658565460797,692,826
gaze,134021658565479941,243,817
MouseMove,134021658565540256,694,821
gaze,134021658565560705,236,824
MouseMove,134021658565620963,694,811
gaze,134021658565646569,237,824
MouseMove,134021658565701403,694,803
gaze,134021658565723126,247,836
MouseMove,134021658565779998,694,793
gaze,134021658565813783,241,829
MouseMove,134021658565860374,694,782
gaze,134021658565896845,243,826
MouseMove,134021658565940093,693,772
gaze,134021658565979305,261,817
MouseMove,134021658566020488,692,762
gaze,134021658566061711,341,725
MouseMove,134021658566101679,687,748
gaze,134021658566141154,381,598
MouseMove,134021658566179565,683,729
gaze,134021658566208827,405,557
MouseMove,134021658566259569,680,704
gaze,134021658566292074,427,487
MouseMove,134021658566340315,677,680
gaze,134021658566375280,421,485
MouseMove,134021658566421346,674,660
gaze,134021658566480271,421,501
MouseMove,134021658566500498,672,639
gaze,134021658566560915,422,512
MouseMove,134021658566580952,668,623
gaze,134021658566640310,419,519
MouseMove,134021658566661306,667,611
gaze,134021658566714142,418,525
MouseMove,134021658566741785,666,603
gaze,134021658566792660,416,522
MouseMove,134021658566821226,665,595
gaze,134021658566895588,427,533
MouseMove,134021658566900538,664,591
gaze,134021658566977303,422,529
MouseMove,134021658566980235,663,586
MouseMove,134021658567060523,663,582
gaze,134021658567061404,426,535
MouseMove,134021658567140211,661,579
gaze,134021658567144356,418,514
MouseMove,134021658567220139,659,574
gaze,134021658567226975,416,534
MouseMove,134021658567299403,658,572
gaze,134021658567305859,416,526
MouseMove,134021658567380531,655,568
gaze,134021658567395291,417,513
MouseMove,134021658567459896,654,565
gaze,134021658567477488,417,517
MouseMove,134021658567540979,651,562
gaze,134021658567560173,417,523
MouseMove,134021658567620265,647,559
gaze,134021658567643557,423,531
MouseMove,134021658567700527,645,558
gaze,134021658567721480,419,529
MouseMove,134021658567780050,643,556
gaze,134021658567811479,420,521
MouseMove,134021658567861088,641,554
gaze,134021658567894031,420,531
MouseMove,134021658567939871,640,554
gaze,134021658567978033,415,522
MouseMove,134021658568020393,640,554
gaze,134021658568064487,414,527
MouseMove,134021658568101330,639,553
gaze,134021658568144023,421,529
gaze,134021658568221669,414,526
MouseMove,134021658568259443,638,553
gaze,134021658568296617,411,526
gaze,134021658568375442,422,526
gaze,134021658568479787,421,519
gaze,134021658568560208,421,536
gaze,134021658568640485,414,525
gaze,134021658568708671,416,521
MouseMove,134021658568740276,638,552
gaze,134021658568791951,410,525
gaze,134021658568895438,420,532
gaze,134021658568977521,415,526
MouseMove,134021658568981718,637,552
gaze,134021658569062207,413,523
MouseMove,134021658569142786,637,552
gaze,134021658569143747,421,532
gaze,134021658569229042,414,525
gaze,134021658569305467,430,533
gaze,134021658569393200,508,498
gaze,134021658569475205,539,505
gaze,134021658569557908,543,513
gaze,134021658569640445,531,485
gaze,134021658569718764,539,513
gaze,134021658569808925,544,501
gaze,134021658569890091,536,490
gaze,134021658569974698,540,488
gaze,134021658570057140,537,480
gaze,134021658570141319,533,482
gaze,134021658570218698,537,483
gaze,134021658570287881,532,479
gaze,134021658570370277,534,486
gaze,134021658570473916,533,483
gaze,134021658570556214,545,499
gaze,134021658570634437,548,494
gaze,134021658570704420,535,488
gaze,134021658570787944,537,502
gaze,134021658570870295,539,490
gaze,134021658570973948,540,495
gaze,134021658571056887,542,496
gaze,134021658571140168,535,496
gaze,134021658571223221,545,503
gaze,134021658571302171,547,503
gaze,134021658571390635,546,501
gaze,134021658571473463,515,492
gaze,134021658571561588,458,514
gaze,134021658571643634,470,520
gaze,134021658571729607,472,511
MouseMove,134021658571780045,635,552
gaze,134021658571804011,472,516
MouseMove,134021658571860752,633,552
gaze,134021658571896816,467,501
MouseMove,134021658571940815,628,554
gaze,134021658571977246,466,510
MouseMove,134021658572021726,623,557
gaze,134021658572064598,478,502
MouseMove,134021658572104461,619,561
gaze,134021658572144695,483,513
MouseMove,134021658572181633,616,562
gaze,134021658572224358,476,499
MouseMove,134021658572260586,611,565
gaze,134021658572293267,480,525
MouseMove,134021658572340915,605,567
gaze,134021658572375132,479,519
MouseMove,134021658572419912,602,567
gaze,134021658572459030,486,522
MouseMove,134021658572499737,599,569
gaze,134021658572562766,479,526
MouseMove,134021658572580606,595,571
gaze,134021658572642685,474,516
MouseMove,134021658572660647,593,571
gaze,134021658572722861,477,514
MouseMove,134021658572739586,591,573
gaze,134021658572791757,474,510
MouseMove,134021658572819914,590,573
gaze,134021658572874400,486,549
MouseMove,134021658572899844,589,574
gaze,134021658572979012,471,518
MouseMove,134021658572981118,587,575
MouseMove,134021658573060124,586,576
gaze,134021658573060171,474,522
MouseMove,134021658573140000,585,577
gaze,134021658573144855,475,517
gaze,134021658573226700,472,512
MouseMove,134021658573300811,584,577
gaze,134021658573312532,475,517
gaze,134021658573390184,477,529
gaze,134021658573479628,479,516
MouseMove,134021658573540237,584,577
gaze,134021658573559848,477,514
gaze,134021658573644354,468,508
gaze,134021658573727484,474,514
gaze,134021658573805874,475,505
gaze,134021658573894746,473,515
gaze,134021658573977426,470,511
gaze,134021658574060811,474,521
gaze,134021658574143542,474,508
gaze,134021658574227201,468,508
gaze,134021658574304639,467,514
gaze,134021658574375605,471,506
gaze,134021658574458544,468,520
gaze,134021658574562786,480,525
gaze,134021658574644259,465,503
gaze,134021658574743595,475,510
gaze,134021658574791747,474,512
gaze,134021658574875543,486,515
gaze,134021658574974511,567,517
gaze,134021658575066522,635,503
gaze,134021658575140294,663,498
gaze,134021658575225623,682,488
LeftMouseDown,134021658575301389
gaze,134021658575308329,679,499
gaze,134021658575385697,675,495
gaze,134021658575474665,672,473
gaze,134021658575557878,673,494
gaze,134021658575640796,668,486
gaze,134021658575724181,672,518
gaze,134021658575801879,676,488
gaze,134021658575890021,673,496
gaze,134021658575975935,674,510
gaze,134021658576057175,673,504
gaze,134021658576140916,673,510
LeftMouseUp,134021658576180815
gaze,134021658576225886,675,496
gaze,134021658576303605,676,516
gaze,134021658576371734,671,473
gaze,134021658576454146,675,512
gaze,134021658576537985,663,501
gaze,134021658576642559,673,494
gaze,134021658576717788,665,498
gaze,134021658576788189,675,487
gaze,134021658576871465,670,499
gaze,134021658576953651,672,514
gaze,134021658577058403,677,503
gaze,134021658577142083,667,504
gaze,134021658577222857,674,514
gaze,134021658577307334,659,498
gaze,134021658577391328,676,495
gaze,134021658577469555,662,490
gaze,134021658577557661,665,496
gaze,134021658577640064,659,486
gaze,134021658577728227,665,507
gaze,134021658577811762,636,492
gaze,134021658577889059,639,518
gaze,134021658577979097,633,498
gaze,134021658578060200,637,510
gaze,134021658578146037,636,506
gaze,134021658578227175,637,519
gaze,134021658578312622,634,508
gaze,134021658578388370,636,519
gaze,134021658578461270,639,520
gaze,134021658578543412,636,512
gaze,134021658578625215,642,518
gaze,134021658578732428,639,515
gaze,134021658578805798,645,517
gaze,134021658578878441,634,513
gaze,134021658578959399,638,509
gaze,134021658579063030,628,487
MouseMove,134021658579139980,584,577
gaze,134021658579144156,629,515
gaze,134021658579229540,637,514
gaze,134021658579311278,639,520
gaze,134021658579396125,635,505
gaze,134021658579478683,632,515
MouseMove,134021658579539462,584,577
gaze,134021658579555106,640,508
MouseMove,134021658579620459,585,578
gaze,134021658579645175,635,519
MouseMove,134021658579700429,585,578
gaze,134021658579727589,627,487
gaze,134021658579813861,631,501
gaze,134021658579888858,632,509
gaze,134021658579980413,640,509
gaze,134021658580061998,627,504
MouseMove,134021658580102320,586,578
gaze,134021658580147360,638,509
gaze,134021658580227646,641,522
gaze,134021658580312950,629,513
gaze,134021658580394921,551,532
gaze,134021658580475791,465,519
gaze,134021658580542222,456,507
gaze,134021658580624449,448,513
gaze,134021658580732233,453,506
gaze,134021658580805227,445,506
gaze,134021658580877577,447,503
gaze,134021658580959246,451,500
gaze,134021658581042229,452,509
MouseMove,134021658581141042,586,578
gaze,134021658581145901,456,496
gaze,134021658581228406,457,512
MouseMove,134021658581302176,587,578
gaze,134021658581314607,451,503
gaze,134021658581394294,421,507
MouseMove,134021658581460199,588,578
gaze,134021658581480120,397,509
gaze,134021658581555013,422,503
MouseMove,134021658581619576,589,578
gaze,134021658581646265,415,498
gaze,134021658581727591,418,506
MouseMove,134021658581780741,589,578
gaze,134021658581812357,423,513
gaze,134021658581894477,419,507
gaze,134021658581974175,413,504
MouseMove,134021658582020319,590,578
gaze,134021658582064164,418,515
gaze,134021658582144061,415,487
gaze,134021658582229113,416,510
gaze,134021658582311418,421,511
MouseMove,134021658582339767,591,578
gaze,134021658582394079,419,508
gaze,134021658582471645,421,525
gaze,134021658582542070,417,518
gaze,134021658582625153,418,516
MouseMove,134021658582659731,592,578
gaze,134021658582730285,423,510
MouseMove,134021658582740169,592,578
gaze,134021658582810728,422,505
gaze,134021658582891089,425,523
MouseMove,134021658582900228,593,578
gaze,134021658582958933,421,528
gaze,134021658583042152,413,508
MouseMove,134021658583061571,594,578
gaze,134021658583146474,416,508
gaze,134021658583227145,420,518
MouseMove,134021658583302488,594,578
gaze,134021658583313662,423,507
gaze,134021658583407478,419,507
gaze,134021658583479800,412,503
gaze,134021658583554842,452,536
gaze,134021658583647077,505,524
gaze,134021658583728125,497,504
gaze,134021658583812851,510,520
gaze,134021658583889748,505,513
gaze,134021658583970405,507,528
gaze,134021658584062636,506,517
gaze,134021658584143639,508,518
gaze,134021658584229356,507,495
gaze,134021658584311289,512,513
gaze,134021658584396155,516,517
gaze,134021658584472803,511,511
gaze,134021658584543266,510,526
gaze,134021658584627133,514,520
gaze,134021658584705608,509,523
gaze,134021658584813994,509,517
gaze,134021658584888987,503,516
gaze,134021658584960322,508,527
gaze,134021658585042149,512,525
gaze,134021658585146269,508,511
gaze,134021658585228352,498,520
gaze,134021658585313747,499,508
gaze,134021658585394070,510,503
gaze,134021658585475414,508,516
gaze,134021658585557701,574,505
gaze,134021658585641654,653,515
gaze,134021658585725208,673,502
gaze,134021658585808235,682,497
gaze,134021658585891073,690,510
gaze,134021658585972057,686,505
gaze,134021658586058368,676,498
gaze,134021658586141039,688,504
gaze,134021658586223896,683,503
gaze,134021658586308693,679,492
gaze,134021658586391157,680,517
gaze,134021658586474995,680,510
gaze,134021658586552010,677,502
gaze,134021658586620829,676,519
gaze,134021658586705778,671,475
gaze,134021658586809448,672,478
gaze,134021658586885097,673,477
gaze,134021658586955053,672,482
gaze,134021658587039429,679,514
gaze,134021658587121658,680,502
gaze,134021658587225254,671,499
gaze,134021658587307787,676,504
gaze,134021658587392261,676,501
gaze,134021658587474246,668,505
gaze,134021658587557629,673,501
gaze,134021658587635467,674,510
gaze,134021658587725255,671,506
gaze,134021658587809393,668,497
gaze,134021658587890667,680,496
gaze,134021658587974611,675,513
gaze,134021658588052947,673,516
gaze,134021658588141072,674,506
gaze,134021658588224652,670,497
gaze,134021658588310454,678,498
gaze,134021658588390985,669,510
gaze,134021658588474492,677,504
gaze,134021658588555134,676,499
gaze,134021658588621127,674,505
gaze,134021658588711697,682,506
gaze,134021658588810585,678,496
gaze,134021658588890207,672,495
gaze,134021658588972091,675,498
gaze,134021658589038268,676,500
gaze,134021658589121085,673,506
gaze,134021658589224980,672,502
gaze,134021658589308121,669,483
gaze,134021658589391412,695,506
gaze,134021658589475954,757,481
gaze,134021658589562328,765,513
gaze,134021658589640605,778,496
gaze,134021658589730982,773,500
gaze,134021658589811104,780,510
gaze,134021658589898036,782,517
gaze,134021658589979521,771,508
gaze,134021658590065045,771,505
gaze,134021658590145844,770,521
gaze,134021658590223790,774,500
gaze,134021658590309771,773,509
gaze,134021658590390232,769,500
gaze,134021658590474515,772,502
gaze,134021658590551967,773,506
gaze,134021658590620622,770,511
gaze,134021658590704211,766,498
gaze,134021658590788064,775,505
gaze,134021658590892647,767,490
gaze,134021658590967982,769,480
gaze,134021658591039543,764,481
gaze,134021658591121172,770,486
gaze,134021658591226613,768,497
gaze,134021658591307128,772,516
gaze,134021658591392087,775,517
gaze,134021658591475662,766,505
gaze,134021658591557592,768,486
gaze,134021658591640766,774,496
gaze,134021658591718741,769,496
gaze,134021658591808396,772,498
gaze,134021658591891009,768,488
gaze,134021658591979969,786,494
gaze,134021658592056313,833,507
gaze,134021658592148563,835,497
gaze,134021658592228333,836,501
gaze,134021658592313424,845,500
gaze,134021658592395241,842,500
gaze,134021658592481302,848,490
gaze,134021658592561065,833,503
gaze,134021658592641741,839,510
gaze,134021658592710260,839,507
gaze,134021658592793413,849,502
gaze,134021658592896607,844,480
gaze,134021658592972339,837,504
gaze,134021658593044674,842,476
gaze,134021658593125791,840,525
gaze,134021658593209851,846,510
gaze,134021658593313940,839,533
gaze,134021658593395271,842,509
gaze,134021658593481159,840,524
gaze,134021658593562259,832,517
gaze,134021658593646828,832,502
gaze,134021658593722468,842,509
gaze,134021658593814498,833,514
gaze,134021658593894810,841,487
gaze,134021658593980149,835,457
gaze,134021658594069216,834,512
gaze,134021658594142150,839,491
gaze,134021658594230498,888,495
gaze,134021658594312604,894,506
gaze,134021658594398331,890,519
gaze,134021658594479319,889,503
gaze,134021658594563980,885,487
gaze,134021658594640648,882,504
gaze,134021658594711874,887,513
gaze,134021658594793676,886,517
gaze,134021658594877081,886,515
gaze,134021658594980592,887,516
gaze,134021658595061004,888,495
gaze,134021658595127744,889,503
gaze,134021658595210585,888,485
gaze,134021658595293712,883,488
gaze,134021658595399378,892,811
gaze,134021658596730123,1014,720
gaze,134021658596794895,983,596
gaze,134021658596877530,983,562
gaze,134021658596960856,986,500
gaze,134021658597062981,966,462
gaze,134021658597140056,969,453
gaze,134021658597210011,972,444
gaze,134021658597292837,965,440
gaze,134021658597376227,972,458
gaze,134021658597480245,975,470
gaze,134021658597561641,971,493
gaze,134021658597646792,974,493
gaze,134021658597727997,976,495
gaze,134021658597814118,974,514
gaze,134021658597890152,979,504
gaze,134021658597981405,970,521
gaze,134021658598061733,978,510
gaze,134021658598146484,975,513
gaze,134021658598232628,974,524
gaze,134021658598308528,983,499
gaze,134021658598396090,969,515
gaze,134021658598479213,971,497
gaze,134021658598561655,977,519
gaze,134021658598645970,979,509
gaze,134021658598729540,966,510
gaze,134021658598806722,970,520
gaze,134021658598878110,975,504
gaze,134021658598960523,972,511
gaze,134021658599062803,972,511
gaze,134021658599144917,970,503
gaze,134021658599224471,970,500
gaze,134021658599293550,970,494
gaze,134021658599377109,974,529
gaze,134021658599481010,966,508
gaze,134021658599561741,968,515
gaze,134021658599647651,972,486
gaze,134021658599728853,972,506
gaze,134021658599813982,941,501
gaze,134021658599889532,800,472
gaze,134021658599981729,675,454
gaze,134021658600062429,619,420
gaze,134021658600147487,565,377
gaze,134021658600229031,555,375
gaze,134021658600306975,561,387
gaze,134021658600396331,554,373
gaze,134021658600478867,561,391
gaze,134021658600561419,564,368
gaze,134021658600645055,563,389
gaze,134021658600731904,568,383
gaze,134021658600809165,565,376
gaze,134021658600876858,567,387
gaze,134021658600959604,564,377
gaze,134021658601062782,564,381
gaze,134021658601144492,566,394
gaze,134021658601225219,557,369
gaze,134021658601294041,562,368
gaze,134021658601376125,558,362
gaze,134021658601480031,557,372
gaze,134021658601561349,564,361
gaze,134021658601646046,555,363
gaze,134021658601728108,561,359
gaze,134021658601812943,563,366
gaze,134021658601888002,560,378
gaze,134021658601980192,557,364
gaze,134021658602062088,554,346
gaze,134021658602145708,553,364
gaze,134021658602228057,557,360
gaze,134021658602307388,559,358
gaze,134021658602395548,551,362
gaze,134021658602478962,559,357
gaze,134021658602561223,557,367
gaze,134021658602643763,561,358
gaze,134021658602727589,560,375
gaze,134021658602805264,564,368
gaze,134021658602875601,557,355
gaze,134021658602959312,551,358
gaze,134021658603062797,561,361
gaze,134021658603144824,562,370
gaze,134021658603225198,556,353
gaze,134021658603293522,557,352
gaze,134021658603378824,555,352
MouseWheel,134021658603461228,-120
gaze,134021658603464388,556,348
gaze,134021658603562346,559,353
gaze,134021658603645172,558,361
gaze,134021658603728547,558,368
gaze,134021658603812253,565,367
gaze,134021658603888776,562,368
gaze,134021658603978996,555,375
gaze,134021658604061419,556,367
gaze,134021658604146058,547,363
gaze,134021658604227702,558,364
gaze,134021658604313720,559,368
gaze,134021658604388414,551,360
gaze,134021658604480449,560,368
gaze,134021658604560631,564,368
gaze,134021658604646123,560,374
gaze,134021658604727973,559,370
gaze,134021658604807480,561,378
gaze,134021658604877057,567,376
gaze,134021658604959468,554,358
gaze,134021658605063376,553,355
gaze,134021658605144348,560,364
gaze,134021658605229573,558,368
gaze,134021658605305679,558,362
gaze,134021658605378527,555,359
gaze,134021658605459549,558,356
gaze,134021658605562739,556,361
gaze,134021658605644333,557,360
gaze,134021658605734208,561,358
gaze,134021658605811517,567,358
gaze,134021658605888410,560,370
gaze,134021658605981474,560,369
gaze,134021658606061706,555,359
gaze,134021658606145878,555,361
gaze,134021658606228158,555,362
gaze,134021658606312082,549,353
gaze,134021658606389315,558,359
gaze,134021658606480241,554,369
gaze,134021658606561269,561,369
gaze,134021658606647649,560,365
gaze,134021658606728789,560,369
gaze,134021658606807640,558,367
gaze,134021658606876622,562,373
gaze,134021658606959591,572,381
MouseMove,134021658607060589,596,578
gaze,134021658607062351,557,374
MouseMove,134021658607140695,597,579
gaze,134021658607144187,564,366
MouseMove,134021658607220100,599,579
gaze,134021658607227591,564,366
MouseMove,134021658607300509,600,576
gaze,134021658607305509,562,365
gaze,134021658607376556,555,351
MouseMove,134021658607380170,603,572
MouseMove,134021658607459787,603,571
gaze,134021658607460281,556,371
MouseMove,134021658607541471,604,569
gaze,134021658607562975,492,425
MouseMove,134021658607620923,605,567
gaze,134021658607645909,468,453
MouseMove,134021658607701419,606,565
gaze,134021658607729133,458,458
MouseMove,134021658607780417,606,564
gaze,134021658607812411,468,473
MouseMove,134021658607861095,606,563
gaze,134021658607889401,468,479
MouseMove,134021658607940812,606,561
gaze,134021658607979564,467,471
MouseMove,134021658608020302,606,559
gaze,134021658608061653,461,469
MouseMove,134021658608100863,606,559
gaze,134021658608144497,467,477
MouseMove,134021658608179880,606,558
gaze,134021658608228243,460,459
gaze,134021658608311747,469,456
gaze,134021658608392317,461,446
gaze,134021658608479362,468,469
gaze,134021658608562035,458,457
gaze,134021658608645217,455,466
gaze,134021658608731236,462,472
gaze,134021658608806699,466,466
gaze,134021658608876397,471,468
gaze,134021658608959660,461,473
gaze,134021658609046376,470,472
gaze,134021658609146014,465,467
gaze,134021658609227035,468,463
gaze,134021658609308576,473,469
gaze,134021658609376618,464,462
gaze,134021658609459641,462,469
gaze,134021658609562635,464,469
gaze,134021658609644807,460,447
gaze,134021658609728953,463,465
gaze,134021658609812149,452,484
gaze,134021658609896698,380,490
gaze,134021658609973811,372,486
gaze,134021658610062708,382,501
gaze,134021658610145195,378,501
gaze,134021658610228598,377,485
gaze,134021658610312399,385,491
gaze,134021658610389109,381,501
gaze,134021658610480285,379,490
gaze,134021658610561098,386,497
gaze,134021658610647681,378,483
gaze,134021658610728594,389,492
gaze,134021658610813732,382,482
gaze,134021658610888796,380,489
gaze,134021658610961362,393,488
gaze,134021658611042961,384,497
MouseMove,134021658611060607,606,557
MouseMove,134021658611140049,606,555
gaze,134021658611146085,381,482
MouseMove,134021658611221265,605,555
gaze,134021658611228912,386,490
gaze,134021658611305889,385,500
MouseMove,134021658611380191,604,554
gaze,134021658611379985,375,493
MouseMove,134021658611460685,603,554
gaze,134021658611460663,390,497
MouseMove,134021658611539792,603,554
gaze,134021658611563741,432,485
gaze,134021658611645994,519,482
gaze,134021658611732097,529,471
MouseMove,134021658611780720,602,553
gaze,134021658611812203,524,466
MouseMove,134021658611860705,600,552
gaze,134021658611897162,530,474
MouseMove,134021658611940395,600,551
gaze,134021658611974172,522,471
MouseMove,134021658612020304,598,550
gaze,134021658612065180,526,464
MouseMove,134021658612099761,597,548
gaze,134021658612145222,525,458
MouseMove,134021658612180685,596,548
gaze,134021658612231422,526,473
gaze,134021658612312447,516,461
MouseMove,134021658612340897,595,547
gaze,134021658612393217,517,467
gaze,134021658612480364,517,458
MouseMove,134021658612500134,594,547
gaze,134021658612561202,513,453
MouseMove,134021658612579611,594,547
gaze,134021658612646976,519,467
MouseMove,134021658612660306,593,546
gaze,134021658612728949,513,459
gaze,134021658612814338,520,472
gaze,134021658612889833,520,472
MouseMove,134021658612899796,593,545
gaze,134021658612961521,524,474
MouseMove,134021658612980590,592,545
gaze,134021658613043809,526,485
MouseMove,134021658613061005,590,545
gaze,134021658613146413,521,473
gaze,134021658613229176,529,464
gaze,134021658613308591,518,460
gaze,134021658613377462,510,462
MouseMove,134021658613379854,590,545
gaze,134021658613460247,512,467
gaze,134021658613565307,518,467
MouseMove,134021658613621573,588,544
gaze,134021658613645139,511,465
gaze,134021658613730966,515,479
gaze,134021658613812455,513,465
MouseMove,134021658613859622,588,544
gaze,134021658613896953,512,475
gaze,134021658613973605,520,469
MouseMove,134021658614021873,587,544
gaze,134021658614065459,505,460
MouseMove,134021658614101338,585,543
gaze,134021658614146223,519,459
MouseMove,134021658614180734,585,543
gaze,134021658614231834,521,471
MouseMove,134021658614260712,583,542
gaze,134021658614312785,524,488
MouseMove,134021658614340099,582,542
gaze,134021658614392821,522,483
MouseMove,134021658614420962,582,542
gaze,134021658614480639,514,472
MouseMove,134021658614499891,581,542
gaze,134021658614562227,515,482
gaze,134021658614648031,504,468
gaze,134021658614729388,490,492
MouseMove,134021658614739868,580,541
gaze,134021658614814814,499,485
gaze,134021658614889720,489,484
MouseMove,134021658614899494,579,541
gaze,134021658614962091,496,477
gaze,134021658615043988,497,475
MouseMove,134021658615060880,579,541
gaze,134021658615126917,487,485
MouseMove,134021658615141563,578,541
MouseMove,134021658615219550,577,541
gaze,134021658615231353,493,480
gaze,134021658615307681,490,483
MouseMove,134021658615380789,576,541
gaze,134021658615379853,498,494
gaze,134021658615461509,496,485
gaze,134021658615543669,492,488
MouseMove,134021658615619952,575,540
gaze,134021658615646745,495,485
gaze,134021658615733079,493,476
gaze,134021658615811701,496,481
gaze,134021658615894987,497,489
gaze,134021658615981031,500,492
gaze,134021658616057813,491,488
gaze,134021658616148133,496,489
gaze,134021658616228801,500,488
MouseMove,134021658616259900,574,540
gaze,134021658616314219,497,486
gaze,134021658616395326,493,481
gaze,134021658616476442,501,488
gaze,134021658616563950,495,481
gaze,134021658616646900,491,469
gaze,134021658616740709,500,477
gaze,134021658616815179,491,482
gaze,134021658616896101,499,474
MouseMove,134021658616900359,573,540
gaze,134021658616975046,489,489
gaze,134021658617043400,493,484
gaze,134021658617126945,488,479
gaze,134021658617231095,492,477
gaze,134021658617312498,495,496
gaze,134021658617391796,499,479
gaze,134021658617460127,501,517
gaze,134021658617543413,501,501
gaze,134021658617646856,494,495
MouseMove,134021658617700843,572,539
gaze,134021658617729866,507,490
gaze,134021658617812479,541,524
MouseMove,134021658617860499,572,539
gaze,134021658617898067,534,595
MouseMove,134021658617939823,571,538
gaze,134021658617980676,565,661
gaze,134021658618059326,584,773
gaze,134021658618148387,624,909
gaze,134021658618230303,671,1016
gaze,134021658618304622,666,1115
gaze,134021658618394216,656,1263
gaze,134021658618637621,762,-932
MouseMove,134021658619379754,569,538
MouseMove,134021658619700649,569,537
MouseMove,134021658619860219,568,537
MouseMove,134021658619940208,568,536
MouseMove,134021658620099975,566,535
MouseMove,134021658620179625,566,535
MouseMove,134021658620339800,565,534
MouseMove,134021658620499608,564,534
MouseMove,134021658620659999,563,534
gaze,134021658621305308,287,-500
gaze,134021658621384498,399,-630
gaze,134021658621450625,470,-659
gaze,134021658621533354,376,-653
gaze,134021658623971823,401,710
gaze,134021658624065960,404,709
gaze,134021658624146524,380,510
gaze,134021658624226790,374,468
gaze,134021658624313943,386,480
gaze,134021658624395368,382,464
gaze,134021658624482469,388,470
gaze,134021658624562369,384,474
gaze,134021658624642142,385,485
gaze,134021658624732070,389,494
KeyDown,134021658624739886,53
gaze,134021658624813008,393,495
gaze,134021658624896438,385,490
gaze,134021658624979565,391,496
gaze,134021658625062624,392,498
gaze,134021658625144857,395,509
gaze,134021658625211326,384,490
gaze,134021658625289741,380,500
gaze,134021658625394422,380,503
gaze,134021658625482163,382,497
gaze,134021658625557741,388,501
gaze,134021658625629150,395,500
gaze,134021658625716435,394,498
gaze,134021658625814361,395,501
gaze,134021658625896086,385,498
KeyUp,134021658625940127,53
gaze,134021658625982034,385,510
gaze,134021658626063207,396,498
gaze,134021658626148515,392,506
gaze,134021658626224034,382,496
gaze,134021658626321194,388,502
gaze,134021658626396604,383,504
gaze,134021658626481895,389,489
gaze,134021658626562884,393,501
gaze,134021658626642355,392,500
gaze,134021658626730435,387,500
gaze,134021658626812983,372,520
gaze,134021658626896399,350,525
gaze,134021658626980644,374,534
gaze,134021658627062876,364,530
gaze,134021658627139996,358,533
gaze,134021658627210672,362,537
gaze,134021658627293904,368,528
gaze,134021658627399026,362,530
gaze,134021658627480451,362,528
gaze,134021658627560176,364,525
gaze,134021658627627435,368,532
gaze,134021658627710622,367,521
gaze,134021658627815415,366,527
gaze,134021658627895891,364,534
MouseMove,134021658627939699,562,534
gaze,134021658627980558,361,523
gaze,134021658628062612,363,522
MouseMove,134021658628100145,562,535
gaze,134021658628147224,366,528
MouseMove,134021658628179795,562,536
gaze,134021658628223095,367,532
MouseMove,134021658628260243,562,536
gaze,134021658628314893,366,529
gaze,134021658628394982,370,525
gaze,134021658628481823,364,527
MouseMove,134021658628500546,562,537
gaze,134021658628562940,363,517
gaze,134021658628647254,366,525
gaze,134021658628737111,362,526
gaze,134021658628814088,366,524
gaze,134021658628895901,369,529
MouseMove,134021658628901282,562,538
gaze,134021658628981065,366,527
gaze,134021658629063300,375,531
MouseMove,134021658629144583,562,539
gaze,134021658629144791,364,524
gaze,134021658629210872,373,537
MouseMove,134021658629219407,562,539
gaze,134021658629294523,362,530
gaze,134021658629397611,369,525
gaze,134021658629480269,364,517
MouseMove,134021658629540640,562,540
gaze,134021658629558408,379,549
MouseMove,134021658629621033,561,540
gaze,134021658629627678,367,527
MouseMove,134021658629702159,560,541
gaze,134021658629711028,367,525
MouseMove,134021658629781024,560,542
gaze,134021658629793703,402,523
gaze,134021658629898007,551,528
MouseMove,134021658629940427,559,542
gaze,134021658629980430,708,477
gaze,134021658630065242,816,441
gaze,134021658630146838,874,434
gaze,134021658630227073,881,457
gaze,134021658630314662,875,447
gaze,134021658630396252,869,448
MouseMove,134021658630421141,558,542
gaze,134021658630482452,872,434
gaze,134021658630563251,870,429
gaze,134021658630648652,864,425
MouseMove,134021658630660221,558,542
gaze,134021658630727627,865,432
gaze,134021658630815258,866,439
MouseMove,134021658630821517,557,542
gaze,134021658630896576,866,453
MouseMove,134021658630900543,556,543
gaze,134021658630981218,863,442
MouseMove,134021658631060365,555,543
gaze,134021658631061982,862,445
gaze,134021658631143622,857,431
gaze,134021658631211161,856,417
MouseMove,134021658631220270,555,543
gaze,134021658631295284,854,429
MouseMove,134021658631380422,554,543
gaze,134021658631398556,858,403
MouseMove,134021658631462555,554,543
gaze,134021658631479317,860,421
gaze,134021658631564017,859,421
gaze,134021658631641025,860,415
gaze,134021658631711587,864,435
gaze,134021658631794383,865,419
gaze,134021658631898773,863,440
gaze,134021658631979972,865,414
gaze,134021658632064780,862,411
gaze,134021658632147398,859,413
gaze,134021658632227405,857,438
gaze,134021658632314378,861,406
gaze,134021658632396014,862,414
gaze,134021658632481106,861,406
gaze,134021658632562153,860,414
gaze,134021658632647179,861,419
gaze,134021658632732467,862,425
gaze,134021658632816329,868,440
gaze,134021658632896240,869,431
gaze,134021658632981678,859,434
gaze,134021658633062555,858,417
gaze,134021658633142406,855,382
gaze,134021658633211196,856,399
gaze,134021658633294175,858,392
gaze,134021658633399798,860,400
gaze,134021658633479901,860,397
gaze,134021658633562634,862,405
gaze,134021658633640435,862,419
gaze,134021658633710603,857,416
gaze,134021658633794234,866,448
gaze,134021658633897938,867,436
gaze,134021658633979448,859,432
gaze,134021658634067167,867,460
gaze,134021658634145553,866,445
gaze,134021658634225254,866,424
gaze,134021658634313656,859,431
gaze,134021658634396517,860,409
gaze,134021658634480503,865,394
gaze,134021658634561844,866,406
gaze,134021658634648271,856,421
gaze,134021658634724179,857,427
gaze,134021658634814940,858,432
gaze,134021658634895407,863,431
gaze,134021658634981164,864,430
gaze,134021658635062537,862,456
gaze,134021658635141793,860,446
gaze,134021658635210591,861,461
gaze,134021658635294679,860,456
gaze,134021658635377733,883,487
gaze,134021658635482618,986,540
gaze,134021658635563692,1071,618
gaze,134021658635643694,1155,791
gaze,134021658635712331,1208,924
gaze,134021658635795323,1255,1067
gaze,134021658642846676,565,945
gaze,134021658643023740,563,927
gaze,134021658643108264,415,579
gaze,134021658643190923,411,540
gaze,134021658643274939,422,498
gaze,134021658643359172,418,485
gaze,134021658643442686,417,470
gaze,134021658643525961,416,459
gaze,134021658643648140,417,464
gaze,134021658643709490,425,479
gaze,134021658643795624,387,486
gaze,134021658643879272,272,537
gaze,134021658643961966,322,547
gaze,134021658644044737,392,533
gaze,134021658644128849,359,535
gaze,134021658644212742,367,533
gaze,134021658644295587,358,535
gaze,134021658644379250,361,524
gaze,134021658644481728,361,531
gaze,134021658644564395,363,529
gaze,134021658644648362,353,529
gaze,134021658644731289,367,535
gaze,134021658644814473,372,531
gaze,134021658644897163,366,532
gaze,134021658644980615,366,532
gaze,134021658645063736,374,540
gaze,134021658645147702,370,536
gaze,134021658645232193,371,534
gaze,134021658645309125,370,533
gaze,134021658645392776,373,531
gaze,134021658645461689,369,531
gaze,134021658645544557,368,527
gaze,134021658645648672,367,528
gaze,134021658645729962,368,530
gaze,134021658645815350,372,531
gaze,134021658645897124,368,527
gaze,134021658645984841,376,531
gaze,134021658646067888,368,523
gaze,134021658646150287,370,528
gaze,134021658646225348,372,536
gaze,134021658646297510,374,528
gaze,134021658646379627,371,537
gaze,134021658646481721,372,534
gaze,134021658646562987,373,532
gaze,134021658646650048,366,525
gaze,134021658646729976,375,528
gaze,134021658646815309,366,521
gaze,134021658646896654,375,540
gaze,134021658646981262,379,535
gaze,134021658647064268,382,540
gaze,134021658647147429,374,536
gaze,134021658647230794,377,532
gaze,134021658647308366,371,532
gaze,134021658647394895,364,523
gaze,134021658647466009,367,523
gaze,134021658647545362,372,531
gaze,134021658647628301,374,532
gaze,134021658647732232,368,527
gaze,134021658647813100,364,535
gaze,134021658647898721,368,526
gaze,134021658647979635,377,526
gaze,134021658648064904,376,526
gaze,134021658648147262,380,525
gaze,134021658648224304,374,528
gaze,134021658648295520,371,526
gaze,134021658648378536,369,519
gaze,134021658648482485,368,528
gaze,134021658648557926,378,532
gaze,134021658648649939,375,521
gaze,134021658648731958,372,514
gaze,134021658648815819,372,516
gaze,134021658648896544,373,512
gaze,134021658648982805,373,519
gaze,134021658649062982,372,519
gaze,134021658649149146,372,528
gaze,134021658649232114,374,524
gaze,134021658649308685,371,510
gaze,134021658649399992,379,514
gaze,134021658649479469,373,505
gaze,134021658649546283,372,510
gaze,134021658649628295,380,520
gaze,134021658649732132,377,520
gaze,134021658649813917,430,524
gaze,134021658649899564,559,509
gaze,134021658649980658,658,465
gaze,134021658650065876,736,470
gaze,134021658650146828,772,434
gaze,134021658650227810,787,465
gaze,134021658650295287,768,457
gaze,134021658650378142,778,463
gaze,134021658650482547,769,444
gaze,134021658650557873,772,452
gaze,134021658650650283,769,466
gaze,134021658650729393,763,439
gaze,134021658650816566,769,417
gaze,134021658650896709,762,431
gaze,134021658650981406,768,413
gaze,134021658651063060,764,456
gaze,134021658651148750,763,461
gaze,134021658651229731,766,443
gaze,134021658651311686,768,439
gaze,134021658651397623,765,447
gaze,134021658651475627,764,441
gaze,134021658651544537,765,440
gaze,134021658651628240,773,447
gaze,134021658651712162,859,455
gaze,134021658651816142,935,449
gaze,134021658651897649,974,446
gaze,134021658651982798,1004,440
gaze,134021658652063400,992,444
gaze,134021658652148950,992,404
gaze,134021658652223806,988,433
gaze,134021658652296581,991,415
gaze,134021658652378373,986,427
gaze,134021658652481410,982,426
gaze,134021658652562586,986,433
gaze,134021658652643409,986,419
gaze,134021658652731809,991,424
gaze,134021658652814305,980,421
gaze,134021658652897137,982,416
gaze,134021658652981025,982,420
gaze,134021658653064184,979,435
gaze,134021658653146824,982,425
gaze,134021658653233600,1055,429
gaze,134021658653308445,1209,451
gaze,134021658653398106,1319,442
gaze,134021658653481064,1372,454
gaze,134021658653558346,1351,448
gaze,134021658653627849,1343,444
gaze,134021658653711687,1344,468
gaze,134021658653795590,1341,454
gaze,134021658653898718,1346,447
gaze,134021658653980564,1342,456
gaze,134021658654066503,1338,444
gaze,134021658654150178,1335,450
gaze,134021658654226416,1340,444
gaze,134021658654296330,1346,429
gaze,134021658654377858,1338,447
gaze,134021658654461740,1339,451
gaze,134021658654565079,1336,446
gaze,134021658654646503,1339,439
gaze,134021658654727966,1345,437
gaze,134021658654814915,1332,454
gaze,134021658654897659,1329,450
gaze,134021658654981955,1343,440
gaze,134021658655063633,1344,447
gaze,134021658655149188,1336,434
gaze,134021658655231610,1329,463
gaze,134021658655315475,1334,464
gaze,134021658655392489,1338,447
gaze,134021658655483123,1329,448
gaze,134021658655563622,1330,446
gaze,134021658655643494,1336,464
gaze,134021658655711352,1330,461
gaze,134021658655794733,1329,469
gaze,134021658655878342,1331,473
gaze,134021658655984980,1341,440
gaze,134021658656064560,1330,463
gaze,134021658656150168,1330,455
gaze,134021658656236297,1322,461
gaze,134021658656310179,1332,468
gaze,134021658656378463,1287,463
gaze,134021658656462798,1088,483
gaze,134021658656545592,869,511
gaze,134021658656648815,667,537
gaze,134021658656731602,509,543
gaze,134021658656810938,475,565
gaze,134021658656898749,496,553
gaze,134021658656980583,506,554
gaze,134021658657066063,509,548
gaze,134021658657147974,513,559
gaze,134021658657232638,512,543
gaze,134021658657314448,516,561
gaze,134021658657400547,523,548
gaze,134021658657476811,517,542
gaze,134021658657567630,512,554
gaze,134021658657647600,519,546
gaze,134021658657727997,520,570
gaze,134021658657796214,535,556
gaze,134021658657878198,528,570
gaze,134021658657982554,522,555
gaze,134021658658064057,523,544
gaze,134021658658150033,528,581
gaze,134021658658230658,528,566
gaze,134021658658315628,522,559
gaze,134021658658391707,525,551
gaze,134021658658463882,520,550
gaze,134021658658545580,521,551
gaze,134021658658649245,527,563
gaze,134021658658730228,526,555
gaze,134021658658810894,527,569
gaze,134021658658897920,521,554
gaze,134021658658980521,522,573
gaze,134021658659066230,434,566
gaze,134021658659147528,419,569
gaze,134021658659233085,422,569
gaze,134021658659313854,418,570
gaze,134021658659399491,422,570
gaze,134021658659476204,421,574
gaze,134021658659567811,425,586
gaze,134021658659647669,421,573
gaze,134021658659727946,420,564
gaze,134021658659795571,423,575
gaze,134021658659878443,427,569
gaze,134021658659982142,419,566
gaze,134021658660064264,420,563
gaze,134021658660147486,427,562
gaze,134021658660230822,417,571
gaze,134021658660314667,428,558
MouseMove,134021658660340205,552,543
gaze,134021658660392251,420,556
MouseMove,134021658660420620,547,543
gaze,134021658660462722,429,567
MouseMove,134021658660500813,541,540
gaze,134021658660545287,421,576
MouseMove,134021658660580016,534,536
gaze,134021658660629631,427,572
MouseMove,134021658660660554,533,536
gaze,134021658660733863,425,589
MouseMove,134021658660740056,533,536
gaze,134021658660809436,423,572
MouseMove,134021658660901765,532,536
gaze,134021658660901425,468,573
gaze,134021658660981033,548,563
gaze,134021658661066298,565,549
MouseMove,134021658661140792,531,536
gaze,134021658661147603,576,562
MouseMove,134021658661219889,530,536
gaze,134021658661232942,571,569
MouseMove,134021658661300154,530,536
gaze,134021658661315134,576,563
MouseMove,134021658661380731,530,538
gaze,134021658661399502,563,552
MouseMove,134021658661460772,530,538
gaze,134021658661481955,578,554
MouseMove,134021658661541197,530,539
gaze,134021658661559296,569,553
gaze,134021658661649648,566,559
MouseMove,134021658661701572,529,539
MouseWheel,134021658661706438,-120
gaze,134021658661724558,575,568
gaze,134021658661797753,568,576
MouseMove,134021658661860692,529,540
gaze,134021658661879717,564,548
MouseMove,134021658661940493,528,540
gaze,134021658661982883,559,570
MouseMove,134021658662022827,527,540
gaze,134021658662064550,571,551
MouseMove,134021658662100497,527,541
gaze,134021658662149750,567,565
gaze,134021658662231064,564,556
gaze,134021658662316570,568,565
gaze,134021658662398274,567,563
MouseWheel,134021658662420669,-120
gaze,134021658662478291,574,566
gaze,134021658662544766,570,562
gaze,134021658662632104,563,562
MouseMove,134021658662660177,526,541
gaze,134021658662733799,567,552
gaze,134021658662808184,575,559
gaze,134021658662900225,567,560
gaze,134021658662982338,566,565
gaze,134021658663066834,577,579
gaze,134021658663148801,560,541
gaze,134021658663233115,559,547
gaze,134021658663314769,563,534
gaze,134021658663400160,563,546
gaze,134021658663481606,561,534
gaze,134021658663561317,568,550
MouseMove,134021658663621633,525,541
gaze,134021658663651938,571,544
MouseMove,134021658663700437,524,541
gaze,134021658663727917,555,526
MouseMove,134021658663781829,524,541
gaze,134021658663800182,512,478
MouseMove,134021658663860364,522,541
gaze,134021658663879258,534,472
MouseMove,134021658663940447,521,541
gaze,134021658663984343,531,479
MouseMove,134021658664020271,519,540
gaze,134021658664070700,524,477
MouseMove,134021658664100785,517,538
gaze,134021658664149471,531,480
MouseMove,134021658664181156,515,537
gaze,134021658664230588,523,469
MouseMove,134021658664260095,512,534
gaze,134021658664316700,521,463
MouseMove,134021658664344262,512,532
gaze,134021658664398348,535,487
MouseMove,134021658664419764,510,532
gaze,134021658664480130,527,473
MouseMove,134021658664499922,510,530
gaze,134021658664544162,531,475
MouseMove,134021658664579414,508,529
gaze,134021658664628704,521,451
MouseMove,134021658664660366,508,528
gaze,134021658664733225,493,426
MouseMove,134021658664739841,507,527
gaze,134021658664808701,490,405
MouseMove,134021658664819723,506,526
MouseMove,134021658664899981,506,526
gaze,134021658664900267,491,407
gaze,134021658664981462,492,430
MouseMove,134021658665060465,506,525
gaze,134021658665068614,483,401
gaze,134021658665148505,486,411
MouseMove,134021658665220355,506,524
gaze,134021658665233758,488,408
MouseMove,134021658665302785,506,521
gaze,134021658665314360,483,402
MouseMove,134021658665382636,506,520
gaze,134021658665405758,489,411
MouseMove,134021658665462814,506,517
gaze,134021658665480455,484,411
MouseMove,134021658665540477,505,513
gaze,134021658665560696,482,395
MouseMove,134021658665621007,505,510
gaze,134021658665648398,491,402
MouseMove,134021658665701149,503,506
gaze,134021658665725028,484,415
MouseMove,134021658665780607,503,505
gaze,134021658665797637,488,407
MouseMove,134021658665860392,503,503
gaze,134021658665878785,487,409
MouseMove,134021658665940555,503,502
gaze,134021658665962509,486,411
MouseMove,134021658666020691,502,500
gaze,134021658666069850,481,396
MouseMove,134021658666100224,502,498
gaze,134021658666147527,488,416
MouseMove,134021658666180438,501,496
gaze,134021658666233487,474,422
MouseMove,134021658666260538,501,496
gaze,134021658666314579,384,424
MouseMove,134021658666341697,500,494
gaze,134021658666400723,372,427
gaze,134021658666477746,386,437
gaze,134021658666547077,385,434
gaze,134021658666628750,382,434
gaze,134021658666713656,384,423
gaze,134021658666816510,393,423
gaze,134021658666892516,375,416
gaze,134021658666984941,382,419
LeftMouseDown,134021658667062522
gaze,134021658667064113,379,415
gaze,134021658667149187,380,428
gaze,134021658667231970,378,436
gaze,134021658667314021,386,421
gaze,134021658667397930,382,437
gaze,134021658667481474,380,427
gaze,134021658667564510,386,435
gaze,134021658667642222,384,436
gaze,134021658667732726,384,426
gaze,134021658667807893,382,436
gaze,134021658667879789,392,432
LeftMouseUp,134021658667942384
gaze,134021658667961665,384,433
gaze,134021658668075133,384,432
gaze,134021658668147154,378,416
gaze,134021658668233592,383,431
gaze,134021658668313726,382,421
gaze,134021658668399729,380,428
gaze,134021658668482111,381,422
gaze,134021658668559972,377,427
gaze,134021658668629282,383,427
gaze,134021658668714984,381,424
gaze,134021658668816749,381,429
gaze,134021658668891657,393,432
gaze,134021658668984080,388,421
gaze,134021658669064173,383,413
gaze,134021658669149177,379,421
gaze,134021658669231081,381,421
gaze,134021658669316999,386,425
gaze,134021658669399608,450,438
gaze,134021658669484582,500,448
gaze,134021658669564618,510,433
gaze,134021658669644284,514,420
gaze,134021658669732440,515,424
gaze,134021658669808927,518,411
gaze,134021658669879353,516,419
gaze,134021658669962567,514,413
gaze,134021658670066285,507,417
gaze,134021658670147480,514,424
gaze,134021658670233171,518,432
gaze,134021658670314405,513,438
MouseMove,134021658670340739,500,494
gaze,134021658670400071,515,433
MouseMove,134021658670422320,502,494
gaze,134021658670482216,519,427
MouseMove,134021658670500141,505,494
gaze,134021658670561392,515,425
MouseMove,134021658670581244,506,494
gaze,134021658670629064,513,429
MouseMove,134021658670660945,510,494
gaze,134021658670712656,512,418
MouseMove,134021658670741385,513,494
gaze,134021658670796805,523,437
MouseMove,134021658670821073,516,494
gaze,134021658670900622,512,419
MouseMove,134021658670902381,518,494
MouseMove,134021658670980190,520,494
gaze,134021658670981628,515,409
gaze,134021658671066342,513,417
gaze,134021658671148042,514,423
gaze,134021658671232795,515,431
MouseMove,134021658671300956,520,494
gaze,134021658671314382,514,436
gaze,134021658671400421,516,424
gaze,134021658671485769,511,431
gaze,134021658671564384,515,432
gaze,134021658671648461,513,433
gaze,134021658671726535,516,422
gaze,134021658671810512,510,430
gaze,134021658671879791,508,418
gaze,134021658671962736,510,420
gaze,134021658672046052,545,423
gaze,134021658672151128,610,432
gaze,134021658672231478,618,425
gaze,134021658672316614,615,421
gaze,134021658672397672,621,422
gaze,134021658672483932,612,409
gaze,134021658672564922,604,399
gaze,134021658672643927,616,404
MouseMove,134021658672660876,521,494
gaze,134021658672714082,614,405
gaze,134021658672796542,609,405
MouseMove,134021658672820135,521,494
MouseMove,134021658672900549,521,494
gaze,134021658672899803,618,419
gaze,134021658672975752,617,413
MouseMove,134021658672981509,522,495
MouseMove,134021658673060348,523,496
gaze,134021658673067473,611,410
gaze,134021658673147845,613,422
MouseMove,134021658673220804,524,496
gaze,134021658673234020,610,423
MouseMove,134021658673300140,524,496
gaze,134021658673314774,608,404
gaze,134021658673400748,612,405
MouseMove,134021658673460802,525,496
gaze,134021658673481764,610,419
MouseMove,134021658673541126,525,496
gaze,134021658673566749,584,428
gaze,134021658673647806,447,463
MouseMove,134021658673701164,526,496
gaze,134021658673728730,371,479
gaze,134021658673816197,363,508
gaze,134021658673891633,356,492
MouseMove,134021658673941696,527,497
gaze,134021658673963927,364,500
gaze,134021658674045980,360,500
gaze,134021658674130419,358,495
gaze,134021658674234845,358,495
gaze,134021658674314978,366,486
gaze,134021658674400065,366,479
gaze,134021658674481773,357,497
gaze,134021658674565015,360,497
gaze,134021658674641741,360,488
gaze,134021658674714645,364,498
gaze,134021658674801284,365,483
gaze,134021658674879202,365,484
MouseMove,134021658674980795,528,498
gaze,134021658674982829,362,472
gaze,134021658675059568,360,485
gaze,134021658675150421,361,487
gaze,134021658675231791,363,485
gaze,134021658675316989,372,489
MouseMove,134021658675381088,528,499
gaze,134021658675398244,358,471
gaze,134021658675483194,361,486
MouseMove,134021658675540051,528,499
gaze,134021658675564326,363,482
MouseMove,134021658675620838,528,500
gaze,134021658675648456,359,491
MouseMove,134021658675700506,527,501
gaze,134021658675731169,365,484
gaze,134021658675809009,364,488
MouseMove,134021658675861009,527,501
gaze,134021658675899363,362,499
MouseMove,134021658675940280,525,502
gaze,134021658675975064,362,475
MouseMove,134021658676021961,524,502
gaze,134021658676051828,354,478
gaze,134021658676131330,363,491
MouseMove,134021658676181088,523,502
gaze,134021658676234276,360,470
gaze,134021658676314623,361,491
gaze,134021658676399634,368,492
gaze,134021658676481575,365,491
gaze,134021658676567264,365,478
gaze,134021658676647267,366,488
gaze,134021658676728319,360,482
gaze,134021658676796950,360,488
gaze,134021658676878902,356,472
gaze,134021658676983047,368,489
gaze,134021658677059502,359,479
gaze,134021658677149844,358,488
gaze,134021658677231314,360,491
gaze,134021658677317018,362,490
gaze,134021658677403218,358,491
LeftMouseDown,134021658677465668
gaze,134021658677483331,361,487
gaze,134021658677564083,356,497
gaze,134021658677650190,364,495
gaze,134021658677730701,370,493
gaze,134021658677811258,361,495
gaze,134021658677898266,363,491
gaze,134021658677975567,365,496
gaze,134021658678046217,363,492
gaze,134021658678129171,361,493
gaze,134021658678234239,361,493
gaze,134021658678314276,353,498
gaze,134021658678400160,359,487
LeftMouseUp,134021658678423244
gaze,134021658678482174,356,496
gaze,134021658678565851,360,491
gaze,134021658678649290,370,516
gaze,134021658678726711,362,502
gaze,134021658678800078,360,503
gaze,134021658678879435,357,491
gaze,134021658678982797,365,508
gaze,134021658679059469,364,501
gaze,134021658679154912,362,496
gaze,134021658679231426,364,501
gaze,134021658679316188,355,492
gaze,134021658679398128,368,502
gaze,134021658679484680,379,460
gaze,134021658679564468,420,460
gaze,134021658679651079,429,437
gaze,134021658679731945,450,444
gaze,134021658679813016,448,449
gaze,134021658679898437,445,437
gaze,134021658679974922,446,447
gaze,134021658680046691,446,454
gaze,134021658680129147,455,439
gaze,134021658680213025,441,438
gaze,134021658680316752,441,439
gaze,134021658680397824,447,434
gaze,134021658680483411,446,433
gaze,134021658680564263,441,434
gaze,134021658680649473,443,439
gaze,134021658680726043,441,430
gaze,134021658680797967,438,429
gaze,134021658680879138,444,427
gaze,134021658680982943,435,422
gaze,134021658681064473,441,435
gaze,134021658681144887,439,426
gaze,134021658681231662,437,424
gaze,134021658681314462,444,434
gaze,134021658681398364,433,424
gaze,134021658681482043,439,432
gaze,134021658681565128,438,421
gaze,134021658681648120,444,434
gaze,134021658681732289,436,433
gaze,134021658681809741,442,414
gaze,134021658681899369,485,445
gaze,134021658681982581,525,435
gaze,134021658682060008,538,422
gaze,134021658682129275,536,428
gaze,134021658682212039,542,424
gaze,134021658682316920,530,414
gaze,134021658682398387,530,411
gaze,134021658682483169,528,427
gaze,134021658682565439,538,408
gaze,134021658682648939,537,436
gaze,134021658682727515,535,417
gaze,134021658682801282,535,425
gaze,134021658682880521,533,418
gaze,134021658682963014,534,413
gaze,134021658683066471,534,408
gaze,134021658683143665,537,418
gaze,134021658683232195,537,417
gaze,134021658683315511,535,431
gaze,134021658683398224,528,410
gaze,134021658683481902,526,397
gaze,134021658683564828,536,432
gaze,134021658683648191,541,426
gaze,134021658683731417,533,409
gaze,134021658683816171,522,416
gaze,134021658683893360,538,428
gaze,134021658683982331,564,431
gaze,134021658684064026,638,421
gaze,134021658684129779,652,425
gaze,134021658684213557,650,419
gaze,134021658684317887,646,420
gaze,134021658684398617,654,435
gaze,134021658684483676,649,415
gaze,134021658684563425,648,427
gaze,134021658684649873,648,415
gaze,134021658684732257,651,413
gaze,134021658684809259,646,425
gaze,134021658684879750,650,421
gaze,134021658684963174,649,415
gaze,134021658685066895,646,420
gaze,134021658685143084,646,420
gaze,134021658685234767,644,421
gaze,134021658685315425,654,431
gaze,134021658685401130,641,422
gaze,134021658685481918,647,427
gaze,134021658685566218,642,417
gaze,134021658685647865,646,430
gaze,134021658685733165,637,421
gaze,134021658685814647,650,430
gaze,134021658685893730,648,414
gaze,134021658685982464,650,413
gaze,134021658686061686,639,404
gaze,134021658686131390,638,419
gaze,134021658686213466,633,383
gaze,134021658686318483,635,371
gaze,134021658686398262,641,402
gaze,134021658686484165,649,407
gaze,134021658686564288,643,400
gaze,134021658686649461,648,419
gaze,134021658686732108,645,407
gaze,134021658686811675,639,378
gaze,134021658686880133,656,409
gaze,134021658686963973,722,423
gaze,134021658687047168,777,424
gaze,134021658687149893,811,415
gaze,134021658687235213,811,438
gaze,134021658687311351,809,421
gaze,134021658687394973,806,420
gaze,134021658687479011,802,408
gaze,134021658687565114,800,414
gaze,134021658687644311,804,409
gaze,134021658687728412,801,397
gaze,134021658687811176,794,395
gaze,134021658687894884,795,391
gaze,134021658687972368,798,412
gaze,134021658688063742,803,418
gaze,134021658688124993,799,390
gaze,134021658688208292,795,376
gaze,134021658688292002,795,376
gaze,134021658688395113,800,400
gaze,134021658688479265,805,409
gaze,134021658688561486,801,416
gaze,134021658688645099,797,377
gaze,134021658688728297,798,391
gaze,134021658688811975,799,379
gaze,134021658688889147,802,398
gaze,134021658688958447,798,408
gaze,134021658689040984,792,401
gaze,134021658689144689,797,387
gaze,134021658689222346,797,395
gaze,134021658689311108,800,400
gaze,134021658689397118,796,394
gaze,134021658689481694,798,399
gaze,134021658689561039,796,409
gaze,134021658689644511,798,407
gaze,134021658689727541,804,406
gaze,134021658689810952,800,397
gaze,134021658689894510,801,413
gaze,134021658689972979,799,392
gaze,134021658690062472,793,399
gaze,134021658690139026,794,417
gaze,134021658690207610,790,406
gaze,134021658690292457,797,395
gaze,134021658690395119,801,381
gaze,134021658690478389,797,378
gaze,134021658690561334,798,355
gaze,134021658690643961,797,367
gaze,134021658690727856,799,384
gaze,134021658690811865,802,393
gaze,134021658690890007,793,414
gaze,134021658690959157,802,408
gaze,134021658691041096,800,404
gaze,134021658691149305,791,403
gaze,134021658691225231,703,460
gaze,134021658691317572,556,442
gaze,134021658691399296,497,438
gaze,134021658691485088,413,436
gaze,134021658691565159,402,432
gaze,134021658691650481,418,449
gaze,134021658691732196,421,450
gaze,134021658691818434,415,440
gaze,134021658691898668,420,459
gaze,134021658691978869,424,446
gaze,134021658692072398,433,452
gaze,134021658692141968,426,439
gaze,134021658692214356,424,456
gaze,134021658692295993,428,450
gaze,134021658692379289,426,455
gaze,134021658692484098,427,447
gaze,134021658692564266,428,444
gaze,134021658692650411,419,440
gaze,134021658692732186,423,446
gaze,134021658692817947,429,447
gaze,134021658692893328,430,447
gaze,134021658692964848,427,434
gaze,134021658693046446,419,446
gaze,134021658693129261,427,438
gaze,134021658693233193,421,443
gaze,134021658693308489,422,437
gaze,134021658693406143,423,443
gaze,134021658693482151,426,446
gaze,134021658693566498,423,448
gaze,134021658693648434,417,437
gaze,134021658693732971,426,455
gaze,134021658693815537,417,453
gaze,134021658693900459,420,448
gaze,134021658693981590,428,454
MouseMove,134021658694028747,523,503
gaze,134021658694061942,433,461
MouseMove,134021658694100554,523,504
gaze,134021658694148854,430,447
MouseMove,134021658694179943,524,504
gaze,134021658694224890,422,452
MouseMove,134021658694259948,525,505
gaze,134021658694296050,427,444
gaze,134021658694379577,434,456
MouseMove,134021658694420257,526,505
gaze,134021658694484357,422,448
gaze,134021658694564610,419,432
MouseMove,134021658694580918,528,507
gaze,134021658694649947,423,446
gaze,134021658694732875,461,461
gaze,134021658694818156,501,445
gaze,134021658694899779,502,437
gaze,134021658694978950,503,445
gaze,134021658695046586,498,445
gaze,134021658695130633,503,446
gaze,134021658695233970,498,435
gaze,134021658695310034,504,436
gaze,134021658695401499,508,449
gaze,134021658695481931,498,442
gaze,134021658695566488,500,433
gaze,134021658695648039,496,441
gaze,134021658695735154,509,444
gaze,134021658695816311,503,442
gaze,134021658695900929,499,434
gaze,134021658695982051,506,456
gaze,134021658696068216,503,445
gaze,134021658696150425,497,442
gaze,134021658696228029,503,446
gaze,134021658696297321,502,443
gaze,134021658696380321,500,444
gaze,134021658696484327,504,436
gaze,134021658696564925,508,460
gaze,134021658696649916,534,442
gaze,134021658696732364,594,440
gaze,134021658696818413,591,428
gaze,134021658696898867,585,412
gaze,134021658696978988,583,426
gaze,134021658697046427,592,422
gaze,134021658697129863,584,426
gaze,134021658697233907,593,426
gaze,134021658697309234,590,427
gaze,134021658697404139,590,428
gaze,134021658697482648,591,430
gaze,134021658697566702,583,423
gaze,134021658697648530,590,431
gaze,134021658697734371,590,435
gaze,134021658697814674,584,442
gaze,134021658697900476,597,447
MouseMove,134021658697939796,528,507
gaze,134021658697981965,586,442
MouseMove,134021658698020836,528,508
gaze,134021658698062285,583,421
MouseMove,134021658698101518,528,510
gaze,134021658698149737,594,428
MouseMove,134021658698180241,528,511
gaze,134021658698226059,587,440
MouseMove,134021658698259797,528,512
gaze,134021658698297687,586,435
MouseMove,134021658698341875,528,513
gaze,134021658698379753,583,428
MouseMove,134021658698422256,528,514
gaze,134021658698483737,586,448
MouseMove,134021658698500468,528,516
gaze,134021658698565238,586,460
MouseMove,134021658698581829,528,517
gaze,134021658698649777,586,428
MouseMove,134021658698659745,528,520
gaze,134021658698732946,590,436
MouseMove,134021658698740892,528,521
gaze,134021658698815444,583,413
MouseMove,134021658698820497,528,523
gaze,134021658698898791,589,443
MouseMove,134021658698900026,528,526
gaze,134021658698977382,582,447
MouseMove,134021658698980634,528,527
gaze,134021658699046295,587,428
MouseMove,134021658699060213,528,531
gaze,134021658699129706,588,450
MouseMove,134021658699140792,528,534
MouseMove,134021658699221456,529,540
gaze,134021658699233904,592,448
MouseMove,134021658699302724,530,543
gaze,134021658699310367,587,441
MouseMove,134021658699380380,531,547
gaze,134021658699402446,617,418
MouseMove,134021658699459766,531,552
gaze,134021658699483073,668,447
MouseMove,134021658699540230,532,556
gaze,134021658699567304,651,439
MouseMove,134021658699619831,532,561
gaze,134021658699648500,660,453
MouseMove,134021658699699830,533,564
gaze,134021658699733408,653,451
MouseMove,134021658699780566,535,571
gaze,134021658699815230,657,456
MouseMove,134021658699859818,535,575
gaze,134021658699898698,649,451
MouseMove,134021658699939915,536,579
gaze,134021658699982726,653,441
MouseMove,134021658700020448,537,584
gaze,134021658700060034,656,445
MouseMove,134021658700100957,539,591
gaze,134021658700150440,655,453
MouseMove,134021658700181880,541,597
gaze,134021658700226524,651,439
MouseMove,134021658700259650,542,600
gaze,134021658700298944,657,453
MouseMove,134021658700340735,544,605
gaze,134021658700380147,659,458
MouseMove,134021658700420124,545,610
gaze,134021658700483839,654,448
MouseMove,134021658700501281,547,616
gaze,134021658700565368,651,450
MouseMove,134021658700580954,548,622
gaze,134021658700650311,650,448
MouseMove,134021658700660572,549,629
gaze,134021658700735445,645,439
MouseMove,134021658700741213,551,637
gaze,134021658700816850,649,441
MouseMove,134021658700820269,552,645
gaze,134021658700899503,653,456
MouseMove,134021658700900694,554,656
gaze,134021658700977630,652,456
MouseMove,134021658700980354,554,667
gaze,134021658701047221,656,441
MouseMove,134021658701060075,556,676
gaze,134021658701129906,651,448
MouseMove,134021658701140226,557,688
gaze,134021658701213018,662,452
MouseMove,134021658701219980,559,699
MouseMove,134021658701301499,561,710
gaze,134021658701316818,652,437
MouseMove,134021658701381413,561,721
gaze,134021658701399898,652,439
MouseMove,134021658701460525,565,731
gaze,134021658701484741,651,438
MouseMove,134021658701540192,566,741
gaze,134021658701565616,648,447
MouseMove,134021658701621369,567,748
gaze,134021658701650643,656,435
MouseMove,134021658701700326,567,753
gaze,134021658701732887,647,449
MouseMove,134021658701782186,568,760
gaze,134021658701818233,641,442
MouseMove,134021658701860019,569,765
gaze,134021658701899032,651,447
MouseMove,134021658701940624,569,769
gaze,134021658701984328,631,461
MouseMove,134021658702020685,570,773
gaze,134021658702065044,620,456
MouseMove,134021658702100871,570,775
gaze,134021658702146009,627,443
MouseMove,134021658702180619,570,777
gaze,134021658702227057,620,437
MouseMove,134021658702259391,570,779
gaze,134021658702297542,623,453
MouseMove,134021658702340453,570,781
gaze,134021658702380100,624,453
MouseMove,134021658702420778,570,781
gaze,134021658702484401,621,459
MouseMove,134021658702500204,570,782
gaze,134021658702565521,628,454
MouseMove,134021658702581201,570,783
gaze,134021658702651263,629,457
MouseMove,134021658702661146,570,784
gaze,134021658702737054,623,441
gaze,134021658702817550,627,443
MouseMove,134021658702820630,570,784
gaze,134021658702899081,620,441
MouseMove,134021658702900466,570,785
MouseMove,134021658702979633,570,786
gaze,134021658702983717,629,464
gaze,134021658703060203,618,434
MouseMove,134021658703061755,570,787
gaze,134021658703131599,624,449
MouseMove,134021658703140769,570,787
gaze,134021658703213734,623,452
MouseMove,134021658703219913,570,788
gaze,134021658703317483,633,470
MouseMove,134021658703381133,570,789
gaze,134021658703399350,618,455
MouseMove,134021658703460306,570,790
gaze,134021658703485653,627,451
gaze,134021658703565354,626,445
MouseMove,134021658703621040,570,791
gaze,134021658703650619,630,451
gaze,134021658703732882,619,434
MouseMove,134021658703781900,569,791
gaze,134021658703818849,630,439
gaze,134021658703899519,623,446
MouseMove,134021658703940530,569,793
gaze,134021658703984999,625,455
gaze,134021658704067153,619,446
MouseMove,134021658704100856,568,793
gaze,134021658704145658,628,464
MouseMove,134021658704180431,568,794
gaze,134021658704227859,629,438
MouseMove,134021658704259824,567,794
gaze,134021658704297684,626,450
MouseMove,134021658704340474,567,795
gaze,134021658704380486,629,455
MouseMove,134021658704420790,566,796
gaze,134021658704483630,618,449
gaze,134021658704564494,627,446
MouseMove,134021658704579798,566,797
gaze,134021658704651291,623,452
MouseMove,134021658704661753,565,797
gaze,134021658704732405,620,448
MouseMove,134021658704740041,564,799
gaze,134021658704817227,625,439
gaze,134021658704899069,619,444
MouseMove,134021658704901194,564,799
MouseMove,134021658704980360,563,800
gaze,134021658704984577,645,435
MouseMove,134021658705061124,563,801
gaze,134021658705061701,728,467
gaze,134021658705133384,734,444
MouseMove,134021658705140992,563,802
gaze,134021658705214464,733,428
MouseMove,134021658705219979,563,802
gaze,134021658705317360,734,435
MouseMove,134021658705382326,563,803
gaze,134021658705399033,737,442
MouseMove,134021658705461028,563,804
gaze,134021658705484999,736,425
MouseMove,134021658705540488,563,805
gaze,134021658705566089,734,427
MouseMove,134021658705619659,562,806
gaze,134021658705649774,732,434
gaze,134021658705732163,736,426
gaze,134021658705817673,744,446
MouseMove,134021658705861106,562,807
gaze,134021658705899711,730,418
MouseMove,134021658705941049,562,808
gaze,134021658705985730,735,447
gaze,134021658706068379,734,450
MouseMove,134021658706102910,562,808
gaze,134021658706145619,736,447
MouseMove,134021658706180177,562,809
gaze,134021658706228670,734,424
MouseMove,134021658706260064,562,810
gaze,134021658706297986,740,436
MouseMove,134021658706340489,562,811
gaze,134021658706380297,730,429
gaze,134021658706484673,738,453
gaze,134021658706565771,735,431
MouseMove,134021658706580720,562,811
gaze,134021658706651119,736,436
gaze,134021658706734816,737,428
gaze,134021658706818523,741,436
gaze,134021658706899141,737,430
gaze,134021658706984215,738,433
gaze,134021658707060309,735,426
gaze,134021658707133696,737,427
MouseMove,134021658707139910,562,812
gaze,134021658707213492,731,443
gaze,134021658707317522,737,451
gaze,134021658707399706,735,437
gaze,134021658707483433,740,458
gaze,134021658707566105,737,443
gaze,134021658707649504,740,453
gaze,134021658707733029,743,452
gaze,134021658707816575,745,454
gaze,134021658707900265,737,436
gaze,134021658707983193,736,438
gaze,134021658708068099,734,445
gaze,134021658708144586,734,434
gaze,134021658708228675,738,430
gaze,134021658708298075,734,433
gaze,134021658708380502,736,440
gaze,134021658708464226,771,422
gaze,134021658708567866,822,430
gaze,134021658708648986,835,426
gaze,134021658708735458,834,426
gaze,134021658708815884,827,445
gaze,134021658708901133,838,434
gaze,134021658708983088,839,430
gaze,134021658709062828,828,426
gaze,134021658709130511,836,448
gaze,134021658709209275,840,432
gaze,134021658709314083,826,437
gaze,134021658709394838,840,450
gaze,134021658709485326,833,446
gaze,134021658709561988,839,446
gaze,134021658709645948,839,448
gaze,134021658709730700,835,446
gaze,134021658709812569,834,409
gaze,134021658709895766,832,434
gaze,134021658709978636,829,437
gaze,134021658710062393,832,439
gaze,134021658710140488,831,449
gaze,134021658710229166,826,427
gaze,134021658710308065,833,430
gaze,134021658710376559,832,440
gaze,134021658710465465,833,435
gaze,134021658710562223,830,426
gaze,134021658710645659,832,434
gaze,134021658710729552,832,433
gaze,134021658710814670,830,441
gaze,134021658710895850,832,421
gaze,134021658710978979,834,444
gaze,134021658711056666,833,435
gaze,134021658711126180,834,438
gaze,134021658711208955,828,430
gaze,134021658711292605,834,443
gaze,134021658711395975,832,433
gaze,134021658711479637,834,431
gaze,134021658711563073,838,443
gaze,134021658711650702,828,439
gaze,134021658711732434,832,441
gaze,134021658711813551,819,420
gaze,134021658711901069,760,449
gaze,134021658711983571,692,446
gaze,134021658712066040,665,442
gaze,134021658712149493,657,441
gaze,134021658712227344,657,450
gaze,134021658712313160,648,413
gaze,134021658712380235,653,413
gaze,134021658712464449,654,412
gaze,134021658712547714,657,417
gaze,134021658712650836,646,404
gaze,134021658712734359,649,410
gaze,134021658712816678,656,420
gaze,134021658712899358,657,423
gaze,134021658712982497,653,406
gaze,134021658713066465,666,418
gaze,134021658713143584,661,414
gaze,134021658713213280,653,428
gaze,134021658713296897,661,435
gaze,134021658713382416,660,433
gaze,134021658713482662,660,423
gaze,134021658713566325,665,425
gaze,134021658713648951,659,424
gaze,134021658713732836,656,440
gaze,134021658713816251,664,429
gaze,134021658713899840,660,426
gaze,134021658713983154,663,416
gaze,134021658714065934,659,404
gaze,134021658714148954,662,433
gaze,134021658714232759,659,420
gaze,134021658714327562,652,413
gaze,134021658714395161,656,429
gaze,134021658714464053,655,441
gaze,134021658714546709,656,428
gaze,134021658714650464,662,431
gaze,134021658714734805,655,426
gaze,134021658714817369,656,420
gaze,134021658714899725,661,427
gaze,134021658714983128,653,424
gaze,134021658715065936,664,422
gaze,134021658715149305,663,433
gaze,134021658715227132,671,444
gaze,134021658715297886,654,423
gaze,134021658715380865,656,447
gaze,134021658715484187,657,396
gaze,134021658715565413,654,426
gaze,134021658715652224,661,447
gaze,134021658715732792,657,444
gaze,134021658715817999,663,443
gaze,134021658715899303,664,455
gaze,134021658715984098,663,440
gaze,134021658716071430,659,437
gaze,134021658716150754,661,430
gaze,134021658716234092,659,445
gaze,134021658716309975,663,425
gaze,134021658716397635,657,457
gaze,134021658716464435,663,452
MouseWheel,134021658716500822,-120
gaze,134021658716547075,661,444
gaze,134021658716650602,659,430
gaze,134021658716732718,657,446
gaze,134021658716817611,667,461
gaze,134021658716899741,664,449
gaze,134021658716982949,660,443
gaze,134021658717065884,657,444
gaze,134021658717149699,661,448
gaze,134021658717227155,663,446
gaze,134021658717298849,665,435
gaze,134021658717384000,661,453
gaze,134021658717484684,663,432
gaze,134021658717566547,656,435
gaze,134021658717649717,653,423
gaze,134021658717735551,657,446
gaze,134021658717816580,666,455
gaze,134021658717899903,666,439
gaze,134021658717982836,663,458
gaze,134021658718065893,663,453
gaze,134021658718149609,665,447
gaze,134021658718234380,662,439
gaze,134021658718311836,659,445
gaze,134021658718395567,655,421
gaze,134021658718464162,657,436
gaze,134021658718548980,656,418
gaze,134021658718630705,654,419
gaze,134021658718737852,655,419
gaze,134021658718817116,657,429
gaze,134021658718901090,661,414
gaze,134021658718983211,617,441
gaze,134021658719068370,611,447
gaze,134021658719149394,616,448
gaze,134021658719230211,614,436
gaze,134021658719299687,614,429
gaze,134021658719380741,611,434
gaze,134021658719464595,616,437
gaze,134021658719566242,608,430
gaze,134021658719650127,612,438
gaze,134021658719733444,609,426
gaze,134021658719817492,613,418
gaze,134021658719900160,619,457
gaze,134021658719983538,615,433
gaze,134021658720067429,607,414
gaze,134021658720153553,621,457
gaze,134021658720235325,619,455
gaze,134021658720316436,617,458
gaze,134021658720394338,613,449
gaze,134021658720480151,619,454
gaze,134021658720550317,609,448
gaze,134021658720630357,626,438
gaze,134021658720735137,613,437
gaze,134021658720816714,615,422
gaze,134021658720901791,607,430
gaze,134021658720983624,614,422
gaze,134021658721068302,617,449
gaze,134021658721150089,614,448
gaze,134021658721233962,624,446
gaze,134021658721311481,616,437
gaze,134021658721381221,611,449
gaze,134021658721470642,619,440
gaze,134021658721568169,610,454
gaze,134021658721649912,611,458
gaze,134021658721733205,611,444
gaze,134021658721816733,616,446
gaze,134021658721899592,618,450
gaze,134021658721982820,643,460
gaze,134021658722067299,707,440
gaze,134021658722149859,725,448
gaze,134021658722233363,719,457
gaze,134021658722317143,728,447
gaze,134021658722394505,730,446
gaze,134021658722479533,724,430
gaze,134021658722547628,728,450
gaze,134021658722631186,723,433
gaze,134021658722736226,729,458
gaze,134021658722818311,727,467
gaze,134021658722901451,728,454
gaze,134021658722982557,730,442
gaze,134021658723068711,719,443
gaze,134021658723149365,721,443
gaze,134021658723233288,719,433
gaze,134021658723310944,723,443
gaze,134021658723381322,723,445
gaze,134021658723464561,718,428
gaze,134021658723567507,726,444
gaze,134021658723650135,725,446
gaze,134021658723733371,650,452
gaze,134021658723818002,491,566
gaze,134021658723901497,348,613
MouseMove,134021658723939890,561,812
gaze,134021658723984995,245,699
gaze,134021658724070058,169,750
gaze,134021658724151251,190,802
gaze,134021658724234261,195,816
MouseMove,134021658724260759,560,812
gaze,134021658724323168,195,823
MouseMove,134021658724340809,560,812
gaze,134021658724396987,200,821
MouseMove,134021658724420594,559,812
gaze,134021658724480840,202,822
MouseMove,134021658724500675,558,811
gaze,134021658724548373,206,811
gaze,134021658724632465,212,814
gaze,134021658724737184,212,817
gaze,134021658724817838,206,814
gaze,134021658724903431,209,817
gaze,134021658724983477,203,812
gaze,134021658725069224,198,807
gaze,134021658725151152,204,811
gaze,134021658725237862,208,808
MouseMove,134021658725300595,557,811
gaze,134021658725312602,206,816
gaze,134021658725384415,207,813
gaze,134021658725465426,203,812
MouseMove,134021658725541291,556,811
gaze,134021658725568623,213,810
MouseMove,134021658725621366,556,810
gaze,134021658725651395,210,816
gaze,134021658725736292,208,814
gaze,134021658725817494,205,819
gaze,134021658725902103,215,806
gaze,134021658725983866,218,810
gaze,134021658726072459,204,808
gaze,134021658726150853,215,819
gaze,134021658726235644,211,821
gaze,134021658726317551,214,813
MouseMove,134021658726339891,555,810
gaze,134021658726398043,212,811
gaze,134021658726480768,215,823
gaze,134021658726547978,213,812
gaze,134021658726631789,212,809
gaze,134021658726715680,212,811
gaze,134021658726819842,211,815
gaze,134021658726900397,216,814
gaze,134021658726985992,222,823
gaze,134021658727068090,211,814
gaze,134021658727152669,212,817
gaze,134021658727233808,212,816
MouseWheel,134021658727300879,120
gaze,134021658727315028,216,817
gaze,134021658727381548,214,809
gaze,134021658727465298,212,816
gaze,134021658727547809,212,813
gaze,134021658727652199,205,817
gaze,134021658727734054,210,812
gaze,134021658727818908,201,808
gaze,134021658727900264,211,811
gaze,134021658727986127,207,810
gaze,134021658728068527,209,810
gaze,134021658728154200,213,813
gaze,134021658728233983,212,815
gaze,134021658728320202,207,817
gaze,134021658728401689,213,821
gaze,134021658728480996,210,819
gaze,134021658728562281,210,818
gaze,134021658728631322,205,814
gaze,134021658728715058,198,814
gaze,134021658728819389,216,818
gaze,134021658728900660,207,819
gaze,134021658728989544,204,821
gaze,134021658729066833,205,809
gaze,134021658729152805,211,823
gaze,134021658729233708,214,825
gaze,134021658729320212,199,822
gaze,134021658729395950,205,822
gaze,134021658729470059,221,817
gaze,134021658729548277,222,822
gaze,134021658729652300,210,823
gaze,134021658729734221,211,816
gaze,134021658729818975,204,817
gaze,134021658729900212,218,819
gaze,134021658729986451,244,826
gaze,134021658730067798,243,826
gaze,134021658730152806,250,826
gaze,134021658730234941,245,828
gaze,134021658730318298,244,829
gaze,134021658730400986,250,819
gaze,134021658730479203,249,832
gaze,134021658730563482,244,827
gaze,134021658730632531,248,829
gaze,134021658730716848,249,829
gaze,134021658730800342,245,826
gaze,134021658730902284,242,828
gaze,134021658730983471,245,831
gaze,134021658731069761,250,829
gaze,134021658731149730,247,831
gaze,134021658731236381,255,833
gaze,134021658731321352,250,822
gaze,134021658731397527,245,831
gaze,134021658731465503,241,825
gaze,134021658731548954,248,832
gaze,134021658731633004,241,825
gaze,134021658731735352,274,827
gaze,134021658731818085,337,799
gaze,134021658731900972,356,784
gaze,134021658731984078,358,772
gaze,134021658732068195,356,769
gaze,134021658732150679,359,768
gaze,134021658732233755,359,773
gaze,134021658732318045,359,771
gaze,134021658732400764,359,771
gaze,134021658732485325,366,774
gaze,134021658732562838,364,778
gaze,134021658732646217,362,771
gaze,134021658732715901,369,774
gaze,134021658732799667,360,765
gaze,134021658732903580,360,794
MouseMove,134021658733619753,555,809
MouseMove,134021658733700312,555,808
MouseMove,134021658733779997,555,807
MouseMove,134021658733860124,555,806
gaze,134021658734068969,490,849
MouseMove,134021658734100919,554,806
gaze,134021658734140970,402,539
gaze,134021658734226222,400,464
gaze,134021658734318459,408,517
gaze,134021658734399653,397,480
gaze,134021658734485278,398,443
gaze,134021658734561302,394,419
gaze,134021658734648208,397,407
MouseMove,134021658734660688,554,805
gaze,134021658734716763,387,417
gaze,134021658734799736,402,443
MouseMove,134021658734823037,554,804
MouseMove,134021658734902198,554,803
gaze,134021658734901855,401,449
MouseMove,134021658734980640,554,802
gaze,134021658734982871,398,465
MouseMove,134021658735061377,554,799
gaze,134021658735069258,401,474
MouseMove,134021658735141626,554,797
gaze,134021658735149984,400,479
MouseMove,134021658735219533,555,795
gaze,134021658735236012,397,469
MouseMove,134021658735299856,557,792
gaze,134021658735316390,395,470
MouseMove,134021658735381155,557,790
gaze,134021658735401882,400,477
MouseMove,134021658735460603,560,785
gaze,134021658735479282,392,479
MouseMove,134021658735540182,561,782
gaze,134021658735547126,392,481
MouseMove,134021658735619904,564,774
gaze,134021658735630880,400,487
MouseMove,134021658735706300,566,767
gaze,134021658735709508,403,483
MouseMove,134021658735779883,569,759
gaze,134021658735818898,393,479
MouseMove,134021658735860308,571,751
gaze,134021658735899818,400,484
MouseMove,134021658735940804,572,740
gaze,134021658735986652,398,478
MouseMove,134021658736020609,574,729
gaze,134021658736070227,399,486
MouseMove,134021658736100539,576,720
gaze,134021658736151919,400,485
MouseMove,134021658736180958,578,708
gaze,134021658736235162,397,479
MouseMove,134021658736259825,579,697
gaze,134021658736317550,394,482
MouseMove,134021658736340471,581,689
gaze,134021658736400150,400,479
MouseMove,134021658736421776,582,679
gaze,134021658736484626,393,488
MouseMove,134021658736499682,582,672
gaze,134021658736566645,397,483
MouseMove,134021658736580403,583,667
gaze,134021658736639539,405,482
MouseMove,134021658736660209,585,661
gaze,134021658736716172,408,481
MouseMove,134021658736741195,586,655
gaze,134021658736799022,500,472
MouseMove,134021658736821341,586,650
gaze,134021658736882167,649,470
MouseMove,134021658736899901,587,646
MouseMove,134021658736980155,588,640
gaze,134021658736985572,733,439
MouseMove,134021658737061752,589,635
gaze,134021658737067651,839,428
MouseMove,134021658737140223,591,632
gaze,134021658737152643,878,449
MouseMove,134021658737221619,592,627
gaze,134021658737234431,868,460
MouseMove,134021658737299888,594,624
gaze,134021658737318528,865,456
MouseMove,134021658737383057,597,618
gaze,134021658737401262,854,442
MouseMove,134021658737460980,602,616
gaze,134021658737489166,865,436
MouseMove,134021658737539968,607,612
gaze,134021658737562514,858,428
MouseMove,134021658737620514,613,607
gaze,134021658737632352,857,441
MouseMove,134021658737700884,620,602
gaze,134021658737715033,854,448
MouseMove,134021658737780876,628,600
gaze,134021658737818547,852,440
MouseMove,134021658737860016,636,596
gaze,134021658737899984,851,442
MouseMove,134021658737940357,645,593
gaze,134021658737986350,851,415
MouseMove,134021658738025393,654,590
gaze,134021658738068288,859,420
MouseMove,134021658738101204,661,587
gaze,134021658738152320,852,429
MouseMove,134021658738181177,666,586
gaze,134021658738233735,849,449
MouseMove,134021658738262679,672,584
gaze,134021658738318784,847,441
MouseMove,134021658738339885,674,583
gaze,134021658738400164,864,457
MouseMove,134021658738421227,677,582
gaze,134021658738486283,853,443
MouseMove,134021658738500165,678,582
gaze,134021658738566385,848,438
gaze,134021658738648762,851,459
gaze,134021658738732000,853,456
MouseMove,134021658738741109,679,582
gaze,134021658738799391,849,435
gaze,134021658738881426,850,441
gaze,134021658738966469,847,435
MouseMove,134021658738981017,679,582
MouseMove,134021658739060094,679,593
gaze,134021658739068423,847,443
MouseMove,134021658739141327,679,609
gaze,134021658739149994,850,442
MouseMove,134021658739221142,679,631
gaze,134021658739235744,857,441
MouseMove,134021658739299940,679,655
gaze,134021658739316822,851,453
MouseMove,134021658739380632,673,687
gaze,134021658739403208,856,456
MouseMove,134021658739462641,662,722
gaze,134021658739484845,854,452
MouseMove,134021658739540333,650,756
gaze,134021658739564336,846,458
MouseMove,134021658739620603,639,781
gaze,134021658739631599,860,448
MouseMove,134021658739700611,626,807
gaze,134021658739714733,850,447
MouseMove,134021658739779976,619,820
gaze,134021658739797607,854,447
MouseMove,134021658739860563,613,832
gaze,134021658739900122,851,425
MouseMove,134021658739939814,608,840
gaze,134021658739984042,853,444
MouseMove,134021658740020816,602,849
gaze,134021658740070488,853,456
MouseMove,134021658740102752,598,856
gaze,134021658740150945,851,466
MouseMove,134021658740180654,596,860
gaze,134021658740233845,852,444
MouseMove,134021658740260626,596,864
gaze,134021658740317804,848,432
MouseMove,134021658740340742,593,868
gaze,134021658740401012,855,422
MouseMove,134021658740421335,592,871
gaze,134021658740484448,850,398
MouseMove,134021658740501678,592,872
gaze,134021658740567673,792,482
MouseMove,134021658740580391,591,874
gaze,134021658740651170,601,586
MouseMove,134021658740660839,590,874
gaze,134021658740728864,410,651
gaze,134021658740814642,266,736
MouseMove,134021658740820182,590,875
gaze,134021658740882323,180,817
gaze,134021658740965454,190,847
MouseMove,134021658740980648,590,876
MouseMove,134021658741060024,590,876
gaze,134021658741069187,205,863
gaze,134021658741150925,215,856
gaze,134021658741236028,220,851
gaze,134021658741318414,222,849
gaze,134021658741401071,222,853
MouseMove,134021658741460560,590,877
gaze,134021658741484716,224,850
gaze,134021658741568472,234,847
MouseMove,134021658741621224,590,877
gaze,134021658741646132,228,860
gaze,134021658741716924,230,847
gaze,134021658741799916,222,847
gaze,134021658741901272,233,847
gaze,134021658741984190,228,848
gaze,134021658742067836,227,846
gaze,134021658742151163,232,845
gaze,134021658742236419,214,837
gaze,134021658742318300,224,836
gaze,134021658742401269,227,841
MouseMove,134021658742421522,590,878
gaze,134021658742485191,224,846
gaze,134021658742567708,232,842
gaze,134021658742651659,232,849
gaze,134021658742733671,219,837
MouseWheel,134021658742741585,120
gaze,134021658742813650,217,839
MouseMove,134021658742820311,590,878
gaze,134021658742881792,220,840
gaze,134021658742965172,226,835
gaze,134021658743049673,235,840
gaze,134021658743152984,241,844
gaze,134021658743233285,295,825
MouseWheel,134021658743300985,120
gaze,134021658743320052,324,809
gaze,134021658743401111,328,807
gaze,134021658743487163,323,803
gaze,134021658743572875,325,806
gaze,134021658743647874,317,811
gaze,134021658743716063,312,799
gaze,134021658743799452,323,811
gaze,134021658743902343,330,811
gaze,134021658743978913,326,812
gaze,134021658744076636,328,808
gaze,134021658744150791,328,808
gaze,134021658744236628,332,814
gaze,134021658744317264,331,809
gaze,134021658744403484,322,804
gaze,134021658744484758,323,817
gaze,134021658744569538,327,811
gaze,134021658744651618,325,810
gaze,134021658744731210,318,807
gaze,134021658744818797,331,814
gaze,134021658744895125,335,809
gaze,134021658744967970,329,812
gaze,134021658745048993,332,816
gaze,134021658745153173,329,812
gaze,134021658745233558,330,813
gaze,134021658745320102,326,813
gaze,134021658745401454,336,812
gaze,134021658745487006,329,808
gaze,134021658745566394,327,817
gaze,134021658745648230,324,809
gaze,134021658745715795,327,818
gaze,134021658745798934,331,807
gaze,134021658745902948,332,811
gaze,134021658745978253,307,814
gaze,134021658746073234,253,789
gaze,134021658746151342,265,792
gaze,134021658746235850,261,795
gaze,134021658746318212,262,793
gaze,134021658746402804,266,799
gaze,134021658746485028,256,796
gaze,134021658746569589,255,789
gaze,134021658746650661,250,787
gaze,134021658746733316,258,785
gaze,134021658746823379,257,790
gaze,134021658746896096,255,794
gaze,134021658746968355,268,799
MouseWheel,134021658746980849,120
gaze,134021658747052884,264,795
gaze,134021658747156560,254,795
gaze,134021658747235261,264,796
gaze,134021658747318957,268,796
gaze,134021658747401748,264,793
gaze,134021658747485514,270,804
gaze,134021658747567844,265,796
gaze,134021658747645418,266,799
gaze,134021658747716415,267,795
gaze,134021658747799242,270,797
gaze,134021658747882471,259,795
gaze,134021658747984765,271,792
gaze,134021658748068600,276,799
gaze,134021658748151450,265,798
gaze,134021658748235691,263,797
gaze,134021658748319329,264,801
gaze,134021658748401600,267,803
gaze,134021658748485058,266,795
gaze,134021658748567553,264,792
gaze,134021658748651429,254,790
gaze,134021658748735716,255,796
gaze,134021658748812744,262,789
gaze,134021658748897466,260,793
gaze,134021658748967331,256,798
gaze,134021658749049260,252,798
gaze,134021658749153231,250,789
gaze,134021658749233990,262,787
gaze,134021658749319781,255,794
gaze,134021658749400909,259,798
gaze,134021658749487526,261,792
gaze,134021658749567918,269,794
gaze,134021658749652543,253,804
MouseWheel,134021658749701598,120
gaze,134021658749729329,266,823
gaze,134021658749802930,263,824
gaze,134021658749884878,256,824
gaze,134021658749984682,260,829
gaze,134021658750073049,264,829
gaze,134021658750151209,253,823
gaze,134021658750234323,260,831
gaze,134021658750318879,253,833
gaze,134021658750401295,254,823
gaze,134021658750484884,251,830
gaze,134021658750567580,253,824
gaze,134021658750651707,264,827
gaze,134021658750735183,266,830
gaze,134021658750813537,264,825
gaze,134021658750897422,264,825
gaze,134021658750965233,248,820
gaze,134021658751049121,259,831
gaze,134021658751154239,261,834
gaze,134021658751234799,252,825
gaze,134021658751321512,259,829
gaze,134021658751401505,249,823
gaze,134021658751488689,259,829
gaze,134021658751568578,262,831
gaze,134021658751653531,258,828
gaze,134021658751730032,263,834
gaze,134021658751800617,254,830
gaze,134021658751882748,258,830
gaze,134021658751985721,259,825
gaze,134021658752067822,260,827
gaze,134021658752153449,259,828
gaze,134021658752233933,254,830
gaze,134021658752320407,251,827
gaze,134021658752401588,252,830
gaze,134021658752487820,256,832
gaze,134021658752567473,260,823
gaze,134021658752653103,257,830
gaze,134021658752737313,260,832
gaze,134021658752813219,255,818
MouseWheel,134021658752821481,-120
gaze,134021658752897280,256,831
gaze,134021658752966446,257,825
gaze,134021658753049129,252,824
gaze,134021658753153806,242,829
gaze,134021658753233999,253,823
gaze,134021658753320623,253,834
gaze,134021658753402311,253,830
gaze,134021658753488500,251,825
gaze,134021658753568865,257,825
MouseMove,134021658753621493,590,878
MouseWheel,134021658753626277,-120
gaze,134021658753654381,243,829
gaze,134021658753730918,247,824
gaze,134021658753802329,247,827
gaze,134021658753883276,255,828
gaze,134021658753988670,244,829
gaze,134021658754069591,250,826
gaze,134021658754159504,240,824
gaze,134021658754236235,254,824
gaze,134021658754319331,242,822
gaze,134021658754401672,250,821
gaze,134021658754485521,245,824
gaze,134021658754568668,253,819
gaze,134021658754652500,245,821
gaze,134021658754735630,250,830
gaze,134021658754814345,247,826
gaze,134021658754898510,252,827
gaze,134021658754966404,256,829
gaze,134021658755049919,248,818
gaze,134021658755132623,251,823
gaze,134021658755236785,255,827
gaze,134021658755318075,250,818
gaze,134021658755403142,259,835
gaze,134021658755484839,259,829
gaze,134021658755568919,256,831
gaze,134021658755651460,257,828
gaze,134021658755729813,250,821
MouseMove,134021658755781000,591,878
gaze,134021658755799963,251,825
gaze,134021658755882465,249,825
MouseMove,134021658755940075,591,878
gaze,134021658755965235,253,831
gaze,134021658756071312,258,833
gaze,134021658756151092,260,833
gaze,134021658756235706,252,830
gaze,134021658756319373,281,809
gaze,134021658756402576,329,757
gaze,134021658756485697,398,665
gaze,134021658756567942,454,625
gaze,134021658756653011,476,497
MouseMove,134021658756660875,591,877
gaze,134021658756735435,495,449
gaze,134021658756819783,485,451
gaze,134021658756895401,500,489
gaze,134021658756983194,486,483
gaze,134021658757049321,480,482
gaze,134021658757135337,482,487
gaze,134021658757216017,482,501
gaze,134021658757319428,476,493
gaze,134021658757400942,480,491
gaze,134021658757487556,485,505
gaze,134021658757567268,479,489
gaze,134021658757652067,484,496
gaze,134021658757734563,480,490
gaze,134021658757812998,483,494
gaze,134021658757881840,488,501
gaze,134021658757964734,486,492
gaze,134021658758068876,484,495
MouseWheel,134021658758102051,120
gaze,134021658758145996,482,491
gaze,134021658758237242,485,484
gaze,134021658758319137,476,494
gaze,134021658758403596,487,505
gaze,134021658758484786,482,499
gaze,134021658758569768,482,491
gaze,134021658758650812,489,496
gaze,134021658758735993,481,502
gaze,134021658758818102,426,512
gaze,134021658758898216,351,517
gaze,134021658758985408,362,514
gaze,134021658759061415,361,522
gaze,134021658759133258,365,527
gaze,134021658759215070,371,528
gaze,134021658759319082,361,519
MouseMove,134021658759381187,591,876
gaze,134021658759402515,365,526
gaze,134021658759487073,366,512
MouseMove,134021658759540396,591,875
gaze,134021658759567562,358,516
MouseMove,134021658759620625,591,875
gaze,134021658759651218,353,510
gaze,134021658759734470,355,516
MouseMove,134021658759782123,591,874
gaze,134021658759811636,355,533
MouseMove,134021658759860885,591,872
gaze,134021658759881519,358,509
MouseMove,134021658759939668,591,872
gaze,134021658759965757,355,508
MouseMove,134021658760020630,590,870
gaze,134021658760069573,362,514
MouseMove,134021658760100065,590,868
gaze,134021658760144432,354,513
MouseMove,134021658760181044,590,866
gaze,134021658760236837,358,513
MouseMove,134021658760260322,590,864
gaze,134021658760317924,361,518
MouseMove,134021658760340990,590,860
gaze,134021658760402801,365,511
MouseMove,134021658760420803,590,852
gaze,134021658760484656,354,510
MouseMove,134021658760501328,590,843
gaze,134021658760568895,367,514
MouseMove,134021658760580913,592,831
gaze,134021658760650574,364,511
MouseMove,134021658760659698,599,813
gaze,134021658760736180,365,518
MouseMove,134021658760739783,602,797
gaze,134021658760817600,368,514
MouseMove,134021658760820584,607,775
gaze,134021658760897328,366,523
MouseMove,134021658760899590,609,758
MouseMove,134021658760980700,610,738
gaze,134021658760984588,362,518
MouseMove,134021658761061149,610,721
gaze,134021658761061713,367,525
gaze,134021658761133165,363,513
MouseMove,134021658761140857,610,702
gaze,134021658761216252,366,514
MouseMove,134021658761220849,610,687
gaze,134021658761298801,368,506
MouseMove,134021658761299719,610,671
MouseMove,134021658761380530,610,657
gaze,134021658761402573,356,502
MouseMove,134021658761461541,610,641
gaze,134021658761483816,366,522
MouseMove,134021658761540545,609,625
gaze,134021658761569084,369,518
MouseMove,134021658761623782,608,608
gaze,134021658761652131,363,520
MouseMove,134021658761702923,601,588
gaze,134021658761734427,366,515
MouseMove,134021658761780985,596,574
gaze,134021658761812041,363,510
MouseMove,134021658761860237,594,565
gaze,134021658761882386,364,518
MouseMove,134021658761939912,591,554
gaze,134021658761965866,370,508
MouseMove,134021658762020680,589,548
gaze,134021658762049383,363,519
MouseMove,134021658762101059,588,544
gaze,134021658762152807,369,523
MouseMove,134021658762180722,585,539
gaze,134021658762228077,368,524
MouseMove,134021658762260846,584,537
gaze,134021658762322883,364,515
MouseMove,134021658762341231,583,535
gaze,134021658762401502,363,515
MouseMove,134021658762421339,582,535
gaze,134021658762486456,360,506
MouseMove,134021658762502494,582,534
gaze,134021658762567919,356,514
gaze,134021658762654098,371,519
gaze,134021658762734029,367,521
gaze,134021658762819121,365,505
gaze,134021658762900952,363,525
gaze,134021658762979531,368,518
MouseMove,134021658763060802,581,534
gaze,134021658763069322,362,507
MouseMove,134021658763140441,579,533
gaze,134021658763145378,364,522
gaze,134021658763216916,402,509
MouseMove,134021658763220379,579,532
gaze,134021658763299273,487,509
MouseMove,134021658763300784,578,532
MouseMove,134021658763380257,576,532
gaze,134021658763407993,535,493
gaze,134021658763486722,537,482
MouseMove,134021658763540909,575,531
gaze,134021658763567665,535,475
gaze,134021658763652917,533,477
MouseMove,134021658763702762,574,530
gaze,134021658763734432,532,484
gaze,134021658763820686,535,487
gaze,134021658763894857,536,483
gaze,134021658763968765,528,481
gaze,134021658764049864,536,499
gaze,134021658764153230,528,478
gaze,134021658764228417,536,475
gaze,134021658764319906,533,479
gaze,134021658764401735,536,470
gaze,134021658764486914,537,485
gaze,134021658764567951,527,483
MouseMove,134021658764580100,574,530
gaze,134021658764653704,530,483
gaze,134021658764736695,534,490
gaze,134021658764822753,526,481
gaze,134021658764901362,527,480
gaze,134021658764982522,529,492
gaze,134021658765069216,531,474
gaze,134021658765146553,531,489
gaze,134021658765216037,537,486
gaze,134021658765299894,534,490
MouseMove,134021658765381346,573,529
gaze,134021658765402879,531,488
gaze,134021658765485181,535,469
gaze,134021658765569080,545,466
gaze,134021658765642576,550,645
KeyDown,134021658769381156,160
gaze,134021658770643618,1238,-464
gaze,134021658771728064,653,-487
KeyDown,134021658772022242,80
KeyUp,134021658772820556,80
KeyUp,134021658772900720,160
KeyDown,134021658773700870,79
KeyUp,134021658774500877,79
gaze,134021658775304927,101,827
gaze,134021658775385502,546,775
gaze,134021658775472199,338,665
gaze,134021658775571576,363,604
gaze,134021658775651880,377,538
gaze,134021658775737409,372,497
gaze,134021658775818524,363,477
gaze,134021658775904227,373,484
gaze,134021658775979562,369,467
gaze,134021658776051862,366,460
gaze,134021658776136837,366,451
gaze,134021658776236528,373,472
gaze,134021658776319146,377,467
gaze,134021658776397709,372,468
gaze,134021658776487452,379,482
gaze,134021658776568791,380,492
gaze,134021658776654196,377,484
gaze,134021658776735700,366,482
gaze,134021658776821974,366,481
gaze,134021658776902152,369,490
gaze,134021658776988000,378,489
gaze,134021658777063215,372,494
gaze,134021658777155071,370,496
gaze,134021658777235047,387,498
gaze,134021658777316191,373,489
gaze,134021658777382788,369,496
gaze,134021658777469578,381,502
gaze,134021658777570409,375,508
gaze,134021658777651499,376,512
gaze,134021658777737267,375,507
gaze,134021658777819467,377,515
gaze,134021658777902204,377,514
gaze,134021658777981160,380,512
gaze,134021658778053741,372,504
gaze,134021658778138744,382,508
gaze,134021658778237799,376,505
gaze,134021658778318787,377,503
gaze,134021658778400005,372,504
gaze,134021658778488043,375,514
gaze,134021658778568756,378,511
gaze,134021658778653667,377,504
gaze,134021658778735374,375,511
gaze,134021658778821305,376,498
gaze,134021658778902736,383,504
gaze,134021658778987693,374,505
gaze,134021658779064093,370,498
gaze,134021658779154814,374,508
gaze,134021658779235897,379,519
gaze,134021658779315404,377,511
gaze,134021658779386375,365,505
gaze,134021658779467156,377,506
gaze,134021658779570401,373,506
gaze,134021658779651731,372,510
gaze,134021658779738331,366,533
gaze,134021658779819303,315,626
gaze,134021658779904890,275,697
gaze,134021658779981370,242,766
gaze,134021658780053177,259,819
gaze,134021658780134504,249,830
gaze,134021658780238773,260,834
gaze,134021658780320651,263,832
gaze,134021658780401511,263,839
gaze,134021658780487911,270,832
gaze,134021658780568666,271,832
gaze,134021658780655185,259,827
gaze,134021658780739241,263,830
gaze,134021658780823977,269,828
gaze,134021658780902475,264,829
gaze,134021658780988375,261,821
gaze,134021658781064179,269,833
gaze,134021658781155953,271,828
gaze,134021658781236037,269,831
gaze,134021658781317081,274,834
gaze,134021658781384343,270,824
gaze,134021658781468678,271,820
gaze,134021658781572216,274,830
gaze,134021658781652981,261,829
gaze,134021658781738479,264,831
gaze,134021658781820583,268,826
gaze,134021658781902433,276,828
gaze,134021658781983813,277,829
gaze,134021658782051591,266,835
gaze,134021658782134375,270,836
gaze,134021658782238232,276,833
gaze,134021658782319709,268,825
KeyDown,134021658782340737,84
gaze,134021658782399293,260,827
gaze,134021658782488664,269,836
gaze,134021658782570491,261,835
gaze,134021658782654107,266,836
gaze,134021658782735961,260,828
gaze,134021658782821762,254,829
gaze,134021658782901839,297,800
gaze,134021658782988827,371,699
gaze,134021658783064274,391,605
gaze,134021658783155016,414,512
gaze,134021658783236595,405,503
KeyDown,134021658783301480,69
gaze,134021658783315024,417,522
gaze,134021658783383720,418,526
gaze,134021658783467628,414,512
KeyUp,134021658783541279,84
gaze,134021658783550044,412,510
gaze,134021658783654932,404,508
gaze,134021658783735581,402,524
gaze,134021658783837989,405,518
gaze,134021658783902797,406,532
KeyDown,134021658783940054,78
gaze,134021658783985522,403,522
gaze,134021658784049492,411,537
gaze,134021658784133284,407,527
KeyUp,134021658784180564,69
gaze,134021658784216443,403,523
gaze,134021658784319895,411,527
gaze,134021658784402928,413,537
gaze,134021658784480717,415,541
gaze,134021658784570403,417,545
gaze,134021658784653504,404,526
gaze,134021658784743396,405,540
KeyUp,134021658784821022,78
gaze,134021658784820101,415,533
gaze,134021658784902734,412,535
gaze,134021658784986558,411,533
gaze,134021658785069434,414,535
gaze,134021658785147594,417,527
gaze,134021658785236369,401,526
gaze,134021658785318941,374,507
gaze,134021658785396565,394,512
KeyDown,134021658785462230,84
gaze,134021658785467283,383,495
gaze,134021658785550115,384,487
gaze,134021658785633184,387,499
gaze,134021658785737300,389,494
gaze,134021658785818647,393,507
gaze,134021658785904591,398,501
gaze,134021658785985210,400,509
gaze,134021658786070572,390,508
gaze,134021658786136843,389,502
KeyUp,134021658786181452,84
gaze,134021658786215896,391,500
gaze,134021658786320577,390,518
gaze,134021658786402526,389,499
KeyDown,134021658786421772,73
gaze,134021658786488976,393,499
gaze,134021658786563955,390,508
gaze,134021658786654144,386,503
gaze,134021658786735643,390,504
gaze,134021658786821227,392,504
gaze,134021658786902451,396,505
gaze,134021658786989183,390,506
gaze,134021658787069386,393,509
KeyUp,134021658787141678,73
gaze,134021658787148490,395,506
gaze,134021658787235654,387,495
gaze,134021658787318757,391,514
gaze,134021658787403210,401,513
gaze,134021658787480523,420,503
gaze,134021658787550528,414,494
gaze,134021658787633179,413,489
gaze,134021658787717260,420,503
gaze,134021658787820640,420,497
gaze,134021658787901277,418,502
gaze,134021658787987840,423,492
gaze,134021658788063452,414,492
gaze,134021658788135979,423,505
gaze,134021658788217534,419,508
gaze,134021658788320301,410,501
gaze,134021658788402743,409,498
gaze,134021658788487249,419,500
gaze,134021658788568911,410,497
KeyDown,134021658788581818,65
gaze,134021658788647186,415,491
gaze,134021658788736531,412,493
gaze,134021658788819181,421,504
gaze,134021658788902666,416,488
gaze,134021658788986465,412,501
gaze,134021658789069077,415,499
gaze,134021658789148148,408,499
gaze,134021658789236543,411,497
gaze,134021658789319718,417,504
gaze,134021658789403171,410,500
gaze,134021658789487267,413,493
gaze,134021658789562526,442,472
KeyDown,134021658789620908,76
gaze,134021658789635326,517,468
gaze,134021658789718520,558,444
gaze,134021658789821313,566,432
gaze,134021658789901953,567,429
KeyUp,134021658789940477,65
gaze,134021658789991608,565,420
gaze,134021658790063566,560,405
gaze,134021658790135472,568,439
gaze,134021658790217537,556,409
gaze,134021658790301157,554,432
gaze,134021658790404383,554,422
KeyUp,134021658790422526,76
gaze,134021658790487423,555,412
gaze,134021658790569126,566,424
gaze,134021658790647595,555,426
gaze,134021658790737713,563,425
gaze,134021658790819069,556,421
gaze,134021658790903815,560,410
gaze,134021658790986017,554,418
gaze,134021658791071230,556,422
gaze,134021658791152680,563,436
gaze,134021658791232232,560,425
gaze,134021658791321059,558,433
gaze,134021658791403652,562,424
gaze,134021658791489965,550,419
gaze,134021658791564378,562,419
gaze,134021658791635792,555,433
KeyDown,134021658791701185,32
gaze,134021658791717484,560,419
gaze,134021658791799589,562,423
gaze,134021658791903693,555,409
gaze,134021658791984989,550,428
KeyUp,134021658792020187,32
gaze,134021658792071524,551,419
gaze,134021658792145123,555,423
gaze,134021658792219210,559,431
gaze,134021658792299736,557,414
gaze,134021658792383338,561,432
gaze,134021658792487788,552,418
gaze,134021658792569106,554,431
gaze,134021658792654703,592,422
gaze,134021658792737486,666,427
gaze,134021658792822247,671,425
gaze,134021658792902225,665,421
gaze,134021658792987283,673,424
gaze,134021658793069231,666,406
gaze,134021658793153692,667,424
gaze,134021658793235496,670,411
gaze,134021658793314049,665,435
gaze,134021658793403390,666,434
gaze,134021658793488595,671,430
gaze,134021658793569064,659,441
gaze,134021658793647195,662,402
gaze,134021658793717380,658,440
gaze,134021658793800740,658,415
gaze,134021658793903990,656,418
gaze,134021658793985384,662,425
gaze,134021658794078190,665,441
gaze,134021658794151434,661,420
gaze,134021658794233038,661,402
gaze,134021658794300251,662,414
gaze,134021658794382754,662,439
gaze,134021658794487819,660,427
gaze,134021658794569354,666,428
gaze,134021658794653944,664,435
gaze,134021658794731005,660,416
gaze,134021658794821566,661,437
gaze,134021658794902838,663,433
gaze,134021658794987042,661,436
gaze,134021658795069430,660,422
gaze,134021658795153080,653,413
gaze,134021658795235869,659,425
gaze,134021658795313495,657,412
gaze,134021658795404918,658,421
gaze,134021658795486411,655,422
gaze,134021658795568712,660,423
gaze,134021658795649300,659,443
gaze,134021658795717734,669,425
gaze,134021658795801134,753,454
gaze,134021658795884277,797,427
gaze,134021658795987166,797,426
gaze,134021658796068985,788,403
gaze,134021658796161068,795,435
gaze,134021658796229707,804,411
gaze,134021658796302867,793,394
gaze,134021658796384030,790,408
gaze,134021658796486969,793,413
gaze,134021658796569324,797,414
gaze,134021658796654150,791,434
gaze,134021658796737013,795,392
gaze,134021658796817092,793,398
gaze,134021658796902778,795,397
gaze,134021658796986512,793,400
gaze,134021658797069623,785,407
gaze,134021658797152590,790,395
gaze,134021658797235465,788,435
gaze,134021658797314644,798,407
gaze,134021658797403360,800,414
gaze,134021658797486400,793,403
gaze,134021658797568675,795,441
gaze,134021658797652819,798,417
gaze,134021658797730633,791,394
gaze,134021658797800463,794,407
gaze,134021658797883294,788,404
gaze,134021658797987684,794,405
gaze,134021658798069407,796,406
gaze,134021658798154017,791,411
gaze,134021658798229488,799,405
gaze,134021658798301763,800,398
gaze,134021658798382914,791,399
gaze,134021658798487268,799,410
gaze,134021658798569140,796,406
gaze,134021658798652949,790,414
gaze,134021658798735978,789,430
gaze,134021658798813858,785,409
gaze,134021658798904046,792,404
gaze,134021658798985743,788,416
gaze,134021658799071113,795,409
gaze,134021658799152571,792,416
gaze,134021658799236849,789,417
gaze,134021658799314265,792,415
gaze,134021658799410002,795,398
gaze,134021658799485559,788,398
gaze,134021658799571021,795,418
gaze,134021658799651420,788,435
gaze,134021658799733108,795,406
gaze,134021658799800389,791,416
gaze,134021658799882839,797,403
gaze,134021658799967963,778,414
gaze,134021658800071236,740,425
gaze,134021658800152810,740,419
gaze,134021658800233125,739,422
gaze,134021658800300545,740,432
gaze,134021658800383672,735,439
gaze,134021658800487394,736,407
gaze,134021658800569158,740,429
gaze,134021658800653898,738,419
gaze,134021658800737362,742,408
gaze,134021658800820760,741,437
gaze,134021658800896922,747,393
gaze,134021658800987391,741,406
gaze,134021658801069560,746,421
gaze,134021658801154665,746,420
gaze,134021658801235363,733,405
gaze,134021658801316386,741,424
gaze,134021658801402959,738,412
gaze,134021658801486997,738,426
gaze,134021658801568889,780,424
gaze,134021658801654511,841,377
gaze,134021658801736708,844,409
gaze,134021658801816862,843,412
gaze,134021658801883017,845,413
gaze,134021658801967497,848,431
gaze,134021658802070754,845,433
gaze,134021658802153410,843,413
gaze,134021658802230222,840,419
gaze,134021658802300175,842,420
gaze,134021658802384012,844,388
gaze,134021658802487550,841,419
gaze,134021658802569518,841,385
gaze,134021658802655107,845,401
gaze,134021658802735490,850,421
gaze,134021658802820777,843,422
gaze,134021658802896964,847,430
gaze,134021658802988426,845,392
gaze,134021658803069899,842,413
gaze,134021658803153799,841,424
gaze,134021658803235694,831,358
gaze,134021658803314709,841,419
gaze,134021658803404267,837,424
gaze,134021658803486486,844,440
gaze,134021658803569678,851,427
gaze,134021658803653363,839,421
gaze,134021658803735998,851,426
gaze,134021658803814258,849,439
gaze,134021658803883627,835,405
gaze,134021658803966921,839,379
gaze,134021658804070576,829,416
gaze,134021658804152704,839,399
gaze,134021658804229584,837,412
gaze,134021658804301074,840,433
gaze,134021658804384207,840,425
gaze,134021658804488251,838,387
gaze,134021658804569380,836,417
gaze,134021658804655392,836,430
gaze,134021658804739982,837,395
gaze,134021658804821330,827,407
gaze,134021658804896637,847,426
gaze,134021658804989001,844,425
gaze,134021658805069768,848,431
gaze,134021658805153868,847,426
gaze,134021658805235691,838,409
gaze,134021658805313897,838,429
gaze,134021658805404192,844,418
gaze,134021658805487000,846,423
gaze,134021658805568743,847,427
gaze,134021658805652646,833,397
gaze,134021658805736439,836,396
gaze,134021658805814186,762,462
gaze,134021658805885078,677,492
gaze,134021658805968435,607,516
gaze,134021658806073316,529,556
gaze,134021658806156776,506,588
gaze,134021658806233689,506,591
gaze,134021658806302970,495,582
gaze,134021658806384859,506,586
gaze,134021658806488517,507,586
gaze,134021658806569334,512,590
gaze,134021658806654212,507,585
gaze,134021658806736485,503,589
gaze,134021658806821805,506,587
gaze,134021658806897667,513,592
gaze,134021658806990969,508,592
gaze,134021658807069958,506,592
gaze,134021658807154959,511,587
gaze,134021658807236637,506,578
gaze,134021658807316074,504,582
gaze,134021658807404184,502,583
gaze,134021658807487246,496,579
gaze,134021658807569093,508,586
gaze,134021658807652463,495,600
gaze,134021658807737650,385,679
gaze,134021658807815979,304,757
gaze,134021658807885296,274,817
gaze,134021658807969161,291,861
gaze,134021658808072852,306,873
gaze,134021658808153588,311,870
gaze,134021658808234325,311,863
gaze,134021658808301427,309,867
gaze,134021658808384637,302,865
gaze,134021658808468662,310,868
gaze,134021658808571597,311,862
gaze,134021658808653340,307,866
gaze,134021658808740273,309,855
gaze,134021658808821428,321,866
gaze,134021658808900790,311,864
gaze,134021658808987766,312,860
gaze,134021658809070067,312,860
gaze,134021658809155806,314,864
gaze,134021658809237463,317,860
gaze,134021658809325487,311,861
gaze,134021658809399216,311,856
gaze,134021658809490239,311,863
gaze,134021658809570486,309,863
gaze,134021658809655202,313,863
gaze,134021658809737120,310,858
gaze,134021658809818046,308,867
gaze,134021658809884420,310,866
gaze,134021658809968800,306,863
gaze,134021658810073636,305,861
gaze,134021658810154246,321,867
gaze,134021658810238877,317,864
gaze,134021658810315935,322,865
gaze,134021658810387273,318,871
gaze,134021658810469450,323,864
gaze,134021658810572146,324,868
gaze,134021658810653101,320,868
gaze,134021658810739456,316,868
gaze,134021658810820670,315,863
gaze,134021658810899972,314,872
gaze,134021658810988315,315,867
gaze,134021658811070592,331,880
gaze,134021658811156881,358,894
gaze,134021658811236597,359,896
gaze,134021658811322597,367,892
gaze,134021658811403933,357,896
gaze,134021658811491854,360,902
gaze,134021658811570224,361,894
gaze,134021658811655954,363,898
gaze,134021658811736436,358,892
gaze,134021658811817611,356,894
gaze,134021658811884856,361,899
gaze,134021658811968381,359,901
gaze,134021658812072016,360,894
gaze,134021658812152951,357,899
gaze,134021658812239115,362,897
gaze,134021658812314812,365,898
gaze,134021658812386754,362,903
gaze,134021658812468692,355,900
gaze,134021658812551694,360,900
gaze,134021658812655361,364,901
gaze,134021658812745086,358,904
gaze,134021658812823068,359,900
gaze,134021658812898001,356,899
KeyDown,134021658812980712,67
gaze,134021658812993604,358,899
gaze,134021658813071064,347,901
gaze,134021658813155744,359,881
gaze,134021658813227497,374,890
gaze,134021658813312272,624,1145
KeyUp,134021658814340244,67
gaze,134021658814458557,530,966
gaze,134021658814731387,515,563
gaze,134021658814822680,454,505
gaze,134021658814904699,461,470
gaze,134021658814982611,458,436
gaze,134021658815071875,455,448
gaze,134021658815153462,451,434
gaze,134021658815238175,458,438
gaze,134021658815320463,451,446
gaze,134021658815405395,457,465
gaze,134021658815488177,458,473
gaze,134021658815566046,450,469
gaze,134021658815654710,463,466
gaze,134021658815736878,451,474
gaze,134021658815821229,460,476
gaze,134021658815898585,462,485
gaze,134021658815968811,463,474
gaze,134021658816051656,462,485
KeyDown,134021658816100890,8
gaze,134021658816157809,466,481
gaze,134021658816239196,463,478
gaze,134021658816322413,462,492
gaze,134021658816403386,456,483
gaze,134021658816484456,461,481
gaze,134021658816550718,463,477
gaze,134021658816634520,467,484
gaze,134021658816739984,450,486
gaze,134021658816821577,446,508
KeyUp,134021658816900732,8
gaze,134021658816905519,446,509
gaze,134021658816982071,441,497
gaze,134021658817072710,440,489
gaze,134021658817153616,440,504
gaze,134021658817238924,445,500
gaze,134021658817319625,442,505
gaze,134021658817405808,440,500
gaze,134021658817487215,439,495
gaze,134021658817566626,436,491
gaze,134021658817654838,440,506
gaze,134021658817736581,437,504
gaze,134021658817823317,439,485
gaze,134021658817897917,434,503
gaze,134021658817970265,437,491
gaze,134021658818052237,441,497
gaze,134021658818134775,435,496
gaze,134021658818238687,445,500
gaze,134021658818320330,437,503
gaze,134021658818405531,436,496
gaze,134021658818481258,439,513
gaze,134021658818553140,440,495
gaze,134021658818634959,436,495
KeyDown,134021658818661485,79
gaze,134021658818720071,440,505
gaze,134021658818821359,437,498
gaze,134021658818903968,437,499
gaze,134021658818990696,443,496
gaze,134021658819065414,438,495
gaze,134021658819155294,441,500
gaze,134021658819236296,444,487
KeyUp,134021658819300371,79
gaze,134021658819322656,435,490
gaze,134021658819413039,436,493
gaze,134021658819496010,437,491
gaze,134021658819570008,439,473
gaze,134021658819648828,436,480
gaze,134021658819738371,433,488
gaze,134021658819819477,436,487
gaze,134021658819906301,438,495
gaze,134021658819981615,439,491
gaze,134021658820053832,440,486
gaze,134021658820134897,442,490
gaze,134021658820241011,444,491
gaze,134021658820320698,450,487
gaze,134021658820405984,465,498
KeyDown,134021658820421072,67
gaze,134021658820487049,461,488
gaze,134021658820567294,459,495
gaze,134021658820634191,461,488
gaze,134021658820718015,459,490
gaze,134021658820801411,455,490
gaze,134021658820905319,455,492
gaze,134021658820986868,460,486
gaze,134021658821066204,458,489
gaze,134021658821154625,464,484
KeyUp,134021658821221022,67
gaze,134021658821236125,455,483
gaze,134021658821322644,452,482
gaze,134021658821403034,459,487
gaze,134021658821490163,455,490
gaze,134021658821569694,462,495
gaze,134021658821656109,462,499
gaze,134021658821731415,465,484
gaze,134021658821823845,464,490
gaze,134021658821902812,468,489
gaze,134021658821982634,459,484
gaze,134021658822051254,461,490
gaze,134021658822138064,458,483
gaze,134021658822218323,460,493
gaze,134021658822322552,463,500
gaze,134021658822403827,458,494
KeyDown,134021658822420573,67
gaze,134021658822489546,461,496
gaze,134021658822569619,465,497
gaze,134021658822649950,465,504
gaze,134021658822717993,460,491
gaze,134021658822801319,466,484
gaze,134021658822904907,457,486
gaze,134021658822987513,457,484
KeyUp,134021658823060814,67
gaze,134021658823070770,467,500
gaze,134021658823146761,459,484
gaze,134021658823238219,459,495
gaze,134021658823320321,461,493
gaze,134021658823405716,463,483
gaze,134021658823487399,466,498
gaze,134021658823571415,460,500
gaze,134021658823654439,459,478
gaze,134021658823731000,459,490
gaze,134021658823821414,465,490
gaze,134021658823902987,462,486
gaze,134021658823988854,461,483
gaze,134021658824064525,457,484
gaze,134021658824136439,461,485
gaze,134021658824218400,455,483
gaze,134021658824322266,462,490
gaze,134021658824404043,456,491
KeyDown,134021658824421460,85
gaze,134021658824490117,470,492
gaze,134021658824570282,484,485
gaze,134021658824650699,470,482
gaze,134021658824718694,469,488
gaze,134021658824802711,477,491
gaze,134021658824885471,483,496
gaze,134021658824988411,477,482
KeyUp,134021658825061509,85
gaze,134021658825071518,477,473
gaze,134021658825148797,486,479
gaze,134021658825238173,469,480
gaze,134021658825326080,480,481
gaze,134021658825403909,479,488
gaze,134021658825487906,469,471
gaze,134021658825570293,478,474
gaze,134021658825653259,480,477
gaze,134021658825736973,473,476
gaze,134021658825814312,474,476
gaze,134021658825905098,476,483
gaze,134021658825986628,474,482
gaze,134021658826070022,479,493
gaze,134021658826138182,473,481
gaze,134021658826217853,471,478
gaze,134021658826301361,474,484
gaze,134021658826405599,472,484
gaze,134021658826487735,481,486
gaze,134021658826571849,477,486
gaze,134021658826654239,479,484
gaze,134021658826732848,473,479
gaze,134021658826801834,478,489
gaze,134021658826884791,473,479
gaze,134021658826969012,472,480
gaze,134021658827073091,476,487
gaze,134021658827154127,471,483
gaze,134021658827232690,474,486
KeyDown,134021658827300954,82
gaze,134021658827320645,471,485
gaze,134021658827405991,479,490
gaze,134021658827493824,479,490
gaze,134021658827569621,482,495
gaze,134021658827653620,477,489
gaze,134021658827736613,470,476
gaze,134021658827821765,477,489
gaze,134021658827897388,471,483
gaze,134021658827988045,469,484
gaze,134021658828070138,473,486
gaze,134021658828149052,471,489
gaze,134021658828218407,477,484
gaze,134021658828301394,478,492
gaze,134021658828405546,478,472
gaze,134021658828486848,480,492
gaze,134021658828572554,469,493
gaze,134021658828652803,468,478
gaze,134021658828739284,476,491
gaze,134021658828814133,476,507
KeyUp,134021658828820610,82
KeyDown,134021658828823880,69
gaze,134021658828890984,469,487
gaze,134021658828968342,473,491
gaze,134021658829051733,474,484
gaze,134021658829156457,479,495
gaze,134021658829230974,475,501
gaze,134021658829323130,475,481
gaze,134021658829404060,479,489
gaze,134021658829489779,501,480
gaze,134021658829571374,496,476
gaze,134021658829655631,501,485
gaze,134021658829736700,498,488
KeyUp,134021658829782461,69
KeyDown,134021658829787011,78
gaze,134021658829822446,496,490
gaze,134021658829903369,498,464
gaze,134021658829983629,497,471
gaze,134021658830072179,500,485
gaze,134021658830148253,500,486
gaze,134021658830224023,497,487
gaze,134021658830302205,499,487
KeyUp,134021658830340461,78
gaze,134021658830405820,495,486
gaze,134021658830488817,504,484
gaze,134021658830572771,505,484
gaze,134021658830653753,498,469
gaze,134021658830738654,499,466
gaze,134021658830820219,500,490
gaze,134021658830900921,499,477
gaze,134021658830967958,496,482
gaze,134021658831052072,501,486
gaze,134021658831155745,495,475
KeyDown,134021658831221270,67
gaze,134021658831231594,488,480
gaze,134021658831324186,493,466
gaze,134021658831404602,499,476
gaze,134021658831489774,500,479
gaze,134021658831570287,495,478
gaze,134021658831656229,496,473
gaze,134021658831738005,493,488
gaze,134021658831820648,496,484
gaze,134021658831904297,496,489
gaze,134021658831982627,499,482
gaze,134021658832072739,497,485
gaze,134021658832150706,500,486
gaze,134021658832220886,497,479
gaze,134021658832301910,503,484
KeyDown,134021658832341340,69
gaze,134021658832385823,497,489
gaze,134021658832489616,497,482
gaze,134021658832570717,493,489
gaze,134021658832655596,495,476
KeyUp,134021658832660103,67
gaze,134021658832737232,492,480
gaze,134021658832823068,498,477
gaze,134021658832898647,496,481
gaze,134021658832970211,501,476
KeyDown,134021658832980636,83
gaze,134021658833051872,496,477
gaze,134021658833155817,495,483
KeyUp,134021658833220591,69
gaze,134021658833237056,496,479
gaze,134021658833317452,489,479
gaze,134021658833405692,494,475
gaze,134021658833488051,505,487
gaze,134021658833573332,521,477
gaze,134021658833654423,525,488
gaze,134021658833739854,522,481
gaze,134021658833821046,516,486
KeyUp,134021658833860471,83
gaze,134021658833905644,526,475
gaze,134021658833981322,521,473
gaze,134021658834073654,521,480
gaze,134021658834154359,520,481
gaze,134021658834233801,518,481
gaze,134021658834301930,521,476
gaze,134021658834386153,520,478
gaze,134021658834490109,524,493
gaze,134021658834571011,525,483
gaze,134021658834656686,523,479
gaze,134021658834740447,516,488
gaze,134021658834822822,513,482
gaze,134021658834898351,519,478
KeyDown,134021658834900566,160
gaze,134021658834970650,515,492
gaze,134021658835052827,522,481
gaze,134021658835155671,525,486
gaze,134021658835236865,517,482
gaze,134021658835316746,526,501
gaze,134021658835405448,524,479
gaze,134021658835488006,516,496
gaze,134021658835571840,521,480
gaze,134021658835653930,515,478
gaze,134021658835739875,521,492
gaze,134021658835821056,522,491
gaze,134021658835906087,515,487
gaze,134021658835982245,517,476
gaze,134021658836082044,512,467
KeyDown,134021658836101820,186
gaze,134021658836156576,517,491
gaze,134021658836234184,529,491
gaze,134021658836302050,525,484
gaze,134021658836385188,516,471
gaze,134021658836490116,518,480
gaze,134021658836570781,518,474
gaze,134021658836656525,524,477
KeyUp,134021658836660997,186
gaze,134021658836738190,518,489
gaze,134021658836823079,520,494
gaze,134021658836898787,519,478
KeyUp,134021658836902048,160
gaze,134021658836970860,524,477
gaze,134021658837052786,518,480
gaze,134021658837156445,524,497
gaze,134021658837236951,527,473
gaze,134021658837317993,522,482
gaze,134021658837405879,526,485
gaze,134021658837489448,523,476
gaze,134021658837571301,522,487
gaze,134021658837655544,471,480
gaze,134021658837737937,399,502
gaze,134021658837821056,388,504
gaze,134021658837903833,390,491
gaze,134021658837981836,393,497
gaze,134021658838072242,394,505
gaze,134021658838154157,393,493
gaze,134021658838231177,389,509
KeyDown,134021658838260926,13
gaze,134021658838301444,385,499
gaze,134021658838385431,397,513
gaze,134021658838469087,396,505
gaze,134021658838572813,396,508
gaze,134021658838654463,393,512
KeyUp,134021658838740193,13
gaze,134021658838739611,397,506
gaze,134021658838821273,396,504
gaze,134021658838901529,402,494
gaze,134021658838968825,399,499
gaze,134021658839052187,398,498
gaze,134021658839156897,396,519
gaze,134021658839237850,387,504
gaze,134021658839322330,403,506
gaze,134021658839398200,396,503
gaze,134021658839490691,399,505
gaze,134021658839573393,389,482
gaze,134021658839655532,394,510
KeyDown,134021658839700821,13
gaze,134021658839738156,390,494
gaze,134021658839821243,401,501
gaze,134021658839904322,404,500
gaze,134021658839982607,399,496
gaze,134021658840073759,391,499
gaze,134021658840155540,401,510
gaze,134021658840239893,388,506
KeyUp,134021658840260761,13
gaze,134021658840317321,348,527
gaze,134021658840385891,356,537
gaze,134021658840469182,355,533
gaze,134021658840552449,354,525
gaze,134021658840656495,359,540
gaze,134021658840738029,356,530
gaze,134021658840822277,365,540
gaze,134021658840897938,365,537
gaze,134021658840970559,357,527
gaze,134021658841052881,361,521
gaze,134021658841134951,362,526
gaze,134021658841239668,355,536
gaze,134021658841321858,357,546
gaze,134021658841411894,354,539
gaze,134021658841483385,358,531
gaze,134021658841572715,358,536
gaze,134021658841655395,358,509
gaze,134021658841729371,636,1046
gaze,134021658844896310,828,-644
KeyDown,134021658846740929,189
gaze,134021658846906964,366,965
gaze,134021658847064351,540,675
gaze,134021658847153531,448,612
gaze,134021658847220399,449,527
gaze,134021658847303779,465,519
KeyUp,134021658847380943,189
gaze,134021658847407158,452,523
gaze,134021658847493319,465,543
gaze,134021658847573748,461,532
gaze,134021658847655625,467,537
gaze,134021658847736967,473,531
gaze,134021658847823405,467,549
KeyDown,134021658847861083,32
gaze,134021658847910658,468,546
gaze,134021658847990214,471,543
gaze,134021658848076890,472,544
gaze,134021658848155643,463,531
gaze,134021658848234786,466,541
gaze,134021658848323566,461,549
gaze,134021658848406508,469,536
gaze,134021658848490137,464,546
gaze,134021658848572288,466,549
gaze,134021658848649924,458,550
gaze,134021658848720706,346,543
gaze,134021658848803971,347,549
KeyUp,134021658848900885,32
gaze,134021658848906589,357,545
gaze,134021658848989479,348,553
gaze,134021658849074114,349,542
gaze,134021658849159673,359,552
gaze,134021658849222875,371,558
gaze,134021658849306973,364,546
gaze,134021658849389141,361,553
gaze,134021658849491880,363,544
gaze,134021658849572606,357,542
gaze,134021658849656860,356,546
gaze,134021658849734516,353,539
gaze,134021658849825395,358,536
gaze,134021658849905458,370,543
gaze,134021658849992100,365,537
gaze,134021658850073523,361,540
gaze,134021658850157992,367,548
gaze,134021658850240505,355,530
gaze,134021658850322608,365,541
gaze,134021658850405583,432,524
gaze,134021658850491821,632,492
gaze,134021658850571482,842,394
gaze,134021658850650880,1040,334
gaze,134021658850720251,1204,264
gaze,134021658850803068,1306,236
gaze,134021658850906727,1326,229
gaze,134021658850988125,1305,239
gaze,134021658851073242,1301,226
gaze,134021658851155670,1297,221
gaze,134021658851235253,1305,219
gaze,134021658851303558,1297,227
gaze,134021658851386601,1295,216
gaze,134021658851490530,1298,218
gaze,134021658851571653,1296,216
gaze,134021658851657306,1297,238
gaze,134021658851732983,1303,232
gaze,134021658851824648,1301,237
gaze,134021658851905339,1296,224
gaze,134021658851991233,1289,228
gaze,134021658852074406,1294,240
gaze,134021658852161730,1293,217
gaze,134021658852237906,1287,219
gaze,134021658852319444,1290,219
gaze,134021658852408217,1287,213
gaze,134021658852490067,1291,220
gaze,134021658852574627,1286,225
gaze,134021658852648854,1294,232
gaze,134021658852719896,1299,223
gaze,134021658852802774,1292,217
gaze,134021658852886089,1292,209
gaze,134021658852989089,1295,233
gaze,134021658853071558,1299,225
gaze,134021658853156459,1302,221
gaze,134021658853232481,1299,227
gaze,134021658853305006,1301,228
gaze,134021658853386559,1296,224
gaze,134021658853490700,1299,224
gaze,134021658853571800,1298,234
gaze,134021658853658322,1296,237
gaze,134021658853738515,1297,226
gaze,134021658853820389,1294,240
gaze,134021658853904868,1293,232
gaze,134021658853988536,1296,233
gaze,134021658854072343,1295,239
gaze,134021658854155610,1296,231
gaze,134021658854237920,1292,242
gaze,134021658854317331,1294,239
gaze,134021658854406419,1292,246
gaze,134021658854489794,1296,246
gaze,134021658854572091,1294,235
gaze,134021658854655886,1280,257
gaze,134021658854742238,1190,251
gaze,134021658854804765,1111,272
gaze,134021658854886533,1119,256
gaze,134021658854990167,1121,254
gaze,134021658855071582,1122,246
gaze,134021658855158340,1131,260
gaze,134021658855232207,1124,242
gaze,134021658855304859,1123,244
gaze,134021658855386143,1117,261
gaze,134021658855490348,1131,262
gaze,134021658855571160,1121,257
gaze,134021658855657304,1115,267
gaze,134021658855738439,1123,258
gaze,134021658855820520,1120,241
gaze,134021658855905391,1121,255
gaze,134021658855988779,1122,258
gaze,134021658856073478,1114,268
gaze,134021658856158434,1119,258
gaze,134021658856238434,1119,265
gaze,134021658856319893,1119,263
gaze,134021658856404897,1125,260
gaze,134021658856489124,1124,272
gaze,134021658856571639,1113,265
gaze,134021658856655702,1117,253
gaze,134021658856734548,1117,252
gaze,134021658856802619,1122,248
gaze,134021658856887141,1122,251
gaze,134021658856970414,1120,255
gaze,134021658857073677,1112,261
gaze,134021658857155042,1134,264
gaze,134021658857236148,1151,285
gaze,134021658857302053,1149,256
gaze,134021658857386767,1144,281
gaze,134021658857490559,1142,261
gaze,134021658857571460,1138,273
gaze,134021658857656132,1147,296
gaze,134021658857738849,1146,264
gaze,134021658857822427,1139,282
gaze,134021658857900366,1143,286
gaze,134021658857990755,1141,289
gaze,134021658858071413,1145,277
gaze,134021658858158798,1145,268
gaze,134021658858237687,1142,286
gaze,134021658858319563,1134,293
gaze,134021658858405085,1141,280
gaze,134021658858488760,1136,271
gaze,134021658858570846,1146,278
gaze,134021658858655624,1146,276
gaze,134021658858738537,1139,284
gaze,134021658858818766,1137,287
gaze,134021658858885409,1141,289
gaze,134021658858969323,1144,287
gaze,134021658859073801,1137,279
gaze,134021658859155500,1145,288
gaze,134021658859235386,1152,289
gaze,134021658859303171,1132,326
gaze,134021658859387161,1154,438
gaze,134021658859492390,1141,522
gaze,134021658859573305,1135,678
gaze,134021658859658157,1168,833
gaze,134021658859739687,1171,991
gaze,134021658859825068,1114,1141
gaze,134021658859983195,662,-851
gaze,134021658861731465,805,-307
gaze,134021658861813909,791,-324
gaze,134021658861897252,760,-318
gaze,134021658861975200,735,-354
KeyDown,134021658862180710,160
gaze,134021658862646302,684,-468
KeyDown,134021658862900260,76
KeyUp,134021658863380892,160
KeyUp,134021658863620425,76
KeyDown,134021658864181246,73
gaze,134021658864230275,1224,738
gaze,134021658864324580,1259,470
gaze,134021658864400747,1217,368
gaze,134021658864493438,1212,270
gaze,134021658864571453,1223,222
gaze,134021658864657741,1221,258
KeyUp,134021658864740383,73
gaze,134021658864738686,1222,290
gaze,134021658864823932,1219,308
gaze,134021658864905470,1217,341
gaze,134021658864986061,1217,326
gaze,134021658865053756,1215,298
gaze,134021658865136193,1216,314
gaze,134021658865239740,1221,323
KeyDown,134021658865300945,78
gaze,134021658865316566,1213,327
gaze,134021658865387716,1216,327
gaze,134021658865470475,1217,292
gaze,134021658865573894,1217,316
gaze,134021658865655380,1224,292
gaze,134021658865741145,1217,324
gaze,134021658865822318,1215,328
gaze,134021658865908120,1222,332
gaze,134021658865989095,1215,338
gaze,134021658866069206,1220,325
KeyUp,134021658866101613,78
gaze,134021658866156780,1221,341
gaze,134021658866241179,1217,341
gaze,134021658866324630,1220,329
gaze,134021658866400356,1278,302
gaze,134021658866492598,1353,277
KeyDown,134021658866501199,69
gaze,134021658866572353,1357,279
gaze,134021658866658032,1357,276
gaze,134021658866745886,1357,284
gaze,134021658866824775,1356,271
gaze,134021658866906253,1357,281
gaze,134021658866988077,1351,265
gaze,134021658867053316,1342,257
gaze,134021658867136511,1344,278
gaze,134021658867240679,1350,268
gaze,134021658867316512,1348,264
KeyUp,134021658867381584,69
gaze,134021658867389966,1351,265
gaze,134021658867471647,1355,272
gaze,134021658867575155,1348,277
gaze,134021658867655819,1348,271
gaze,134021658867743214,1340,268
gaze,134021658867822353,1341,272
gaze,134021658867909450,1345,263
gaze,134021658867989136,1338,282
KeyDown,134021658868021764,32
gaze,134021658868073091,1341,266
gaze,134021658868156462,1345,253
gaze,134021658868240452,1338,258
gaze,134021658868317931,1345,262
gaze,134021658868398682,1346,262
gaze,134021658868487221,1337,272
gaze,134021658868573904,1325,255
gaze,134021658868655374,1310,250
gaze,134021658868742655,1320,263
gaze,134021658868821741,1318,260
KeyUp,134021658868900745,32
gaze,134021658868912094,1317,250
gaze,134021658868984464,1314,261
gaze,134021658869056628,1313,253
gaze,134021658869137947,1323,265
gaze,134021658869241928,1316,260
gaze,134021658869316951,1309,254
gaze,134021658869391170,1316,257
gaze,134021658869471138,1315,253
gaze,134021658869575108,1317,261
gaze,134021658869654947,1320,269
gaze,134021658869741974,1318,260
gaze,134021658869822258,1320,276
gaze,134021658869909185,1306,252
gaze,134021658869989191,1317,260
gaze,134021658870069144,1319,272
gaze,134021658870156500,1313,270
gaze,134021658870239460,1324,284
gaze,134021658870323059,1309,274
gaze,134021658870399799,1324,252
gaze,134021658870493027,1319,273
gaze,134021658870571777,1321,268
gaze,134021658870657578,1320,266
gaze,134021658870740358,1318,262
gaze,134021658870824917,1319,269
gaze,134021658870905536,1317,276
gaze,134021658870985207,1319,278
gaze,134021658871052794,1318,281
gaze,134021658871136569,1321,280
gaze,134021658871219003,1318,277
gaze,134021658871324806,1320,282
gaze,134021658871385165,1318,271
gaze,134021658871471181,1318,276
gaze,134021658871575242,1317,288
gaze,134021658871655258,1314,285
gaze,134021658871741045,1311,278
gaze,134021658871821319,1308,286
gaze,134021658871908975,1318,276
gaze,134021658871989095,1318,279
gaze,134021658872074338,1314,283
gaze,134021658872150650,1321,280
gaze,134021658872241189,1318,287
gaze,134021658872322636,1325,283
gaze,134021658872402342,1308,281
gaze,134021658872492007,1249,299
gaze,134021658872572144,1248,306
gaze,134021658872658156,1247,300
gaze,134021658872738294,1253,295
gaze,134021658872823895,1245,298
gaze,134021658872903939,1245,309
gaze,134021658872992449,1246,310
gaze,134021658873066710,1254,308
gaze,134021658873140275,1255,306
gaze,134021658873220665,1250,304
gaze,134021658873323873,1255,312
gaze,134021658873386728,1257,300
gaze,134021658873474900,1257,296
gaze,134021658873575549,1246,289
gaze,134021658873655067,1258,306
gaze,134021658873741375,1256,311
gaze,134021658873822938,1249,302
gaze,134021658873908655,1250,308
gaze,134021658873988464,1260,304
gaze,134021658874074198,1250,304
gaze,134021658874149211,1249,310
gaze,134021658874241043,1253,316
gaze,134021658874321805,1242,322
gaze,134021658874404043,1250,316
gaze,134021658874490272,1252,314
gaze,134021658874571554,1257,294
gaze,134021658874656011,1251,304
gaze,134021658874746888,1252,305
gaze,134021658874822800,1253,305
gaze,134021658874905962,1263,305
gaze,134021658874989033,1255,316
gaze,134021658875067556,1265,312
gaze,134021658875137214,1257,317
gaze,134021658875220557,1239,293
gaze,134021658875324399,1139,280
gaze,134021658875385969,1141,271
gaze,134021658875473608,1142,275
gaze,134021658875574467,1152,276
gaze,134021658875656530,1143,271
gaze,134021658875742485,1151,255
gaze,134021658875821695,1151,275
gaze,134021658875908025,1146,266
gaze,134021658875988992,1152,265
gaze,134021658876074202,1145,272
gaze,134021658876149228,1142,276
gaze,134021658876244446,1148,269
gaze,134021658876321810,1153,258
gaze,134021658876403034,1145,261
gaze,134021658876489547,1146,257
gaze,134021658876572735,1156,263
gaze,134021658876655266,1157,257
gaze,134021658876739435,1161,260
gaze,134021658876822907,1151,276
gaze,134021658876906021,1149,255
gaze,134021658876989694,1160,271
gaze,134021658877067896,1152,275
gaze,134021658877136864,1154,280
gaze,134021658877220682,1157,277
gaze,134021658877298941,1157,279
gaze,134021658877408646,1159,272
gaze,134021658877468307,1158,266
gaze,134021658877554142,1161,283
gaze,134021658877658360,1140,282
gaze,134021658877738851,1134,264
gaze,134021658877824804,1142,284
gaze,134021658877905563,1135,285
gaze,134021658877992474,1135,272
gaze,134021658878071411,1137,271
gaze,134021658878158246,1132,290
gaze,134021658878232163,1127,277
gaze,134021658878325090,1135,307
gaze,134021658878405525,1135,278
gaze,134021658878486518,1142,269
gaze,134021658878572397,1143,289
gaze,134021658878654650,1143,275
gaze,134021658878743989,1140,271
gaze,134021658878822804,1139,267
gaze,134021658878905992,1136,285
gaze,134021658878989690,1140,275
gaze,134021658879073319,1137,266
gaze,134021658879150797,1140,285
gaze,134021658879220132,1137,297
gaze,134021658879303745,1145,272
gaze,134021658879382865,1134,273
gaze,134021658879490576,1155,271
gaze,134021658879551802,1242,271
gaze,134021658879636953,1307,288
gaze,134021658879741798,1319,288
gaze,134021658879821627,1318,287
gaze,134021658879908845,1328,279
gaze,134021658879988473,1328,277
gaze,134021658880075376,1326,268
gaze,134021658880155340,1321,276
gaze,134021658880242120,1317,266
gaze,134021658880317642,1314,263
gaze,134021658880409096,1317,261
gaze,134021658880488706,1307,262
gaze,134021658880570390,1319,268
gaze,134021658880655728,1315,275
gaze,134021658880739280,1320,274
gaze,134021658880822338,1323,273
gaze,134021658880904760,1320,277
gaze,134021658880989778,1321,274
gaze,134021658881071865,1322,272
gaze,134021658881155887,1321,275
gaze,134021658881235783,1321,268
gaze,134021658881303382,1324,277
gaze,134021658881388397,1319,278
gaze,134021658881494212,1322,278
gaze,134021658881552871,1320,278
gaze,134021658881637386,1315,258
gaze,134021658881741374,1316,257
gaze,134021658881822379,1313,267
gaze,134021658881908216,1315,263
gaze,134021658881988583,1318,257
gaze,134021658882074634,1317,282
gaze,134021658882155336,1320,275
gaze,134021658882241116,1312,271
gaze,134021658882317290,1325,274
gaze,134021658882409563,1317,273
gaze,134021658882489663,1326,283
gaze,134021658882571716,1268,276
gaze,134021658882656405,1173,280
gaze,134021658882748485,1167,281
gaze,134021658882823331,1161,280
gaze,134021658882905253,1156,263
gaze,134021658882989192,1162,267
gaze,134021658883072593,1164,279
gaze,134021658883156145,1160,280
gaze,134021658883233671,1165,290
gaze,134021658883303839,1164,276
gaze,134021658883388109,1173,281
gaze,134021658883465518,1162,268
gaze,134021658883575171,1161,268
gaze,134021658883635368,1167,235
gaze,134021658883719432,1161,263
gaze,134021658883824888,1156,279
gaze,134021658883904304,1160,275
gaze,134021658883992143,1168,243
gaze,134021658884071079,1164,260
gaze,134021658884156758,1162,276
gaze,134021658884238493,1169,277
gaze,134021658884322997,1155,280
gaze,134021658884399778,1162,281
gaze,134021658884491793,1165,275
gaze,134021658884571308,1164,276
gaze,134021658884652600,1158,261
gaze,134021658884739575,1144,294
gaze,134021658884821905,1142,268
gaze,134021658884905121,1146,271
gaze,134021658884988596,1141,265
gaze,134021658885073203,1142,270
gaze,134021658885155731,1142,286
gaze,134021658885238105,1138,283
gaze,134021658885316385,1144,263
gaze,134021658885390599,1143,284
gaze,134021658885474423,1142,280
gaze,134021658885574127,1144,271
gaze,134021658885636147,1143,276
gaze,134021658885721805,1142,278
gaze,134021658885824635,1142,273
gaze,134021658885905042,1143,272
gaze,134021658885990770,1145,259
gaze,134021658886071801,1140,294
gaze,134021658886158049,1141,274
gaze,134021658886240822,1141,287
gaze,134021658886324417,1148,296
gaze,134021658886400727,1136,234
gaze,134021658886492011,1110,610
gaze,134021658887982084,804,-641
gaze,134021658888071440,757,-577
gaze,134021658888149961,738,-529
gaze,134021658888232554,770,-517
gaze,134021658889899555,613,-480
gaze,134021658889982260,601,-490
gaze,134021658890065627,585,-493
gaze,134021658890151201,572,-501
gaze,134021658890231818,600,-486
gaze,134021658890314785,602,-462
gaze,134021658890398242,564,-462
gaze,134021658892398418,569,-611
gaze,134021658892483142,572,-665
gaze,134021658892648817,534,-647
gaze,134021658894227731,1097,-762
gaze,134021658895733100,1189,586
gaze,134021658895805503,1221,364
gaze,134021658895909158,1213,236
gaze,134021658895989988,1215,167
gaze,134021658896075292,1214,241
gaze,134021658896157103,1219,254
gaze,134021658896244534,1223,289
gaze,134021658896324389,1207,286
gaze,134021658896408572,1214,254
gaze,134021658896490646,1209,282
gaze,134021658896567734,1215,263
gaze,134021658896657723,1212,269
gaze,134021658896736045,1210,274
gaze,134021658896824807,1211,275
gaze,134021658896906414,1208,268
gaze,134021658896994629,1208,275
gaze,134021658897073786,1216,262
gaze,134021658897159181,1213,276
gaze,134021658897239701,1216,267
gaze,134021658897326609,1236,293
gaze,134021658897411676,1243,304
gaze,134021658897489180,1241,305
gaze,134021658897554383,1235,322
gaze,134021658897634087,1241,301
gaze,134021658897704414,1238,320
gaze,134021658897827285,1236,307
gaze,134021658897886893,1235,318
gaze,134021658897992975,1247,294
gaze,134021658898073774,1233,307
gaze,134021658898159843,1238,304
gaze,134021658898239732,1245,306
gaze,134021658898326491,1251,294
gaze,134021658898406263,1244,311
gaze,134021658898493850,1243,316
gaze,134021658898576879,1248,287
gaze,134021658898654021,1236,319
gaze,134021658898745008,1239,317
gaze,134021658898818535,1238,307
gaze,134021658898911877,1243,300
gaze,134021658898991298,1247,300
gaze,134021658899075459,1234,304
gaze,134021658899156681,1306,281
gaze,134021658899242639,1341,260
gaze,134021658899323318,1333,273
gaze,134021658899409965,1331,265
gaze,134021658899490299,1335,250
gaze,134021658899571116,1329,265
gaze,134021658899638721,1324,249
gaze,134021658899717424,1325,272
gaze,134021658899787283,1326,246
gaze,134021658899909622,1325,253
gaze,134021658899992509,1323,265
gaze,134021658900085912,1321,274
gaze,134021658900163622,1322,247
gaze,134021658900244102,1337,249
gaze,134021658900324193,1325,261
gaze,134021658900410529,1327,263
gaze,134021658900491005,1329,248
gaze,134021658900575727,1327,264
gaze,134021658900656219,1329,248
gaze,134021658900738446,1329,258
gaze,134021658900820369,1320,243
gaze,134021658900908863,1324,269
gaze,134021658900990829,1324,265
gaze,134021658901075059,1323,248
gaze,134021658901156864,1324,276
gaze,134021658901242303,1327,278
gaze,134021658901323871,1330,261
gaze,134021658901409273,1320,283
gaze,134021658901490848,1323,271
gaze,134021658901575078,1325,270
gaze,134021658901651193,1320,259
gaze,134021658901719260,1325,274
gaze,134021658901789518,1327,262
gaze,134021658901908952,1323,263
gaze,134021658901992299,1324,273
gaze,134021658902075050,1317,282
gaze,134021658902157026,1323,265
gaze,134021658902239757,1324,261
gaze,134021658902324079,1321,278
gaze,134021658902406813,1319,274
gaze,134021658902491174,1325,277
gaze,134021658902573652,1320,280
gaze,134021658902656501,1322,281
gaze,134021658902735518,1319,287
gaze,134021658902818578,1346,293
gaze,134021658902910840,1411,279
gaze,134021658902990529,1418,280
gaze,134021658903076761,1412,274
gaze,134021658903156400,1418,275
gaze,134021658903241963,1422,265
gaze,134021658903323975,1420,274
gaze,134021658903407432,1417,278
gaze,134021658903490585,1413,285
gaze,134021658903572204,1413,295
gaze,134021658903650737,1414,293
gaze,134021658903716549,1411,281
gaze,134021658903786475,1403,290
gaze,134021658903908960,1414,277
gaze,134021658903969758,1411,285
gaze,134021658904075858,1410,280
gaze,134021658904156506,1410,281
gaze,134021658904242115,1407,282
gaze,134021658904324860,1406,287
gaze,134021658904407380,1414,285
gaze,134021658904491483,1412,294
gaze,134021658904573860,1405,286
gaze,134021658904657064,1405,281
gaze,134021658904734119,1403,288
gaze,134021658904824951,1409,278
gaze,134021658904902421,1409,271
gaze,134021658904992249,1399,287
gaze,134021658905073771,1405,289
gaze,134021658905158298,1406,283
gaze,134021658905240564,1406,277
gaze,134021658905324720,1412,293
gaze,134021658905409066,1411,274
gaze,134021658905492788,1408,294
gaze,134021658905574121,1411,280
gaze,134021658905652267,1398,296
gaze,134021658905722442,1407,315
gaze,134021658905791444,1383,842
gaze,134021658907075902,1276,513
gaze,134021658907150244,1426,300
gaze,134021658907243040,1422,264
gaze,134021658907326019,1418,262
gaze,134021658907409349,1408,300
gaze,134021658907493410,1404,314
gaze,134021658907575807,1415,304
gaze,134021658907654626,1407,296
gaze,134021658907724772,1409,305
gaze,134021658907802769,1421,304
gaze,134021658907912477,1419,280
gaze,134021658907971912,1420,293
gaze,134021658908057159,1418,296
gaze,134021658908162279,1425,292
gaze,134021658908241710,1413,304
gaze,134021658908328789,1417,300
gaze,134021658908409329,1419,295
gaze,134021658908496909,1425,283
gaze,134021658908575600,1423,286
gaze,134021658908663379,1429,278
gaze,134021658908737921,1430,277
gaze,134021658908829759,1419,266
gaze,134021658908909016,1427,271
gaze,134021658908990779,1433,264
gaze,134021658909076595,1426,273
gaze,134021658909159692,1422,257
gaze,134021658909243285,1429,273
gaze,134021658909328885,1425,260
gaze,134021658909410188,1425,274
gaze,134021658909492709,1427,263
gaze,134021658909576461,1418,276
gaze,134021658909654916,1421,266
gaze,134021658909724428,1430,265
gaze,134021658909808219,1426,263
gaze,134021658909913857,1381,271
gaze,134021658909973781,1369,273
gaze,134021658910058224,1370,272
gaze,134021658910140769,1369,258
gaze,134021658910247324,1376,270
gaze,134021658910326490,1372,260
gaze,134021658910412770,1374,273
gaze,134021658910492931,1379,249
gaze,134021658910577539,1383,251
gaze,134021658910658840,1374,248
gaze,134021658910741348,1378,262
gaze,134021658910826251,1375,268
gaze,134021658910909898,1371,256
gaze,134021658910993752,1376,269
gaze,134021658911071233,1367,250
gaze,134021658911161234,1367,269
gaze,134021658911243735,1367,256
gaze,134021658911329652,1369,258
gaze,134021658911409179,1372,257
gaze,134021658911495890,1370,262
gaze,134021658911575122,1372,253
gaze,134021658911657351,1374,266
gaze,134021658911723309,1367,267
gaze,134021658911807427,1368,254
gaze,134021658911890737,1367,267
gaze,134021658911995089,1368,268
gaze,134021658912060610,1368,264
gaze,134021658912140328,1367,274
gaze,134021658912210668,1365,260
gaze,134021658912317144,1375,265
gaze,134021658912399481,1347,871
gaze,134021658919149244,1253,249
gaze,134021658919231476,1237,179
gaze,134021658919310171,1238,225
gaze,134021658919401067,1239,228
gaze,134021658919482699,1233,238
gaze,134021658919570982,1229,209
gaze,134021658919649888,1236,215
gaze,134021658919732237,1231,203
gaze,134021658919811243,1233,192
gaze,134021658919878479,1230,187
gaze,134021658919962443,1236,196
gaze,134021658920046512,1243,191
gaze,134021658920150905,1230,185
gaze,134021658920227058,1223,172
gaze,134021658920297472,1225,171
gaze,134021658920379482,1236,192
gaze,134021658920486096,1228,189
gaze,134021658920565619,1229,185
gaze,134021658920649862,1232,185
gaze,134021658920732535,1233,194
gaze,134021658920816092,1225,196
gaze,134021658920898474,1231,191
gaze,134021658920978299,1225,186
gaze,134021658921068654,1237,182
gaze,134021658921525042,1225,196
gaze,134021658922321489,1190,235
gaze,134021658922411588,1193,240
gaze,134021658922492790,1192,241
gaze,134021658922571808,1186,226
gaze,134021658922650493,1193,237
gaze,134021658922724155,1186,223
gaze,134021658922808019,1194,238
gaze,134021658922891015,1192,240
gaze,134021658922965111,1190,243
gaze,134021658923036700,1194,246
gaze,134021658923121808,1191,256
gaze,134021658923205634,1192,262
gaze,134021658923288066,1195,269
gaze,134021658923373860,1198,253
gaze,134021658923453947,1188,260
gaze,134021658923538470,1189,256
gaze,134021658923621526,1183,267
gaze,134021658923704801,1195,256
gaze,134021658923787253,1186,244
gaze,134021658923870719,1184,252
gaze,134021658923954828,1198,258
gaze,134021658924038828,1193,277
gaze,134021658924123827,1190,271
gaze,134021658924244724,1192,278
gaze,134021658924304794,1201,262
gaze,134021658924389822,1191,272
gaze,134021658924473860,1196,271
gaze,134021658924579730,1199,262
gaze,134021658924657973,1196,266
gaze,134021658924744584,1198,272
gaze,134021658924825610,1196,266
gaze,134021658924912818,1192,266
gaze,134021658924991934,1194,264
gaze,134021658925074193,1184,271
gaze,134021658925159651,1191,280
gaze,134021658925242461,1193,273
gaze,134021658925326588,1190,270
gaze,134021658925404225,1191,252
gaze,134021658925494047,1198,276
gaze,134021658925575665,1193,278
gaze,134021658925660998,1188,265
gaze,134021658925741896,1192,265
gaze,134021658925827440,1192,256
gaze,134021658925908273,1193,252
gaze,134021658925989592,1196,255
gaze,134021658926058470,1197,271
gaze,134021658926140832,1202,267
gaze,134021658926224362,1193,270
gaze,134021658926329689,1194,277
gaze,134021658926390319,1194,274
gaze,134021658926474337,1198,279
gaze,134021658926558176,1187,272
gaze,134021658926660620,1193,280
gaze,134021658926741510,1236,267
gaze,134021658926828146,1261,262
gaze,134021658926908421,1253,274
gaze,134021658926995595,1255,282
gaze,134021658927075162,1254,276
gaze,134021658927155489,1246,282
gaze,134021658927242831,1248,272
gaze,134021658927326320,1248,263
gaze,134021658927418087,1253,274
gaze,134021658927489282,1249,260
gaze,134021658927577518,1254,263
gaze,134021658927658446,1257,266
gaze,134021658927744810,1254,269
gaze,134021658927826073,1255,266
gaze,134021658927912668,1247,270
gaze,134021658927991496,1258,275
gaze,134021658928072278,1254,272
gaze,134021658928139814,1156,283
gaze,134021658928223118,1122,272
gaze,134021658928306370,1149,279
gaze,134021658928403530,1169,269
gaze,134021658928473490,1152,272
gaze,134021658928556645,1152,261
gaze,134021658928660741,1150,278
gaze,134021658928745623,1148,264
gaze,134021658928827661,1157,270
gaze,134021658928908831,1157,271
gaze,134021658928995035,1151,258
gaze,134021658929075075,1152,258
gaze,134021658929160156,1154,268
gaze,134021658929236049,1154,253
gaze,134021658929328559,1150,271
gaze,134021658929412506,1154,261
gaze,134021658929490624,1154,262
gaze,134021658929575918,1151,265
gaze,134021658929658135,1150,261
gaze,134021658929742495,1150,268
gaze,134021658929828934,1136,258
gaze,134021658929910087,1114,231
gaze,134021658929994155,1137,244
gaze,134021658930077860,1131,247
gaze,134021658930156676,1130,238
gaze,134021658930222673,1127,236
gaze,134021658930306754,1128,225
gaze,134021658930408651,1135,225
gaze,134021658930473390,1135,229
gaze,134021658930555410,1138,219
gaze,134021658930639516,1130,225
gaze,134021658930743635,1128,234
gaze,134021658930825543,1130,245
gaze,134021658930911142,1131,225
gaze,134021658930992487,1134,237
gaze,134021658931080304,1130,239
gaze,134021658931158060,1138,244
gaze,134021658931240799,1137,241
gaze,134021658931326134,1128,241
gaze,134021658931409103,1131,249
gaze,134021658931493323,1133,259
gaze,134021658931570341,1134,246
gaze,134021658931659220,1136,261
gaze,134021658931742542,1134,209
gaze,134021658931825021,1149,723
gaze,134021658938799959,415,811
gaze,134021658938910999,539,798
gaze,134021658938983507,477,795
gaze,134021658939069359,493,745
gaze,134021658939151453,483,686
gaze,134021658939243601,466,633
gaze,134021658939325437,484,662
gaze,134021658939405791,489,652
KeyDown,134021658939460904,57
gaze,134021658939494474,484,644
gaze,134021658939576371,478,637
gaze,134021658939661430,360,677
gaze,134021658939738579,329,713
gaze,134021658939829427,423,740
gaze,134021658939909918,419,724
gaze,134021658939994857,420,753
gaze,134021658940075835,424,747
gaze,134021658940161755,415,759
gaze,134021658940241909,421,750
gaze,134021658940323749,431,743
gaze,134021658940389237,417,757
gaze,134021658940473990,417,744
gaze,134021658940577969,418,750
gaze,134021658940653469,423,754
gaze,134021658940728346,418,751
KeyUp,134021658940741319,57
KeyDown,134021658940744860,54
gaze,134021658940808132,420,752
gaze,134021658940911060,422,753
gaze,134021658940992773,425,749
gaze,134021658941078614,418,747
gaze,134021658941159935,420,744
gaze,134021658941244363,417,748
gaze,134021658941325717,420,747
gaze,134021658941412055,419,747
gaze,134021658941493520,411,751
gaze,134021658941574950,421,749
gaze,134021658941660564,416,752
KeyUp,134021658941701617,54
gaze,134021658941738977,415,743
gaze,134021658941827151,461,671
gaze,134021658941910479,437,585
gaze,134021658941993380,435,606
gaze,134021658942079707,441,596
gaze,134021658942160424,433,600
gaze,134021658942243436,433,618
gaze,134021658942321332,426,591
gaze,134021658942391411,426,595
gaze,134021658942474543,420,593
gaze,134021658942577626,418,592
gaze,134021658942653794,430,602
gaze,134021658942725853,429,596
gaze,134021658942808065,430,599
gaze,134021658942912002,429,604
gaze,134021658942993427,429,607
gaze,134021658943078161,432,609
gaze,134021658943159450,424,604
gaze,134021658943245148,434,598
gaze,134021658943325664,424,597
gaze,134021658943413548,429,596
gaze,134021658943494254,431,599
gaze,134021658943575481,424,533
gaze,134021658943661600,430,521
gaze,134021658943737125,432,545
gaze,134021658943828294,439,533
gaze,134021658943908814,433,527
gaze,134021658943994402,432,533
gaze,134021658944076232,424,524
gaze,134021658944168455,436,533
gaze,134021658944242317,426,527
gaze,134021658944323795,432,532
gaze,134021658944390156,429,540
gaze,134021658944474094,428,529
gaze,134021658944577289,432,534
gaze,134021658944652784,426,537
gaze,134021658944726188,430,529
gaze,134021658944806874,431,534
gaze,134021658944910521,441,546
gaze,134021658944992337,428,516
gaze,134021658945078726,422,524
gaze,134021658945159754,428,533
gaze,134021658945244193,439,550
gaze,134021658945325952,434,530
gaze,134021658945407265,431,540
gaze,134021658945493428,427,538
gaze,134021658945575251,429,548
gaze,134021658945658523,430,534
gaze,134021658945736757,431,537
gaze,134021658945826509,432,540
gaze,134021658945908765,437,536
gaze,134021658945992411,434,544
gaze,134021658946075789,430,530
gaze,134021658946159925,446,554
gaze,134021658946243174,509,629
gaze,134021658946324829,575,726
gaze,134021658946390636,636,853
gaze,134021658946474922,692,979
gaze,134021658946558095,727,1110
gaze,134021658946651015,719,1238
KeyDown,134021658949860831,32
KeyUp,134021658951140725,32
KeyDown,134021658951300654,84
gaze,134021658951743714,1213,633
gaze,134021658951821579,1213,380
gaze,134021658951911769,1225,240
gaze,134021658951993667,1214,196
gaze,134021658952079264,1215,220
KeyDown,134021658952102065,79
gaze,134021658952158100,1218,257
gaze,134021658952246264,1211,265
gaze,134021658952325578,1209,271
KeyUp,134021658952340301,84
gaze,134021658952410913,1215,278
gaze,134021658952492234,1213,290
gaze,134021658952573162,1212,269
gaze,134021658952638789,1211,269
gaze,134021658952719972,1211,270
gaze,134021658952826674,1206,269
gaze,134021658952888172,1215,282
KeyUp,134021658952981811,79
gaze,134021658952994205,1210,264
gaze,134021658953076099,1210,288
gaze,134021658953162829,1216,260
gaze,134021658953242421,1207,277
gaze,134021658953329239,1211,279
KeyDown,134021658953381833,32
gaze,134021658953410713,1216,274
gaze,134021658953495682,1210,287
gaze,134021658953575418,1220,266
gaze,134021658953657074,1205,281
gaze,134021658953742842,1217,267
gaze,134021658953820215,1204,277
gaze,134021658953910316,1219,256
gaze,134021658953991792,1218,270
gaze,134021658954080420,1213,262
gaze,134021658954159781,1220,264
gaze,134021658954245993,1205,252
KeyUp,134021658954263430,32
gaze,134021658954325143,1205,267
gaze,134021658954412450,1208,290
gaze,134021658954493132,1210,273
gaze,134021658954574562,1210,276
gaze,134021658954639562,1205,292
gaze,134021658954718734,1135,339
gaze,134021658954789998,1147,386
gaze,134021658954910495,1150,347
gaze,134021658954972889,1148,354
gaze,134021658955078784,1151,348
gaze,134021658955159058,1157,344
gaze,134021658955244574,1154,358
gaze,134021658955326376,1150,349
gaze,134021658955414847,1147,326
gaze,134021658955495158,1149,339
gaze,134021658955578267,1154,359
gaze,134021658955659999,1151,339
gaze,134021658955740729,1151,337
gaze,134021658955825165,1150,333
gaze,134021658955903073,1154,342
gaze,134021658955993907,1150,305
gaze,134021658956074472,1152,307
gaze,134021658956162386,1158,321
gaze,134021658956241691,1146,330
gaze,134021658956331680,1154,321
gaze,134021658956408305,1152,309
gaze,134021658956495692,1155,327
gaze,134021658956574997,1149,330
gaze,134021658956657107,1157,317
gaze,134021658956730473,1151,318
gaze,134021658956802021,1146,317
gaze,134021658956910779,1136,292
gaze,134021658956971746,1148,306
gaze,134021658957057161,1145,309
gaze,134021658957159661,1136,287
gaze,134021658957241732,1142,286
gaze,134021658957325873,1145,284
gaze,134021658957408591,1145,295
gaze,134021658957493707,1148,280
gaze,134021658957574138,1143,277
gaze,134021658957661384,1135,281
gaze,134021658957735587,1149,290
gaze,134021658957829075,1144,291
gaze,134021658957907971,1144,292
gaze,134021658957990129,1144,294
gaze,134021658958075602,1140,295
gaze,134021658958159183,1145,295
gaze,134021658958241847,1146,296
gaze,134021658958324193,1139,295
gaze,134021658958409734,1134,288
gaze,134021658958492949,1144,282
gaze,134021658958575513,1197,296
gaze,134021658958654463,1272,311
gaze,134021658958723345,1250,281
gaze,134021658958808065,1255,289
gaze,134021658958885545,1253,292
gaze,134021658958992394,1252,292
gaze,134021658959056279,1252,311
gaze,134021658959139258,1254,305
gaze,134021658959243847,1253,296
gaze,134021658959325004,1251,288
gaze,134021658959412655,1257,291
gaze,134021658959493557,1247,292
gaze,134021658959578507,1243,313
gaze,134021658959658923,1244,311
gaze,134021658959745202,1248,304
gaze,134021658959822367,1253,320
gaze,134021658959912648,1256,330
gaze,134021658959992099,1253,325
gaze,134021658960073682,1249,313
gaze,134021658960160001,1255,332
gaze,134021658960241087,1254,308
gaze,134021658960327772,1255,297
gaze,134021658960410807,1289,354
gaze,134021658960494331,1310,502
gaze,134021658960576815,1305,657
gaze,134021658960661318,1306,809
gaze,134021658960738792,1313,978
gaze,134021658960808039,1289,1130
gaze,134021658965980288,1246,596
gaze,134021658966070977,1229,406
gaze,134021658966157098,1242,315
KeyDown,134021658966181353,57
gaze,134021658966244187,1243,240
gaze,134021658966329901,1246,209
gaze,134021658966409527,1240,292
gaze,134021658966494809,1228,329
gaze,134021658966576553,1239,324
gaze,134021658966661541,1238,310
gaze,134021658966743334,1240,315
gaze,134021658966827702,1239,319
KeyUp,134021658966900892,57
gaze,134021658966903549,1238,308
gaze,134021658966977346,1233,320
gaze,134021658967053579,1235,328
gaze,134021658967160814,1240,322
gaze,134021658967222355,1242,299
gaze,134021658967328732,1239,318
gaze,134021658967410927,1240,316
gaze,134021658967497032,1239,305
gaze,134021658967576444,1237,326
KeyDown,134021658967624700,57
gaze,134021658967662720,1239,321
gaze,134021658967742982,1237,320
gaze,134021658967830003,1236,299
gaze,134021658967909240,1237,320
gaze,134021658967991777,1235,333
gaze,134021658968077473,1241,325
gaze,134021658968153941,1239,327
gaze,134021658968246114,1239,318
gaze,134021658968325191,1239,333
gaze,134021658968413285,1238,318
gaze,134021658968493219,1241,337
KeyUp,134021658968501377,57
gaze,134021658968579958,1172,350
gaze,134021658968659426,1089,359
gaze,134021658968746687,1130,354
gaze,134021658968827164,1122,354
gaze,134021658968907723,1127,327
gaze,134021658968973728,1125,323
gaze,134021658969053077,1123,331
gaze,134021658969160453,1121,337
gaze,134021658969221511,1135,352
gaze,134021658969306894,1123,332
KeyDown,134021658969380799,32
gaze,134021658969411666,1127,328
gaze,134021658969493481,1137,355
gaze,134021658969578175,1139,354
gaze,134021658969659252,1131,339
gaze,134021658969745744,1132,341
gaze,134021658969825889,1143,304
gaze,134021658969912668,1135,296
gaze,134021658969985930,1130,360
gaze,134021658970079558,1139,363
KeyUp,134021658970100444,32
gaze,134021658970164924,1133,345
gaze,134021658970240965,1132,344
gaze,134021658970327396,1136,340
gaze,134021658970409146,1136,344
gaze,134021658970495091,1135,352
gaze,134021658970575233,1137,356
gaze,134021658970661578,1140,366
gaze,134021658970742141,1136,359
gaze,134021658970827934,1132,361
gaze,134021658970906430,1143,340
gaze,134021658970977052,1136,330
gaze,134021658971056545,1129,357
gaze,134021658971160540,1126,337
gaze,134021658971222321,1130,321
gaze,134021658971306400,1132,344
gaze,134021658971390955,1129,341
gaze,134021658971494852,1136,314
gaze,134021658971575469,1130,313
gaze,134021658971660133,1131,327
gaze,134021658971742347,1124,336
gaze,134021658971829332,1124,327
gaze,134021658971909818,1131,331
gaze,134021658971990646,1131,323
gaze,134021658972077449,1135,318
gaze,134021658972158647,1126,323
gaze,134021658972244620,1128,347
gaze,134021658972319337,1131,323
gaze,134021658972411665,1128,330
gaze,134021658972492758,1136,329
gaze,134021658972577009,1128,339
gaze,134021658972658022,1129,329
gaze,134021658972751157,1129,321
gaze,134021658972825666,1125,328
gaze,134021658972906053,1129,326
gaze,134021658972973981,1127,316
gaze,134021658973056549,1131,324
gaze,134021658973140645,1122,353
gaze,134021658973243311,1125,350
gaze,134021658973306435,1127,349
gaze,134021658973390490,1126,338
gaze,134021658973494047,1130,341
gaze,134021658973575035,1132,351
gaze,134021658973661259,1127,345
gaze,134021658973742043,1132,355
gaze,134021658973828474,1126,328
gaze,134021658973908453,1129,344
gaze,134021658973994906,1122,339
gaze,134021658974069824,1142,333
gaze,134021658974161813,1204,305
gaze,134021658974242696,1194,314
gaze,134021658974328313,1188,309
gaze,134021658974410604,1190,314
gaze,134021658974493986,1184,321
gaze,134021658974575274,1183,313
gaze,134021658974662154,1182,308
gaze,134021658974742541,1190,290
gaze,134021658974829112,1189,287
gaze,134021658974909053,1181,306
gaze,134021658974989848,1186,302
gaze,134021658975058092,1183,311
gaze,134021658975141304,1192,301
KeyDown,134021658975220817,8
gaze,134021658975244256,1185,292
gaze,134021658975305934,1178,302
gaze,134021658975399014,1187,284
gaze,134021658975477235,1188,308
gaze,134021658975578216,1192,311
gaze,134021658975659638,1182,292
gaze,134021658975745811,1185,297
gaze,134021658975825111,1186,298
KeyUp,134021658975861558,8
gaze,134021658975911297,1153,288
gaze,134021658975992576,1142,284
gaze,134021658976073494,1145,287
gaze,134021658976165133,1145,283
gaze,134021658976241637,1145,264
gaze,134021658976332470,1144,281
gaze,134021658976404243,1150,269
gaze,134021658976496518,1155,278
gaze,134021658976576070,1153,275
gaze,134021658976661749,1159,268
gaze,134021658976745368,1156,280
gaze,134021658976829883,1157,273
gaze,134021658976909493,1158,289
gaze,134021658976990446,1152,266
gaze,134021658977057616,1152,278
gaze,134021658977140305,1153,286
gaze,134021658977224033,1161,271
gaze,134021658977326795,1153,259
gaze,134021658977390250,1156,254
gaze,134021658977474267,1148,271
gaze,134021658977556877,1156,277
gaze,134021658977661255,1148,274
gaze,134021658977742298,1145,257
gaze,134021658977829174,1160,287
gaze,134021658977908152,1153,277
gaze,134021658977995335,1158,272
gaze,134021658978076015,1163,267
gaze,134021658978157897,1154,261
gaze,134021658978242671,1158,287
gaze,134021658978326263,1059,344
gaze,134021658978410153,855,419
gaze,134021658978488161,624,414
gaze,134021658978578398,495,477
gaze,134021658978659800,495,529
gaze,134021658978746437,512,543
gaze,134021658978826601,517,541
gaze,134021658978913435,521,527
gaze,134021658978992914,521,549
gaze,134021658979075006,526,543
gaze,134021658979140711,533,552
gaze,134021658979224062,531,534
gaze,134021658979308344,531,543
gaze,134021658979409092,540,547
gaze,134021658979475328,545,543
gaze,134021658979557384,536,557
gaze,134021658979641699,535,541
gaze,134021658979753598,538,547
gaze,134021658979827613,548,551
gaze,134021658979914209,540,551
gaze,134021658979993526,538,537
gaze,134021658980079561,544,528
gaze,134021658980159979,535,530
gaze,134021658980241392,540,537
gaze,134021658980327014,540,551
gaze,134021658980410597,541,546
gaze,134021658980494158,538,546
gaze,134021658980570698,542,555
gaze,134021658980662743,500,559
gaze,134021658980748621,445,565
gaze,134021658980831399,466,553
gaze,134021658980910351,451,568
gaze,134021658980995336,447,557
gaze,134021658981075929,454,551
gaze,134021658981156433,453,551
gaze,134021658981222904,451,542
gaze,134021658981307783,454,561
gaze,134021658981391646,450,557
gaze,134021658981493215,449,561
gaze,134021658981556286,463,553
gaze,134021658981641350,456,545
gaze,134021658981724633,455,544
gaze,134021658981828683,461,552
gaze,134021658981910733,457,559
gaze,134021658981995786,458,561
gaze,134021658982082510,447,554
gaze,134021658982162348,456,545
gaze,134021658982242360,457,559
gaze,134021658982324619,458,551
gaze,134021658982410111,457,552
gaze,134021658982492894,455,552
gaze,134021658982577085,456,559
gaze,134021658982654938,456,559
gaze,134021658982744600,449,558
gaze,134021658982826623,457,564
gaze,134021658982912171,457,559
gaze,134021658982994094,459,554
gaze,134021658983079896,470,547
gaze,134021658983160792,463,542
gaze,134021658983241188,465,549
gaze,134021658983308980,479,562
gaze,134021658983397537,457,546
gaze,134021658983496201,470,552
gaze,134021658983570119,469,545
KeyDown,134021658983620515,8
gaze,134021658983642596,465,543
gaze,134021658983724315,464,549
gaze,134021658983828507,474,555
gaze,134021658983909918,470,553
gaze,134021658983995978,458,539
gaze,134021658984077075,467,541
gaze,134021658984161727,466,553
gaze,134021658984242782,459,554
gaze,134021658984324495,467,554
gaze,134021658984411776,466,565
gaze,134021658984494031,465,548
gaze,134021658984578648,457,544
gaze,134021658984653725,467,556
KeyUp,134021658984741762,8
gaze,134021658984746819,462,550
gaze,134021658984826091,456,544
gaze,134021658984912735,466,546
gaze,134021658984993675,472,560
gaze,134021658985080944,471,563
gaze,134021658985161027,463,560
gaze,134021658985240202,461,555
gaze,134021658985309271,470,580
gaze,134021658985392481,466,556
KeyDown,134021658985461756,8
gaze,134021658985496657,463,558
gaze,134021658985570529,474,567
gaze,134021658985643141,469,560
gaze,134021658985724969,472,567
gaze,134021658985828156,466,562
gaze,134021658985910665,472,589
gaze,134021658985994371,548,601
KeyUp,134021658986021285,8
gaze,134021658986079790,634,659
gaze,134021658986166834,736,743
gaze,134021658986245873,839,846
gaze,134021658986325624,917,938
gaze,134021658986414716,1022,1072
gaze,134021658986484627,1112,1185
KeyDown,134021658988101093,49
KeyUp,134021658989300609,49
KeyDown,134021658989861209,48
gaze,134021658990395227,618,908
KeyUp,134021658990501724,48
gaze,134021658990662076,635,670
gaze,134021658990737436,598,707
gaze,134021658990821203,556,591
gaze,134021658990912674,552,519
gaze,134021658990994141,556,508
gaze,134021658991079643,549,499
gaze,134021658991161220,549,508
KeyDown,134021658991220980,48
gaze,134021658991245144,557,526
gaze,134021658991327406,545,533
gaze,134021658991407791,546,539
gaze,134021658991476754,554,544
gaze,134021658991558248,548,530
gaze,134021658991660546,547,533
gaze,134021658991724069,543,531
gaze,134021658991808336,539,522
KeyUp,134021658991860920,48
gaze,134021658991912392,552,527
gaze,134021658991995070,549,521
gaze,134021658992080270,545,538
gaze,134021658992160837,550,531
gaze,134021658992244885,546,529
gaze,134021658992326575,521,524
gaze,134021658992413197,464,546
gaze,134021658992488217,474,552
KeyDown,134021658992581618,32
gaze,134021658992581767,480,550
gaze,134021658992659320,485,554
gaze,134021658992739990,478,548
gaze,134021658992828283,477,546
gaze,134021658992909691,475,554
gaze,134021658992996405,481,556
gaze,134021658993077807,489,561
gaze,134021658993162310,483,553
gaze,134021658993244295,483,559
gaze,134021658993329280,480,553
KeyUp,134021658993380928,32
gaze,134021658993405505,478,550
gaze,134021658993478430,474,556
gaze,134021658993557440,482,549
gaze,134021658993660879,481,555
gaze,134021658993723826,482,558
gaze,134021658993808000,483,551
gaze,134021658993912135,481,552
gaze,134021658993993274,477,552
gaze,134021658994091498,483,548
gaze,134021658994162517,474,543
KeyDown,134021658994181052,73
gaze,134021658994245317,479,545
gaze,134021658994328698,487,538
gaze,134021658994410974,648,495
gaze,134021658994488521,885,383
gaze,134021658994577522,1070,232
gaze,134021658994660508,1235,169
gaze,134021658994733740,1340,177
gaze,134021658994828485,1378,161
KeyUp,134021658994901191,73
gaze,134021658994905413,1352,170
gaze,134021658994992496,1345,164
gaze,134021658995073046,1337,147
gaze,134021658995157832,1337,140
gaze,134021658995244313,1348,152
gaze,134021658995328341,1347,162
gaze,134021658995404673,1343,142
KeyDown,134021658995461060,78
gaze,134021658995480894,1342,159
gaze,134021658995558399,1333,148
gaze,134021658995640079,1336,158
gaze,134021658995744316,1337,162
gaze,134021658995806685,1342,160
gaze,134021658995891488,1335,144
gaze,134021658995995103,1333,156
gaze,134021658996076744,1337,154
gaze,134021658996162190,1337,153
KeyUp,134021658996180862,78
gaze,134021658996242320,1333,161
gaze,134021658996333469,1325,166
gaze,134021658996410501,1332,165
gaze,134021658996496743,1328,163
gaze,134021658996571333,1326,166
gaze,134021658996662641,1322,160
KeyDown,134021658996742000,32
gaze,134021658996743219,1329,158
gaze,134021658996825604,1301,147
gaze,134021658996910485,1217,105
gaze,134021658996993947,1215,79
gaze,134021658997077927,1194,71
gaze,134021658997160816,1200,72
gaze,134021658997243772,1195,71
gaze,134021658997326171,1203,78
gaze,134021658997411275,1201,75
gaze,134021658997489796,1199,66
gaze,134021658997558479,1201,75
gaze,134021658997643094,1197,74
KeyUp,134021658997701132,32
gaze,134021658997744927,1196,75
gaze,134021658997807135,1203,73
gaze,134021658997891488,1199,79
gaze,134021658997995345,1206,79
gaze,134021658998077106,1196,82
gaze,134021658998162906,1200,91
gaze,134021658998242663,1194,86
gaze,134021658998330255,1206,74
gaze,134021658998409955,1201,79
gaze,134021658998497364,1203,72
gaze,134021658998571131,1202,87
gaze,134021658998663166,1203,79
gaze,134021658998745657,1205,79
gaze,134021658998825723,1192,80
gaze,134021658998910065,1196,80
gaze,134021658998993703,1107,95
gaze,134021658999077328,1112,104
gaze,134021658999160475,1119,94
gaze,134021658999243798,1112,87
gaze,134021658999327254,1121,97
gaze,134021658999410869,1118,99
gaze,134021658999489160,1112,93
gaze,134021658999557833,1124,91
gaze,134021658999642007,1124,107
gaze,134021658999746499,1123,100
gaze,134021658999807322,1116,92
gaze,134021658999892273,1125,98
gaze,134021658999995891,1119,89
gaze,134021659000086552,1115,99
gaze,134021659000163722,1118,92
gaze,134021659000242429,1123,89
gaze,134021659000327956,1117,93
gaze,134021659000409853,1115,99
gaze,134021659000496741,1120,95
gaze,134021659000570596,1123,99
gaze,134021659000662366,1121,97
gaze,134021659000743557,1115,88
gaze,134021659000823730,1118,96
gaze,134021659000912440,1122,95
gaze,134021659000993591,1116,97
gaze,134021659001079573,1119,94
gaze,134021659001159719,1124,93
gaze,134021659001244295,1119,97
gaze,134021659001326549,1117,88
gaze,134021659001413783,1124,97
gaze,134021659001490382,1124,98
gaze,134021659001560193,1115,90
gaze,134021659001641493,1126,104
gaze,134021659001744190,1122,99
gaze,134021659001808021,1121,89
gaze,134021659001891258,1118,88
gaze,134021659001995685,1116,101
gaze,134021659002076911,1123,94
gaze,134021659002162691,1119,102
gaze,134021659002242505,1121,89
gaze,134021659002329690,1120,94
gaze,134021659002409594,1118,79
gaze,134021659002495995,1125,90
gaze,134021659002570050,1123,89
gaze,134021659002663098,1129,92
gaze,134021659002743263,1124,86
gaze,134021659002825199,1119,95
gaze,134021659002910458,1119,92
gaze,134021659002994194,1114,90
gaze,134021659003077473,1125,80
gaze,134021659003160102,1119,88
gaze,134021659003243411,1121,103
gaze,134021659003326507,1121,89
gaze,134021659003411205,1121,91
gaze,134021659003488481,1118,79
gaze,134021659003557578,1132,80
gaze,134021659003641605,1138,88
gaze,134021659003719437,1142,97
gaze,134021659003826878,1135,86
gaze,134021659003889985,1138,83
gaze,134021659003974188,1128,78
gaze,134021659004079159,1136,81
gaze,134021659004160947,1131,79
gaze,134021659004246912,1130,76
gaze,134021659004326039,1131,88
gaze,134021659004413537,1127,93
gaze,134021659004493508,1130,83
gaze,134021659004580013,1134,85
gaze,134021659004653672,1134,85
gaze,134021659004746289,1135,83
gaze,134021659004825695,1133,81
gaze,134021659004907298,1136,91
gaze,134021659004995468,1136,90
gaze,134021659005077127,1134,82
gaze,134021659005162334,1133,79
gaze,134021659005243453,1139,91
gaze,134021659005330246,1142,93
gaze,134021659005418305,1139,103
gaze,134021659005496949,1138,76
gaze,134021659005574198,1139,84
gaze,134021659005642902,1134,93
gaze,134021659005725823,1015,130
KeyDown,134021659005781324,192
gaze,134021659005803604,851,203
gaze,134021659005910476,677,289
gaze,134021659005977514,534,344
gaze,134021659006058171,477,453
gaze,134021659006162603,486,535
gaze,134021659006243399,519,566
gaze,134021659006334493,512,564
gaze,134021659006410944,521,562
gaze,134021659006497115,523,560
gaze,134021659006577429,518,552
gaze,134021659006662467,528,556
gaze,134021659006738389,515,543
KeyUp,134021659006822214,192
gaze,134021659006830311,527,552
gaze,134021659006909650,529,551
gaze,134021659006990934,537,555
gaze,134021659007078277,530,545
gaze,134021659007160853,529,544
gaze,134021659007245746,535,544
gaze,134021659007327388,530,539
gaze,134021659007412431,532,547
gaze,134021659007494993,532,557
gaze,134021659007576980,538,561
gaze,134021659007654921,532,546
gaze,134021659007724207,529,552
gaze,134021659007807792,534,549
gaze,134021659007886599,534,557
gaze,134021659007992883,526,556
gaze,134021659008058281,534,551
gaze,134021659008141152,532,556
gaze,134021659008244549,528,569
gaze,134021659008328493,537,562
gaze,134021659008410729,538,571
gaze,134021659008494845,541,562
gaze,134021659008576497,530,562
gaze,134021659008662497,532,562
gaze,134021659008749947,538,566
gaze,134021659008824404,539,538
gaze,134021659008911633,544,549
gaze,134021659008993721,545,568
gaze,134021659009072855,548,545
gaze,134021659009161643,536,550
gaze,134021659009243947,536,542
KeyDown,134021659009301352,82
gaze,134021659009326182,541,548
gaze,134021659009412830,540,533
gaze,134021659009495615,546,553
gaze,134021659009579308,543,544
gaze,134021659009660931,541,544
gaze,134021659009740756,542,541
gaze,134021659009808239,545,548
gaze,134021659009892350,542,548
gaze,134021659009994559,544,541
gaze,134021659010058684,545,546
KeyUp,134021659010106460,82
gaze,134021659010142020,545,544
gaze,134021659010244465,541,544
gaze,134021659010328022,540,549
gaze,134021659010411493,542,546
gaze,134021659010495168,529,501
gaze,134021659010577745,619,736
KeyDown,134021659010981330,68
KeyUp,134021659011781029,68
gaze,134021659012054180,553,730
gaze,134021659012137571,613,713
KeyDown,134021659012181231,66
gaze,134021659012246210,540,576
gaze,134021659012319308,547,494
gaze,134021659012412151,567,479
gaze,134021659012495394,549,502
gaze,134021659012577299,543,478
gaze,134021659012661541,543,504
gaze,134021659012744957,543,504
gaze,134021659012821556,540,506
KeyUp,134021659012901267,66
gaze,134021659012911285,544,495
gaze,134021659012996552,547,515
gaze,134021659013073168,546,510
gaze,134021659013162167,550,544
gaze,134021659013244857,550,527
gaze,134021659013328126,544,522
gaze,134021659013413344,549,528
gaze,134021659013494901,548,520
gaze,134021659013576818,551,525
gaze,134021659013661086,551,535
gaze,134021659013737940,551,530
gaze,134021659013809107,549,536
gaze,134021659013891544,557,545
gaze,134021659013995709,550,535
gaze,134021659014058485,558,539
gaze,134021659014142474,552,543
KeyDown,134021659014182374,190
gaze,134021659014245708,555,538
gaze,134021659014327564,554,544
gaze,134021659014413520,549,546
gaze,134021659014494672,549,533
gaze,134021659014579716,555,536
gaze,134021659014660906,561,546
gaze,134021659014746872,550,546
gaze,134021659014822573,558,554
gaze,134021659014914130,549,557
KeyUp,134021659014980979,190
gaze,134021659014994512,551,539
gaze,134021659015074839,543,532
gaze,134021659015162329,548,552
gaze,134021659015245089,551,539
gaze,134021659015328568,549,539
gaze,134021659015412334,547,542
gaze,134021659015495781,548,544
gaze,134021659015578306,551,537
KeyDown,134021659015620774,67
gaze,134021659015661672,554,553
gaze,134021659015739781,549,527
gaze,134021659015809216,557,546
gaze,134021659015892344,545,534
gaze,134021659015995630,550,539
gaze,134021659016058909,541,531
gaze,134021659016142717,546,544
KeyUp,134021659016180865,67
gaze,134021659016245917,541,521
gaze,134021659016332234,549,548
gaze,134021659016411762,549,548
gaze,134021659016498329,544,542
gaze,134021659016580989,550,534
gaze,134021659016663154,547,535
gaze,134021659016750143,552,543
gaze,134021659016824575,547,544
gaze,134021659016912999,573,542
gaze,134021659016994661,565,534
gaze,134021659017075456,565,544
gaze,134021659017162287,571,557
gaze,134021659017244135,561,539
gaze,134021659017330804,572,556
gaze,134021659017411856,568,541
gaze,134021659017497382,572,538
gaze,134021659017578094,565,540
gaze,134021659017663553,565,535
gaze,134021659017739465,561,543
gaze,134021659017810798,573,535
KeyDown,134021659017860893,192
gaze,134021659017891627,567,546
gaze,134021659017970363,557,527
gaze,134021659018078257,564,544
gaze,134021659018140917,569,537
gaze,134021659018245010,565,541
gaze,134021659018328237,562,543
gaze,134021659018415449,567,539
gaze,134021659018495373,563,553
gaze,134021659018577361,563,547
gaze,134021659018663558,562,529
gaze,134021659018745214,568,536
gaze,134021659018830659,564,537
KeyUp,134021659018901610,192
gaze,134021659018904357,565,548
gaze,134021659018997010,555,540
gaze,134021659019072438,568,541
gaze,134021659019163406,565,542
gaze,134021659019243712,563,542
gaze,134021659019330361,567,544
gaze,134021659019411556,558,546
gaze,134021659019497876,563,543
gaze,134021659019577759,563,549
gaze,134021659019663116,562,536
gaze,134021659019744023,569,551
gaze,134021659019828483,568,559
gaze,134021659019893335,572,543
gaze,134021659019971854,555,518
gaze,134021659020078782,560,521
gaze,134021659020140295,563,520
gaze,134021659020225295,563,533
gaze,134021659020329070,559,540
gaze,134021659020410943,565,541
gaze,134021659020497578,567,534
gaze,134021659020578139,562,539
gaze,134021659020663103,569,542
gaze,134021659020745062,558,537
gaze,134021659020829356,559,529
gaze,134021659020906426,563,546
gaze,134021659020995689,560,541
gaze,134021659021077547,558,539
gaze,134021659021158887,559,562
gaze,134021659021245110,562,553
gaze,134021659021327803,560,544
gaze,134021659021412584,556,541
gaze,134021659021495949,565,540
gaze,134021659021578035,560,556
gaze,134021659021663476,568,548
gaze,134021659021744564,584,548
gaze,134021659021824470,584,552
gaze,134021659021893531,582,542
gaze,134021659021975776,579,535
gaze,134021659022054741,581,556
gaze,134021659022161036,578,541
gaze,134021659022224733,571,542
gaze,134021659022329052,589,548
gaze,134021659022411361,573,547
gaze,134021659022494850,584,561
gaze,134021659022577840,586,558
gaze,134021659022660917,586,573
gaze,134021659022744983,585,560
gaze,134021659022828605,581,558
gaze,134021659022911147,589,553
gaze,134021659022989217,579,566
gaze,134021659023079510,582,557
gaze,134021659023156799,583,549
gaze,134021659023247644,641,588
gaze,134021659023329555,748,623
gaze,134021659023413271,858,724
gaze,134021659023496676,999,910
gaze,134021659023578118,1086,1058
gaze,134021659028832605,479,679
gaze,134021659028911713,441,594
gaze,134021659028998711,354,588
gaze,134021659029079920,345,579
gaze,134021659029149704,406,560
gaze,134021659029245577,455,520
gaze,134021659029323323,444,506
gaze,134021659029418932,444,519
gaze,134021659029491434,442,534
gaze,134021659029574121,444,544
gaze,134021659029658657,448,558
KeyDown,134021659029701504,13
gaze,134021659029741498,452,556
gaze,134021659029830247,439,562
gaze,134021659029912720,442,552
gaze,134021659029994745,443,556
gaze,134021659030073319,451,566
gaze,134021659030142761,445,569
gaze,134021659030221386,448,568
gaze,134021659030329046,443,567
gaze,134021659030392104,445,563
gaze,134021659030497703,439,566
KeyUp,134021659030501212,13
gaze,134021659030578569,444,566
gaze,134021659030662909,442,566
gaze,134021659030745914,444,572
gaze,134021659030831811,430,562
gaze,134021659030912453,444,565
gaze,134021659030997542,438,552
gaze,134021659031078834,441,551
gaze,134021659031158097,437,551
gaze,134021659031245524,439,567
gaze,134021659031322778,436,557
gaze,134021659031412938,436,556
gaze,134021659031495295,438,560
gaze,134021659031577673,439,562
gaze,134021659031666355,386,561
gaze,134021659031747003,343,576
gaze,134021659031829965,365,566
gaze,134021659031913746,365,576
gaze,134021659031996334,356,570
gaze,134021659032075709,366,574
gaze,134021659032143151,363,573
gaze,134021659032221821,366,581
gaze,134021659032292964,366,565
gaze,134021659032411884,358,569
gaze,134021659032496749,355,570
gaze,134021659032579137,360,567
gaze,134021659032663839,371,581
gaze,134021659032745796,369,571
gaze,134021659032830798,366,562
gaze,134021659032911552,362,562
gaze,134021659032998771,364,559
gaze,134021659033079748,379,580
gaze,134021659033164953,367,566
gaze,134021659033240450,362,563
gaze,134021659033326662,363,560
gaze,134021659033413229,367,565
gaze,134021659033495994,360,559
gaze,134021659033578912,362,562
gaze,134021659033661400,363,558
gaze,134021659033746307,368,575
KeyDown,134021659033782937,189
gaze,134021659033829476,368,566
gaze,134021659033911976,365,566
gaze,134021659033996840,357,564
gaze,134021659034079760,370,562
gaze,134021659034158026,369,559
gaze,134021659034222437,361,558
gaze,134021659034292118,367,564
gaze,134021659034375058,364,559
gaze,134021659034496066,372,567
gaze,134021659034579062,360,559
gaze,134021659034662360,366,563
KeyUp,134021659034741343,189
gaze,134021659034746545,369,555
gaze,134021659034829915,370,561
gaze,134021659034912220,361,564
gaze,134021659034995217,373,571
gaze,134021659035079295,368,569
gaze,134021659035163076,367,563
gaze,134021659035246151,364,557
gaze,134021659035325144,374,571
gaze,134021659035409056,369,566
gaze,134021659035496634,370,552
gaze,134021659035578825,362,553
gaze,134021659035661758,363,550
gaze,134021659035745001,368,571
KeyDown,134021659035781310,32
gaze,134021659035832209,363,555
gaze,134021659035913293,369,567
gaze,134021659035995928,364,559
gaze,134021659036078841,374,562
gaze,134021659036164643,369,568
gaze,134021659036240344,368,559
gaze,134021659036308043,374,563
gaze,134021659036378536,371,566
gaze,134021659036459291,369,560
gaze,134021659036578966,372,564
gaze,134021659036662622,360,544
gaze,134021659036745799,366,555
KeyUp,134021659036821581,32
gaze,134021659036829189,369,560
gaze,134021659036912331,359,555
gaze,134021659036996125,361,552
gaze,134021659037079631,371,556
gaze,134021659037162121,364,547
gaze,134021659037245453,362,565
gaze,134021659037329681,360,556
gaze,134021659037426103,380,573
gaze,134021659037492341,369,561
gaze,134021659037580196,365,560
gaze,134021659037662186,361,554
gaze,134021659037746050,363,562
gaze,134021659037830202,364,554
gaze,134021659037912530,365,560
gaze,134021659037998228,368,557
gaze,134021659038079511,375,554
gaze,134021659038161782,370,576
gaze,134021659038244583,367,566
gaze,134021659038324714,367,557
gaze,134021659038389529,370,566
gaze,134021659038459904,362,561
gaze,134021659038588701,374,568
gaze,134021659038664841,368,565
gaze,134021659038752472,373,576
gaze,134021659038830621,374,583
gaze,134021659038912868,361,565
gaze,134021659038996836,364,556
gaze,134021659039079667,368,571
gaze,134021659039162970,369,577
gaze,134021659039245732,368,552
gaze,134021659039329768,370,585
gaze,134021659039408114,367,569
gaze,134021659039493034,362,570
gaze,134021659039580588,374,570
gaze,134021659039662986,364,561
gaze,134021659039747383,361,567
gaze,134021659039829263,388,564
gaze,134021659039912989,513,568
gaze,134021659039996709,713,522
gaze,134021659040079877,915,480
gaze,134021659040162628,1107,437
gaze,134021659040245676,1246,451
KeyDown,134021659040261008,160
gaze,134021659040323895,1323,445
gaze,134021659040389406,1332,429
gaze,134021659040459669,1315,439
gaze,134021659040580562,1308,419
gaze,134021659040641282,1297,409
gaze,134021659040747638,1298,420
gaze,134021659040828893,1304,424
gaze,134021659040915268,1302,412
gaze,134021659040995786,1293,400
gaze,134021659041081075,1286,411
gaze,134021659041161927,1298,413
gaze,134021659041246600,1297,393
gaze,134021659041328951,1284,420
gaze,134021659041409594,1298,386
gaze,134021659041497146,1303,388
gaze,134021659041572802,1297,411
gaze,134021659041664919,1290,397
gaze,134021659041745812,1291,400
gaze,134021659041834520,1296,399
gaze,134021659041912103,1294,398
gaze,134021659041998642,1289,402
gaze,134021659042078867,1291,411
gaze,134021659042165959,1293,392
gaze,134021659042244277,1292,388
gaze,134021659042325491,1296,375
gaze,134021659042392889,1275,372
gaze,134021659042471415,1266,311
gaze,134021659042540301,1277,308
KeyDown,134021659042661579,76
gaze,134021659042661451,1276,290
gaze,134021659042728819,1272,296
gaze,134021659042830149,1266,307
gaze,134021659042911555,1276,290
gaze,134021659042998940,1269,289
KeyUp,134021659043062083,160
gaze,134021659043078130,1279,301
gaze,134021659043165972,1271,293
gaze,134021659043244796,1268,310
gaze,134021659043332285,1275,302
KeyUp,134021659043381186,76
gaze,134021659043411817,1274,281
gaze,134021659043494302,1280,306
gaze,134021659043577812,1277,305
gaze,134021659043656115,1280,294
gaze,134021659043745947,1266,306
gaze,134021659043827450,1272,295
KeyDown,134021659043861305,73
gaze,134021659043915013,1272,299
gaze,134021659043996074,1272,287
gaze,134021659044080993,1273,293
gaze,134021659044162090,1274,312
gaze,134021659044247223,1267,312
gaze,134021659044328981,1298,274
gaze,134021659044411155,1329,254
gaze,134021659044477395,1344,260
gaze,134021659044554989,1340,257
gaze,134021659044625209,1343,259
gaze,134021659044745353,1338,268
gaze,134021659044808579,1342,262
gaze,134021659044913113,1338,264
gaze,134021659044995751,1333,264
gaze,134021659045079718,1336,247
gaze,134021659045162586,1337,252
KeyUp,134021659045221111,73
gaze,134021659045245740,1336,255
gaze,134021659045330036,1336,267
gaze,134021659045415929,1338,261
KeyDown,134021659045461347,78
gaze,134021659045496706,1333,273
gaze,134021659045573673,1336,270
gaze,134021659045663710,1333,260
gaze,134021659045739078,1331,275
gaze,134021659045831696,1325,266
gaze,134021659045911525,1331,254
gaze,134021659045998149,1330,264
gaze,134021659046078781,1331,272
gaze,134021659046167922,1340,251
gaze,134021659046245077,1333,265
gaze,134021659046332198,1324,255
gaze,134021659046416016,1334,262
KeyUp,134021659046421653,78
gaze,134021659046493614,1327,267
gaze,134021659046560850,1334,246
gaze,134021659046639822,1330,248
gaze,134021659046745582,1324,259
gaze,134021659046809060,1318,262
KeyDown,134021659046901357,69
gaze,134021659046914140,1291,266
gaze,134021659046994734,1294,256
gaze,134021659047082374,1299,268
gaze,134021659047162453,1292,259
gaze,134021659047248176,1287,267
gaze,134021659047328980,1290,269
gaze,134021659047415674,1288,247
gaze,134021659047496743,1286,276
gaze,134021659047577597,1292,262
gaze,134021659047668293,1289,261
gaze,134021659047740664,1299,261
gaze,134021659047830564,1296,280
gaze,134021659047911635,1286,259
gaze,134021659047998810,1289,259
KeyUp,134021659048021000,69
gaze,134021659048080004,1293,252
gaze,134021659048164182,1295,272
gaze,134021659048244747,1297,256
gaze,134021659048332710,1291,255
gaze,134021659048411885,1296,275
gaze,134021659048494636,1298,268
gaze,134021659048559024,1295,264
gaze,134021659048638562,1291,262
gaze,134021659048746255,1296,276
gaze,134021659048809201,1291,254
gaze,134021659048914325,1287,260
gaze,134021659048995225,1287,269
gaze,134021659049081897,1294,262
gaze,134021659049161604,1295,265
gaze,134021659049248891,1298,302
gaze,134021659049328355,1312,316
gaze,134021659049426592,1320,336
gaze,134021659049495994,1307,333
gaze,134021659049575309,1312,331
gaze,134021659049664149,1317,343
gaze,134021659049740809,1323,332
gaze,134021659049832765,1312,340
gaze,134021659049912268,1320,345
gaze,134021659049998750,1311,341
gaze,134021659050078465,1319,325
gaze,134021659050164670,1321,334
gaze,134021659050245022,1313,337
gaze,134021659050332754,1311,328
gaze,134021659050412900,1325,328
gaze,134021659050494925,1318,323
gaze,134021659050559772,1315,338
gaze,134021659050638257,1316,331
gaze,134021659050709671,1317,330
gaze,134021659050834617,1313,349
gaze,134021659050892463,1313,354
gaze,134021659050997416,1310,354
gaze,134021659051079714,1320,360
gaze,134021659051167901,1310,340
gaze,134021659051249201,1321,355
gaze,134021659051333201,1316,344
gaze,134021659051412305,1318,356
gaze,134021659051499274,1313,366
gaze,134021659051578687,1320,342
gaze,134021659051660505,1320,347
gaze,134021659051747931,1322,349
gaze,134021659051826754,1320,356
gaze,134021659051916832,1321,356
gaze,134021659051996358,1314,354
MouseMove,134021659052022390,573,528
MouseMove,134021659052101613,572,518
gaze,134021659052117846,1308,354
gaze,134021659052164961,1322,352
MouseMove,134021659052181466,561,491
gaze,134021659052249070,1285,356
MouseMove,134021659052261394,536,456
gaze,134021659052328734,1242,386
MouseMove,134021659052341924,504,407
gaze,134021659052415499,1262,340
MouseMove,134021659052420554,467,370
gaze,134021659052496235,1260,344
MouseMove,134021659052501509,429,329
gaze,134021659052577727,1263,359
MouseMove,134021659052581691,401,295
gaze,134021659052642247,1259,368
MouseMove,134021659052660177,381,270
gaze,134021659052722320,1258,367
MouseMove,134021659052741336,367,255
MouseMove,134021659052821245,360,246
gaze,134021659052830355,1270,370
gaze,134021659052892835,1258,377
MouseMove,134021659052900215,356,243
MouseMove,134021659052981419,355,243
gaze,134021659052999547,1267,372
MouseMove,134021659053061254,355,242
gaze,134021659053079324,1262,365
MouseMove,134021659053140667,361,239
gaze,134021659053165732,1258,366
MouseMove,134021659053220971,364,239
gaze,134021659053245270,1263,374
MouseMove,134021659053301239,364,239
gaze,134021659053332542,1268,383
gaze,134021659053412373,1264,356
gaze,134021659053499995,1256,381
gaze,134021659053578999,1257,376
gaze,134021659053659951,1263,351
MouseMove,134021659053701396,365,239
gaze,134021659053747476,1261,348
MouseMove,134021659053782852,366,239
gaze,134021659053823211,1256,390
MouseMove,134021659053862434,367,239
gaze,134021659053915453,1256,338
MouseMove,134021659053941213,369,240
gaze,134021659053996137,1265,361
MouseMove,134021659054020655,369,240
gaze,134021659054082171,1257,358
gaze,134021659054162855,1264,368
gaze,134021659054249090,1265,378
gaze,134021659054329265,1257,384
gaze,134021659054418391,1261,392
MouseMove,134021659054421605,369,240
gaze,134021659054496632,1266,373
gaze,134021659054575954,1262,376
gaze,134021659054644050,1257,384
gaze,134021659054723283,1258,416
gaze,134021659054793587,1267,373
gaze,134021659054913294,1263,379
gaze,134021659054976767,1266,405
gaze,134021659055081467,1267,348
gaze,134021659055162517,1263,382
MouseMove,134021659055221134,370,242
gaze,134021659055249146,1189,417
MouseMove,134021659055301325,382,250
gaze,134021659055329740,1009,465
MouseMove,134021659055381013,399,262
gaze,134021659055414724,815,459
MouseMove,134021659055462716,419,279
gaze,134021659055497710,628,445
MouseMove,134021659055540381,444,297
gaze,134021659055582760,493,455
MouseMove,134021659055620329,474,319
gaze,134021659055662052,420,481
MouseMove,134021659055700948,496,334
gaze,134021659055744863,410,496
MouseMove,134021659055780648,518,350
gaze,134021659055829868,425,507
MouseMove,134021659055860733,536,360
gaze,134021659055906682,422,499
MouseMove,134021659055940940,556,375
gaze,134021659055996404,427,488
MouseMove,134021659056021711,567,382
gaze,134021659056080234,428,513
MouseMove,134021659056101314,577,387
gaze,134021659056163357,432,499
MouseMove,134021659056180734,588,393
gaze,134021659056245573,440,500
MouseMove,134021659056261808,596,396
gaze,134021659056329916,441,494
MouseMove,134021659056342656,605,400
gaze,134021659056415926,443,493
MouseMove,134021659056421498,611,402
gaze,134021659056496286,442,498
MouseMove,134021659056502242,617,406
MouseMove,134021659056583290,625,413
gaze,134021659056583344,445,493
gaze,134021659056656579,442,500
MouseMove,134021659056661859,631,419
gaze,134021659056730065,440,500
MouseMove,134021659056741836,639,428
gaze,134021659056805223,449,527
MouseMove,134021659056821004,647,438
gaze,134021659056875672,451,495
MouseMove,134021659056900091,656,447
MouseMove,134021659056980551,663,455
gaze,134021659056996150,442,506
gaze,134021659057059008,445,510
MouseMove,134021659057060572,674,465
MouseMove,134021659057141522,681,477
gaze,134021659057164072,446,503
MouseMove,134021659057220616,689,483
gaze,134021659057245026,441,489
MouseMove,134021659057301339,694,490
gaze,134021659057331510,445,500
MouseMove,134021659057381292,700,498
gaze,134021659057416706,448,506
MouseMove,134021659057461087,703,502
gaze,134021659057501362,450,498
MouseMove,134021659057541776,705,507
gaze,134021659057578909,400,535
MouseMove,134021659057620387,708,513
gaze,134021659057666020,364,555
MouseMove,134021659057701476,709,517
gaze,134021659057745946,381,557
MouseMove,134021659057781976,713,524
gaze,134021659057827059,369,554
MouseMove,134021659057860125,716,528
gaze,134021659057913573,372,564
MouseMove,134021659057940976,719,532
gaze,134021659057989346,375,558
MouseMove,134021659058021563,722,532
gaze,134021659058082665,379,562
MouseMove,134021659058100286,725,533
gaze,134021659058161895,378,552
MouseMove,134021659058180538,725,533
gaze,134021659058247716,376,554
gaze,134021659058330198,375,543
MouseMove,134021659058341435,726,533
gaze,134021659058415323,378,563
gaze,134021659058496488,378,557
gaze,134021659058582828,375,554
gaze,134021659058663296,374,544
gaze,134021659058750424,376,555
gaze,134021659058809797,381,551
gaze,134021659058888805,369,541
gaze,134021659058997952,372,554
gaze,134021659059058943,373,546
gaze,134021659059142988,369,541
gaze,134021659059247701,368,543
gaze,134021659059329102,371,545
gaze,134021659059414849,423,483
gaze,134021659059496504,446,439
gaze,134021659059580885,457,425
gaze,134021659059663415,460,438
gaze,134021659059749916,450,431
gaze,134021659059823139,452,424
gaze,134021659059915650,437,410
MouseMove,134021659059941553,726,534
gaze,134021659059994976,450,413
MouseMove,134021659060021182,725,535
gaze,134021659060078002,447,410
MouseMove,134021659060104980,721,537
gaze,134021659060163355,450,429
MouseMove,134021659060180586,717,537
gaze,134021659060245128,444,414
MouseMove,134021659060262287,715,537
gaze,134021659060329755,448,425
gaze,134021659060411646,439,409
gaze,134021659060498569,446,435
MouseMove,134021659060501037,715,537
gaze,134021659060578730,450,417
MouseMove,134021659060581854,714,537
MouseMove,134021659060661646,711,537
gaze,134021659060663802,445,415
gaze,134021659060739633,450,434
MouseMove,134021659060741327,711,537
gaze,134021659060813287,449,415
MouseMove,134021659060820722,707,535
gaze,134021659060893187,450,453
MouseMove,134021659060900708,706,535
MouseMove,134021659060981189,703,534
gaze,134021659060996563,449,426
gaze,134021659061059008,444,420
MouseMove,134021659061060909,701,533
MouseMove,134021659061140504,697,532
gaze,134021659061142868,443,425
MouseMove,134021659061221134,696,531
gaze,134021659061247790,442,410
MouseMove,134021659061300861,693,530
gaze,134021659061328445,451,427
MouseMove,134021659061380607,690,529
gaze,134021659061418702,443,429
MouseMove,134021659061461387,688,528
gaze,134021659061496026,447,424
MouseMove,134021659061540845,685,527
gaze,134021659061580777,446,426
MouseMove,134021659061622098,684,527
gaze,134021659061661848,442,420
MouseMove,134021659061702334,682,526
gaze,134021659061749918,456,425
gaze,134021659061823291,494,429
MouseMove,134021659061860608,680,524
gaze,134021659061915715,481,423
gaze,134021659061995654,492,426
gaze,134021659062078040,490,429
MouseMove,134021659062100817,679,524
gaze,134021659062162258,482,416
MouseMove,134021659062181419,678,524
gaze,134021659062249644,495,410
gaze,134021659062329632,493,423
gaze,134021659062412718,486,425
MouseMove,134021659062428716,678,523
gaze,134021659062496173,488,435
gaze,134021659062579251,491,433
MouseMove,134021659062581155,677,523
gaze,134021659062662358,494,431
gaze,134021659062741005,493,430
gaze,134021659062811354,487,423
gaze,134021659062897132,491,429
gaze,134021659062996692,483,418
gaze,134021659063060488,488,427
gaze,134021659063144080,490,427
gaze,134021659063247283,491,425
gaze,134021659063328803,491,417
MouseMove,134021659063380443,676,523
KeyDown,134021659063381297,32
gaze,134021659063416142,479,423
gaze,134021659063495539,507,412
gaze,134021659063580800,565,432
gaze,134021659063662517,567,444
gaze,134021659063748094,562,437
gaze,134021659063823398,572,451
gaze,134021659063915333,571,450
gaze,134021659063996034,574,469
gaze,134021659064076116,559,442
gaze,134021659064164383,570,449
gaze,134021659064246282,563,462
gaze,134021659064329315,562,440
gaze,134021659064413223,569,451
gaze,134021659064496708,564,434
KeyUp,134021659064500775,32
gaze,134021659064578922,549,423
gaze,134021659064662579,561,444
gaze,134021659064740299,560,447
gaze,134021659064810968,573,450
gaze,134021659064893740,564,439
gaze,134021659064996855,564,441
gaze,134021659065060846,573,454
gaze,134021659065143330,569,440
gaze,134021659065227758,563,441
gaze,134021659065331566,565,452
gaze,134021659065421484,561,453
gaze,134021659065499574,563,455
gaze,134021659065579177,542,426
gaze,134021659065665709,472,354
gaze,134021659065745857,459,338
gaze,134021659065825681,466,325
gaze,134021659065912627,464,334
gaze,134021659065995280,467,335
gaze,134021659066079625,466,344
gaze,134021659066157488,471,353
MouseMove,134021659066181184,673,524
gaze,134021659066247163,475,349
MouseMove,134021659066262242,669,527
gaze,134021659066330731,464,340
MouseMove,134021659066340889,665,532
gaze,134021659066415914,469,344
MouseMove,134021659066420876,659,536
gaze,134021659066496303,465,353
MouseMove,134021659066501115,656,541
gaze,134021659066581245,459,336
MouseMove,134021659066582195,653,548
MouseMove,134021659066660501,648,555
gaze,134021659066664420,473,338
MouseMove,134021659066742380,645,564
gaze,134021659066741699,467,343
gaze,134021659066811629,464,338
MouseMove,134021659066820568,641,574
gaze,134021659066897345,472,342
MouseMove,134021659066900275,639,583
MouseMove,134021659066981522,634,592
gaze,134021659066997715,471,342
MouseMove,134021659067061042,632,602
gaze,134021659067073747,477,356
MouseMove,134021659067141991,629,612
gaze,134021659067145250,472,347
MouseMove,134021659067222390,627,622
gaze,134021659067226345,466,338
MouseMove,134021659067301238,624,630
gaze,134021659067331490,469,343
MouseMove,134021659067382313,623,641
gaze,134021659067412426,472,349
MouseMove,134021659067461744,623,650
gaze,134021659067496699,416,403
MouseMove,134021659067540908,622,662
gaze,134021659067580620,324,506
MouseMove,134021659067621662,622,675
gaze,134021659067663773,279,595
MouseMove,134021659067701428,622,690
gaze,134021659067748196,199,689
MouseMove,134021659067781260,628,706
gaze,134021659067826312,188,781
MouseMove,134021659067860219,631,718
gaze,134021659067914655,209,821
MouseMove,134021659067941162,637,733
gaze,134021659067996887,232,850
MouseMove,134021659068021073,638,742
gaze,134021659068082203,229,839
MouseMove,134021659068100990,643,753
gaze,134021659068158510,220,839
MouseMove,134021659068180742,643,761
gaze,134021659068248398,223,844
MouseMove,134021659068261309,644,768
gaze,134021659068329762,230,838
MouseMove,134021659068340297,645,775
gaze,134021659068415568,237,838
MouseMove,134021659068420382,645,779
gaze,134021659068498016,228,836
MouseMove,134021659068501005,646,783
MouseMove,134021659068580406,647,786
gaze,134021659068580687,224,838
MouseMove,134021659068660952,647,788
gaze,134021659068664193,239,835
MouseMove,134021659068741260,647,789
gaze,134021659068743387,222,836
gaze,134021659068812244,218,833
gaze,134021659068894613,228,837
MouseMove,134021659068901425,647,790
gaze,134021659068998380,234,840
gaze,134021659069075192,230,840
gaze,134021659069146643,228,836
gaze,134021659069227782,237,840
MouseMove,134021659069301332,647,791
gaze,134021659069331432,233,838
gaze,134021659069413752,229,839
MouseMove,134021659069461910,647,791
gaze,134021659069500511,221,838
gaze,134021659069579585,228,839
MouseMove,134021659069620698,647,792
gaze,134021659069666386,221,840
gaze,134021659069747362,232,842
gaze,134021659069827076,224,836
gaze,134021659069915885,225,844
gaze,134021659069996373,221,836
gaze,134021659070082861,226,842
gaze,134021659070158419,224,837
gaze,134021659070250166,223,846
gaze,134021659070330257,216,843
MouseMove,134021659070340430,647,792
gaze,134021659070416840,224,845
MouseMove,134021659070421297,647,791
gaze,134021659070497622,226,846
MouseMove,134021659070502510,647,784
MouseMove,134021659070580779,647,779
gaze,134021659070581972,161,840
MouseMove,134021659070661141,647,772
gaze,134021659070664528,127,837
MouseMove,134021659070741566,647,765
gaze,134021659070746025,150,836
gaze,134021659070816989,139,837
MouseMove,134021659070821014,646,757
gaze,134021659070895269,150,838
MouseMove,134021659070900856,645,749
MouseMove,134021659070981348,642,741
gaze,134021659070999080,139,831
MouseMove,134021659071061724,641,734
gaze,134021659071074987,152,837
MouseMove,134021659071141836,639,724
gaze,134021659071146681,138,838
MouseMove,134021659071220404,636,716
gaze,134021659071228276,152,836
MouseMove,134021659071301397,635,706
gaze,134021659071332692,152,836
MouseMove,134021659071381075,635,701
gaze,134021659071413741,147,836
MouseMove,134021659071461253,631,691
gaze,134021659071499690,144,836
MouseMove,134021659071541886,631,686
gaze,134021659071581862,146,835
MouseMove,134021659071620808,630,677
gaze,134021659071665116,139,831
MouseMove,134021659071701045,629,671
gaze,134021659071747319,146,838
MouseMove,134021659071782572,626,661
gaze,134021659071829514,151,834
MouseMove,134021659071860903,625,655
gaze,134021659071915468,146,840
MouseMove,134021659071942681,625,651
gaze,134021659071997588,153,838
MouseMove,134021659072021208,625,647
gaze,134021659072084228,150,838
MouseMove,134021659072101119,624,640
gaze,134021659072159868,150,836
MouseMove,134021659072180826,624,638
gaze,134021659072247827,150,838
MouseMove,134021659072261112,624,634
gaze,134021659072330528,153,837
MouseMove,134021659072341131,624,631
gaze,134021659072414277,152,831
MouseMove,134021659072422433,624,629
gaze,134021659072497775,153,839
MouseMove,134021659072501285,624,628
gaze,134021659072580182,155,840
MouseMove,134021659072581039,624,625
MouseMove,134021659072661047,624,624
gaze,134021659072664015,152,833
gaze,134021659072741739,154,833
MouseMove,134021659072742935,624,621
gaze,134021659072811880,150,837
MouseMove,134021659072821110,624,621
gaze,134021659072895413,139,837
MouseMove,134021659072981321,624,620
gaze,134021659073000389,144,844
MouseMove,134021659073062507,624,619
gaze,134021659073074889,148,846
MouseMove,134021659073140710,624,618
gaze,134021659073146377,116,824
MouseMove,134021659073221227,624,618
gaze,134021659073228979,86,802
MouseMove,134021659073300706,624,616
gaze,134021659073331694,90,802
MouseMove,134021659073380876,624,615
gaze,134021659073415863,85,808
MouseMove,134021659073461239,624,615
gaze,134021659073498331,89,804
MouseMove,134021659073540912,624,614
gaze,134021659073580854,89,803
MouseMove,134021659073620593,624,613
gaze,134021659073663966,94,800
gaze,134021659073747462,88,805
MouseMove,134021659073781776,624,612
gaze,134021659073826206,93,801
MouseMove,134021659073861130,624,612
gaze,134021659073914284,80,800
MouseMove,134021659073941970,624,611
gaze,134021659073997226,93,790
gaze,134021659074081170,92,784
gaze,134021659074159707,90,904
MouseMove,134021659074182850,624,610
gaze,134021659074236994,78,1188
MouseMove,134021659074340887,624,610
MouseMove,134021659074421386,623,608
MouseMove,134021659074580313,622,608
MouseMove,134021659074981108,622,607
gaze,134021659075323320,149,1001
gaze,134021659075572705,-52,910
MouseMove,134021659075621406,622,607
gaze,134021659075665918,54,866
gaze,134021659075737363,67,812
gaze,134021659075833082,62,812
gaze,134021659075908221,64,761
MouseMove,134021659075942121,622,606
gaze,134021659076000949,60,770
gaze,134021659076082340,73,750
gaze,134021659076162624,60,751
gaze,134021659076249892,59,742
gaze,134021659076332600,52,736
gaze,134021659076419154,51,755
gaze,134021659076498372,58,760
gaze,134021659076582582,57,750
gaze,134021659076663732,65,756
gaze,134021659076749794,63,756
gaze,134021659076825567,66,758
gaze,134021659076897474,65,751
gaze,134021659076978996,59,765
gaze,134021659077083484,60,764
gaze,134021659077144791,67,769
gaze,134021659077228069,60,770
gaze,134021659077333400,64,772
gaze,134021659077414902,63,770
gaze,134021659077501135,73,772
MouseMove,134021659077542556,622,607
gaze,134021659077581384,120,776
gaze,134021659077667441,214,746
gaze,134021659077748747,266,732
MouseMove,134021659077781861,622,608
gaze,134021659077833437,280,734
gaze,134021659077911887,286,726
gaze,134021659078000162,279,732
gaze,134021659078081522,282,737
gaze,134021659078162156,282,740
gaze,134021659078249172,284,733
gaze,134021659078332174,277,735
gaze,134021659078414779,282,738
MouseMove,134021659078420938,623,607
gaze,134021659078498868,277,732
MouseMove,134021659078501408,623,606
MouseMove,134021659078582109,625,603
gaze,134021659078581448,276,734
MouseMove,134021659078661796,626,600
gaze,134021659078664985,283,744
MouseMove,134021659078741515,626,596
gaze,134021659078749218,286,741
MouseMove,134021659078821630,626,593
gaze,134021659078826213,272,737
gaze,134021659078896724,277,739
MouseMove,134021659078900277,626,589
gaze,134021659078979258,275,741
MouseMove,134021659078981173,626,586
gaze,134021659079057985,274,741
MouseMove,134021659079061287,626,584
MouseMove,134021659079140471,626,582
gaze,134021659079165309,277,742
MouseMove,134021659079220784,626,581
gaze,134021659079227295,270,736
MouseMove,134021659079302141,626,580
gaze,134021659079312385,269,737
gaze,134021659079416955,276,738
MouseMove,134021659079461642,626,580
gaze,134021659079499061,278,742
gaze,134021659079583241,274,736
gaze,134021659079665362,280,738
MouseMove,134021659079700942,626,579
gaze,134021659079750021,278,737
gaze,134021659079831314,275,736
gaze,134021659079916626,282,740
gaze,134021659079991545,309,723
MouseMove,134021659080021471,626,578
gaze,134021659080084589,413,619
gaze,134021659080165068,402,554
gaze,134021659080244803,408,561
gaze,134021659080332027,408,565
gaze,134021659080417023,401,570
gaze,134021659080500178,408,571
gaze,134021659080580064,402,568
gaze,134021659080665696,408,563
gaze,134021659080748222,410,558
gaze,134021659080832537,409,564
gaze,134021659080909250,402,545
gaze,134021659080979502,410,559
gaze,134021659081061950,410,564
gaze,134021659081169651,408,561
gaze,134021659081226153,405,556
MouseMove,134021659081300299,626,577
gaze,134021659081311325,403,556
MouseMove,134021659081381377,626,577
gaze,134021659081394971,410,565
MouseMove,134021659081460970,626,575
gaze,134021659081499741,415,566
MouseMove,134021659081541171,625,572
gaze,134021659081581296,414,566
MouseMove,134021659081620646,623,569
gaze,134021659081665744,418,573
MouseMove,134021659081701446,621,569
gaze,134021659081747460,421,573
MouseMove,134021659081781450,616,566
gaze,134021659081832790,417,569
MouseMove,134021659081860493,614,565
gaze,134021659081914970,411,564
MouseMove,134021659081941420,611,565
gaze,134021659081995710,406,553
MouseMove,134021659082022392,609,564
gaze,134021659082086857,410,560
MouseMove,134021659082101056,606,562
gaze,134021659082166355,410,551
MouseMove,134021659082180205,602,561
gaze,134021659082248695,409,557
MouseMove,134021659082260724,599,561
gaze,134021659082325348,415,563
MouseMove,134021659082341345,596,560
gaze,134021659082416602,412,566
MouseMove,134021659082420832,593,558
gaze,134021659082497198,413,561
MouseMove,134021659082500476,591,558
MouseMove,134021659082581198,589,558
gaze,134021659082581774,417,564
MouseMove,134021659082662537,588,558
gaze,134021659082663512,410,565
gaze,134021659082749623,416,562
gaze,134021659082830967,413,563
gaze,134021659082910174,409,557
gaze,134021659082979117,415,569
gaze,134021659083062261,416,558
gaze,134021659083145326,414,565
gaze,134021659083249864,415,570
gaze,134021659083310630,417,561
gaze,134021659083396803,409,564
MouseMove,134021659083460494,588,558
gaze,134021659083499240,406,556
gaze,134021659083580469,415,572
MouseMove,134021659083620207,587,558
gaze,134021659083665825,417,568
MouseMove,134021659083701425,586,558
gaze,134021659083746598,415,557
MouseMove,134021659083785527,585,558
gaze,134021659083832560,450,550
MouseMove,134021659083860486,584,558
gaze,134021659083914541,459,542
MouseMove,134021659083942258,582,558
gaze,134021659083998511,456,550
MouseMove,134021659084022084,582,559
gaze,134021659084076089,463,543
MouseMove,134021659084101226,580,563
gaze,134021659084164831,458,542
MouseMove,134021659084180596,578,567
gaze,134021659084247298,450,556
MouseMove,134021659084261730,578,569
gaze,134021659084325756,454,547
MouseMove,134021659084341019,577,572
gaze,134021659084415868,450,540
MouseMove,134021659084420770,576,574
gaze,134021659084498748,449,553
MouseMove,134021659084501371,576,574
MouseMove,134021659084581560,576,576
gaze,134021659084581451,455,553
MouseMove,134021659084661012,576,576
gaze,134021659084663986,453,545
MouseMove,134021659084740764,576,577
gaze,134021659084748761,452,538
gaze,134021659084830865,453,542
gaze,134021659084915134,454,545
gaze,134021659084992806,453,548
gaze,134021659085062909,459,551
gaze,134021659085144867,453,552
gaze,134021659085224685,453,540
gaze,134021659085332927,455,535
gaze,134021659085393708,451,547
gaze,134021659085477910,451,547
gaze,134021659085581459,451,539
gaze,134021659085663581,450,540
gaze,134021659085749623,449,535
gaze,134021659085830507,432,558
gaze,134021659085916471,435,556
gaze,134021659085998319,433,564
gaze,134021659086083118,427,564
gaze,134021659086159022,432,563
gaze,134021659086250199,419,545
gaze,134021659086331164,433,574
gaze,134021659086413317,425,549
gaze,134021659086498765,429,559
gaze,134021659086581642,431,562
gaze,134021659086663476,428,558
gaze,134021659086748684,428,544
gaze,134021659086831765,430,557
gaze,134021659086914825,419,546
gaze,134021659086998414,429,553
gaze,134021659087076025,425,559
gaze,134021659087145744,432,548
gaze,134021659087228960,431,554
gaze,134021659087334148,435,558
gaze,134021659087396973,423,552
gaze,134021659087479651,436,561
gaze,134021659087583216,431,552
gaze,134021659087663901,434,561
gaze,134021659087750819,434,567
gaze,134021659087831010,427,543
gaze,134021659087916163,432,559
gaze,134021659087997069,434,571
gaze,134021659088084207,360,607
gaze,134021659088159981,253,678
gaze,134021659088251799,164,745
gaze,134021659088332395,134,811
gaze,134021659088412213,140,844
gaze,134021659088501181,151,856
gaze,134021659088582258,151,857
gaze,134021659088668071,151,861
gaze,134021659088752859,152,859
gaze,134021659088834669,155,866
gaze,134021659088915931,152,858
gaze,134021659089000818,155,860
gaze,134021659089078060,149,857
gaze,134021659089147969,161,849
gaze,134021659089230488,140,857
gaze,134021659089335857,159,859
gaze,134021659089396702,153,863
gaze,134021659089480667,151,857
gaze,134021659089583804,158,864
gaze,134021659089666151,148,854
gaze,134021659089751270,155,861
gaze,134021659089831870,151,860
gaze,134021659089917127,157,860
gaze,134021659089998648,153,863
gaze,134021659090084715,142,854
gaze,134021659090160026,155,858
gaze,134021659090251994,149,856
gaze,134021659090331766,154,856
gaze,134021659090420558,147,854
gaze,134021659090499443,152,863
gaze,134021659090581815,153,855
gaze,134021659090665780,149,853
gaze,134021659090749787,150,855
gaze,134021659090834237,137,858
gaze,134021659090915776,62,852
gaze,134021659090998997,15,849
gaze,134021659091077053,33,850
gaze,134021659091146026,28,850
gaze,134021659091229479,38,840
gaze,134021659091308657,31,845
gaze,134021659091417969,38,848
gaze,134021659091478567,41,847
gaze,134021659091563501,29,846
gaze,134021659091666976,35,844
gaze,134021659091749553,40,843
gaze,134021659091838673,32,842
gaze,134021659091915798,34,839
gaze,134021659092000541,45,841
gaze,134021659092081839,43,846
gaze,134021659092167167,39,848
gaze,134021659092243225,42,852
gaze,134021659092334443,36,841
gaze,134021659092415612,40,845
gaze,134021659092495731,36,845
gaze,134021659092582861,38,848
gaze,134021659092664962,42,845
gaze,134021659092750063,36,848
gaze,134021659092833140,36,847
gaze,134021659092916520,38,850
gaze,134021659093000001,51,851
gaze,134021659093084150,37,855
gaze,134021659093160640,41,864
gaze,134021659093229639,41,857
gaze,134021659093313234,45,859
gaze,134021659093418464,46,859
gaze,134021659093478889,42,855
gaze,134021659093562637,42,856
gaze,134021659093668167,42,859
gaze,134021659093749619,32,862
gaze,134021659093834346,51,866
gaze,134021659093914667,51,864
gaze,134021659094001719,38,857
gaze,134021659094084641,43,858
gaze,134021659094167597,37,855
gaze,134021659094244866,42,859
gaze,134021659094334955,38,859
gaze,134021659094415909,69,855
gaze,134021659094497030,183,867
gaze,134021659094582887,334,869
gaze,134021659094665540,480,912
gaze,134021659094750202,637,1004
gaze,134021659094833467,840,1086
gaze,134021659094920086,998,1196
KeyDown,134021659098580723,49
gaze,134021659099074657,308,777
gaze,134021659099158861,335,694
gaze,134021659099245530,341,624
gaze,134021659099314418,341,618
KeyDown,134021659099383069,48
gaze,134021659099400741,339,622
gaze,134021659099503011,345,626
gaze,134021659099578181,337,622
KeyUp,134021659099621166,49
gaze,134021659099649362,346,626
gaze,134021659099731103,342,633
gaze,134021659099834425,343,636
gaze,134021659099915314,350,648
gaze,134021659100001275,343,641
gaze,134021659100082913,340,646
KeyUp,134021659100100940,48
gaze,134021659100167163,348,647
gaze,134021659100249798,343,643
gaze,134021659100329586,343,643
gaze,134021659100416783,335,639
gaze,134021659100503958,341,630
gaze,134021659100582595,339,629
gaze,134021659100663879,344,637
KeyDown,134021659100741560,51
gaze,134021659100754498,350,638
gaze,134021659100832800,337,639
gaze,134021659100916806,373,627
gaze,134021659100999249,419,598
gaze,134021659101087639,398,611
gaze,134021659101165204,408,601
gaze,134021659101243805,400,604
gaze,134021659101313100,402,603
gaze,134021659101397328,400,596
gaze,134021659101480309,402,602
gaze,134021659101585124,395,599
gaze,134021659101646129,398,599
gaze,134021659101729821,397,606
gaze,134021659101813363,399,606
gaze,134021659101917154,399,599
KeyUp,134021659101941304,51
gaze,134021659101999665,457,572
gaze,134021659102085936,453,562
gaze,134021659102165817,438,569
gaze,134021659102256832,445,574
gaze,134021659102331239,443,559
gaze,134021659102415893,444,571
gaze,134021659102500883,443,562
gaze,134021659102581819,447,579
gaze,134021659102667033,446,566
gaze,134021659102742961,445,562
gaze,134021659102835363,439,570
gaze,134021659102915894,435,575
KeyDown,134021659102981286,32
gaze,134021659103000365,449,583
gaze,134021659103083103,447,569
gaze,134021659103164795,448,571
gaze,134021659103251910,441,566
gaze,134021659103326073,440,577
gaze,134021659103398848,437,578
gaze,134021659103480836,439,572
gaze,134021659103562968,438,569
gaze,134021659103668249,444,582
gaze,134021659103729764,443,572
gaze,134021659103814591,435,560
gaze,134021659103896330,442,573
gaze,134021659104000598,441,562
gaze,134021659104082837,436,561
KeyUp,134021659104102746,32
gaze,134021659104168086,441,568
gaze,134021659104249214,438,560
gaze,134021659104334679,439,566
KeyDown,134021659104341309,84
gaze,134021659104416241,438,572
gaze,134021659104497421,435,567
gaze,134021659104582404,443,571
gaze,134021659104665259,449,576
gaze,134021659104750518,446,559
gaze,134021659104827725,437,567
KeyDown,134021659104902102,79
gaze,134021659104917135,440,571
gaze,134021659104999822,430,567
gaze,134021659105084820,453,575
gaze,134021659105165623,442,591
gaze,134021659105251961,447,576
KeyUp,134021659105300594,84
gaze,134021659105332879,458,562
gaze,134021659105413213,467,561
gaze,134021659105481391,459,557
gaze,134021659105563248,460,552
gaze,134021659105668021,460,555
gaze,134021659105744136,462,561
KeyUp,134021659105781106,79
gaze,134021659105816365,462,564
gaze,134021659105897539,460,550
gaze,134021659105980691,468,565
gaze,134021659106086387,467,571
KeyDown,134021659106105096,32
gaze,134021659106165729,467,567
gaze,134021659106250088,457,561
gaze,134021659106334104,462,562
gaze,134021659106418445,465,563
gaze,134021659106495890,463,565
gaze,134021659106582533,459,562
gaze,134021659106665299,465,565
gaze,134021659106750302,461,560
gaze,134021659106831691,470,561
gaze,134021659106912299,466,563
gaze,134021659106999699,463,563
KeyUp,134021659107061344,32
gaze,134021659107082839,468,570
gaze,134021659107165366,468,558
gaze,134021659107249581,451,569
gaze,134021659107333766,358,623
gaze,134021659107411202,178,695
gaze,134021659107485896,68,748
gaze,134021659107563699,-4,814
gaze,134021659107668918,20,861
gaze,134021659107748472,57,862
gaze,134021659107833646,55,870
gaze,134021659107896581,54,869
gaze,134021659107980000,62,866
gaze,134021659108084642,65,857
gaze,134021659108165612,57,853
gaze,134021659108251696,65,853
gaze,134021659108332360,56,862
gaze,134021659108418271,60,861
gaze,134021659108493882,63,861
gaze,134021659108585297,62,854
gaze,134021659108665881,68,858
gaze,134021659108751819,63,863
gaze,134021659108833013,66,864
gaze,134021659108912339,61,852
gaze,134021659109000326,61,854
gaze,134021659109082952,56,853
gaze,134021659109168584,58,854
gaze,134021659109249177,61,854
gaze,134021659109335629,69,858
gaze,134021659109410789,71,860
gaze,134021659109482440,56,856
gaze,134021659109564911,57,850
gaze,134021659109670063,72,854
gaze,134021659109749813,71,848
gaze,134021659109829859,59,847
gaze,134021659109897676,53,852
gaze,134021659109980602,55,854
gaze,134021659110087200,-14,908
gaze,134021659110166610,14,966
gaze,134021659110252168,21,972
gaze,134021659110333245,12,967
gaze,134021659110419004,35,973
gaze,134021659110498002,24,972
gaze,134021659110586776,23,962
gaze,134021659110665273,21,977
gaze,134021659110752639,21,961
gaze,134021659110833232,24,969
gaze,134021659110911728,35,967
gaze,134021659110999504,28,970
gaze,134021659111082188,29,977
gaze,134021659111165486,28,963
gaze,134021659111249211,27,969
gaze,134021659111333873,33,965
gaze,134021659111412304,31,965
gaze,134021659111480913,39,961
gaze,134021659111563720,40,970
gaze,134021659111647142,37,964
gaze,134021659111753332,32,971
gaze,134021659111827250,25,975
gaze,134021659111903228,29,974
gaze,134021659111981013,35,964
gaze,134021659112084767,35,973
gaze,134021659112165148,30,973
gaze,134021659112250797,24,962
gaze,134021659112332237,37,976
gaze,134021659112418530,39,977
gaze,134021659112499793,31,972
gaze,134021659112579913,27,966
gaze,134021659112667070,22,974
gaze,134021659112753106,38,969
gaze,134021659112837949,38,968
gaze,134021659112911397,21,962
gaze,134021659113000589,30,971
gaze,134021659113083095,28,970
gaze,134021659113165595,44,966
gaze,134021659113249774,49,972
gaze,134021659113333189,23,970
gaze,134021659113416313,96,971
gaze,134021659113496249,164,973
gaze,134021659113564925,181,965
gaze,134021659113646774,177,969
gaze,134021659113753886,181,966
gaze,134021659113826694,184,972
gaze,134021659113899560,181,978
gaze,134021659113980726,171,966
gaze,134021659114088899,174,977
gaze,134021659114166442,175,963
gaze,134021659114249964,177,965
gaze,134021659114332718,168,976
gaze,134021659114416741,179,974
gaze,134021659114500279,170,974
gaze,134021659114578145,170,969
gaze,134021659114667755,181,974
gaze,134021659114750065,180,977
gaze,134021659114834996,175,971
gaze,134021659114910791,178,978
gaze,134021659115002774,180,971
gaze,134021659115083999,178,982
gaze,134021659115168344,182,977
gaze,134021659115249584,173,974
gaze,134021659115336007,170,971
gaze,134021659115417029,167,971
gaze,134021659115497157,164,970
gaze,134021659115565149,178,982
gaze,134021659115646577,173,971
gaze,134021659115753211,179,977
gaze,134021659115826800,178,975
gaze,134021659115899263,175,976
gaze,134021659115981768,177,971
gaze,134021659116085749,174,970
gaze,134021659116166453,176,978
gaze,134021659116251093,177,983
KeyDown,134021659116261029,49
gaze,134021659116334014,173,972
gaze,134021659116418927,159,948
gaze,134021659116502693,143,873
gaze,134021659116578580,132,825
gaze,134021659116668836,129,821
gaze,134021659116751455,127,828
gaze,134021659116835723,121,830
KeyUp,134021659116901281,49
gaze,134021659116911234,130,826
gaze,134021659117002826,127,828
gaze,134021659117083081,124,824
gaze,134021659117168513,118,829
gaze,134021659117249629,110,832
gaze,134021659117335105,109,832
gaze,134021659117416890,117,825
gaze,134021659117496810,129,831
gaze,134021659117564060,121,830
gaze,134021659117646761,116,833
gaze,134021659117730546,116,832
gaze,134021659117835099,131,844
gaze,134021659117898044,116,832
gaze,134021659117980689,122,832
gaze,134021659118088425,117,840
gaze,134021659118166325,119,837
gaze,134021659118252221,133,840
gaze,134021659118333129,128,837
gaze,134021659118418601,114,829
gaze,134021659118499862,121,830
gaze,134021659118584770,111,833
gaze,134021659118660472,118,832
gaze,134021659118752680,120,834
gaze,134021659118833109,129,834
KeyDown,134021659118901233,49
gaze,134021659118912665,123,839
gaze,134021659119000953,116,836
gaze,134021659119082868,124,833
gaze,134021659119168543,135,837
gaze,134021659119250223,130,840
KeyUp,134021659119301447,49
gaze,134021659119334874,126,839
gaze,134021659119417259,129,836
gaze,134021659119502493,115,828
gaze,134021659119578351,124,839
gaze,134021659119649540,123,826
gaze,134021659119732011,127,832
gaze,134021659119809901,117,824
gaze,134021659119919022,121,828
gaze,134021659119979450,131,825
gaze,134021659120064549,116,829
gaze,134021659120168608,132,828
gaze,134021659120249968,114,822
gaze,134021659120335603,119,828
gaze,134021659120417505,126,825
gaze,134021659120502424,126,825
gaze,134021659120583212,123,829
gaze,134021659120668259,122,813
gaze,134021659120745766,117,818
gaze,134021659120836191,130,820
gaze,134021659120916797,122,823
gaze,134021659120996701,119,795
gaze,134021659121089958,127,794
gaze,134021659121167023,121,866
gaze,134021659121238731,305,1069
gaze,134021659122492105,365,1051
gaze,134021659122574311,461,1134
gaze,134021659122739150,322,962
gaze,134021659122826010,345,948
gaze,134021659122918542,358,875
gaze,134021659122985038,364,871
gaze,134021659123087187,354,842
gaze,134021659123167556,370,846
gaze,134021659123252148,367,823
gaze,134021659123334282,368,834
gaze,134021659123420306,355,820
gaze,134021659123501662,357,825
gaze,134021659123585633,360,830
gaze,134021659123662517,357,832
gaze,134021659123735111,356,835
gaze,134021659123816537,353,839
gaze,134021659123921987,353,835
gaze,134021659123981436,347,840
MouseMove,134021659124021550,572,581
gaze,134021659124065721,350,836
MouseMove,134021659124101957,559,595
gaze,134021659124170954,353,833
MouseMove,134021659124180639,542,615
gaze,134021659124251024,359,848
MouseMove,134021659124260953,521,643
gaze,134021659124336689,356,849
MouseMove,134021659124341696,501,678
gaze,134021659124418500,352,859
MouseMove,134021659124420783,479,725
MouseMove,134021659124500642,452,771
gaze,134021659124504223,350,856
MouseMove,134021659124582276,421,822
gaze,134021659124584377,348,849
MouseMove,134021659124660557,394,865
gaze,134021659124670141,350,853
MouseMove,134021659124742171,371,905
gaze,134021659124748103,353,847
MouseMove,134021659124822566,349,930
gaze,134021659124837799,352,851
MouseMove,134021659124901929,338,944
gaze,134021659124919014,343,852
MouseMove,134021659124982583,333,954
gaze,134021659124998414,346,854
MouseMove,134021659125061881,330,960
gaze,134021659125085323,346,861
MouseMove,134021659125140489,330,963
gaze,134021659125168081,347,856
MouseMove,134021659125222209,330,965
gaze,134021659125251514,352,856
MouseMove,134021659125300097,330,966
gaze,134021659125333955,347,855
gaze,134021659125418256,354,853
MouseMove,134021659125460985,330,966
gaze,134021659125500469,352,856
MouseMove,134021659125540499,330,967
gaze,134021659125583692,346,856
MouseMove,134021659125621670,329,969
gaze,134021659125662259,345,854
MouseMove,134021659125704593,329,972
gaze,134021659125732070,346,862
MouseMove,134021659125782612,327,973
gaze,134021659125814752,354,858
MouseMove,134021659125860732,327,974
gaze,134021659125892894,350,852
gaze,134021659126003658,346,856
gaze,134021659126064885,335,857
gaze,134021659126149160,265,890
gaze,134021659126253202,170,942
gaze,134021659126334255,157,952
gaze,134021659126421833,160,960
gaze,134021659126501002,163,959
MouseMove,134021659126580670,327,973
gaze,134021659126584852,166,960
MouseMove,134021659126660574,327,967
MouseWheel,134021659126664505,-120
gaze,134021659126666978,164,961
MouseMove,134021659126743048,329,958
gaze,134021659126752117,170,950
MouseMove,134021659126821912,336,946
gaze,134021659126827831,159,955
MouseMove,134021659126901236,341,935
gaze,134021659126919883,172,954
MouseMove,134021659126981234,347,924
gaze,134021659127000893,172,960
MouseMove,134021659127061858,350,918
gaze,134021659127080713,157,964
MouseMove,134021659127141985,352,914
gaze,134021659127168864,161,955
gaze,134021659127251476,174,960
MouseMove,134021659127302782,352,913
gaze,134021659127334355,172,955
gaze,134021659127422244,165,956
gaze,134021659127505340,161,961
gaze,134021659127582870,172,955
gaze,134021659127669331,160,952
gaze,134021659127745272,164,958
gaze,134021659127817179,162,963
gaze,134021659127898096,163,958
MouseMove,134021659127941267,352,913
gaze,134021659128003382,162,958
gaze,134021659128063979,150,958
gaze,134021659128147672,154,962
gaze,134021659128231053,162,955
gaze,134021659128336371,161,962
gaze,134021659128417297,157,952
MouseWheel,134021659128423098,-120
gaze,134021659128502465,159,953
gaze,134021659128573783,154,926
gaze,134021659128670124,161,954
gaze,134021659128750459,153,957
gaze,134021659128831914,160,959
gaze,134021659128918723,161,959
gaze,134021659128999810,160,960
gaze,134021659129086404,172,958
gaze,134021659129162096,126,935
gaze,134021659129254314,138,916
gaze,134021659129334752,135,897
gaze,134021659129418832,139,898
gaze,134021659129500281,131,893
gaze,134021659129584703,127,897
gaze,134021659129666331,136,901
gaze,134021659129747424,131,905
gaze,134021659129814305,129,896
gaze,134021659129898107,134,898
gaze,134021659130003589,119,905
gaze,134021659130079666,130,901
gaze,134021659130158428,136,899
gaze,134021659130232061,129,906
gaze,134021659130315185,133,907
gaze,134021659130419574,129,909
gaze,134021659130500882,139,907
gaze,134021659130585126,129,908
gaze,134021659130668869,142,909
gaze,134021659130751221,140,908
gaze,134021659130829995,119,910
gaze,134021659130917014,131,909
gaze,134021659131000016,142,916
gaze,134021659131084736,138,912
gaze,134021659131166286,133,913
gaze,134021659131244193,137,922
gaze,134021659131334887,150,911
gaze,134021659131421354,138,919
gaze,134021659131501243,138,912
gaze,134021659131585334,135,913
gaze,134021659131666143,143,913
gaze,134021659131745146,131,913
gaze,134021659131815232,138,913
MouseMove,134021659131860426,351,913
gaze,134021659131897308,136,914
gaze,134021659131981491,130,919
MouseMove,134021659132021364,351,914
gaze,134021659132087678,110,940
gaze,134021659132160670,111,959
gaze,134021659132233299,121,957
MouseMove,134021659132261050,351,915
gaze,134021659132315038,121,958
gaze,134021659132419797,120,966
gaze,134021659132501122,113,963
gaze,134021659132592457,119,962
gaze,134021659132667598,128,967
gaze,134021659132752376,123,960
gaze,134021659132833336,124,957
gaze,134021659132911529,112,960
gaze,134021659133001197,123,955
gaze,134021659133083222,122,968
gaze,134021659133166447,117,961
gaze,134021659133245133,118,961
gaze,134021659133334372,118,961
gaze,134021659133417196,119,961
gaze,134021659133506017,120,960
gaze,134021659133583798,119,966
gaze,134021659133667476,121,963
MouseWheel,134021659133702533,-120
gaze,134021659133751804,110,958
gaze,134021659133840279,69,964
gaze,134021659133898618,8,972
gaze,134021659133982240,40,964
gaze,134021659134087676,38,961
gaze,134021659134160763,29,963
gaze,134021659134233337,43,961
gaze,134021659134314266,35,963
MouseWheel,134021659134341225,-120
gaze,134021659134419035,33,967
gaze,134021659134500774,27,958
gaze,134021659134587652,36,966
gaze,134021659134667323,36,956
gaze,134021659134756300,31,962
gaze,134021659134834233,33,961
gaze,134021659134910916,28,956
gaze,134021659135001388,29,958
gaze,134021659135080236,35,963
gaze,134021659135162876,39,960
gaze,134021659135242097,49,967
gaze,134021659135329735,40,959
gaze,134021659135413726,38,958
gaze,134021659135496615,28,960
gaze,134021659135580021,32,957
gaze,134021659135663463,34,951
gaze,134021659135747304,38,957
gaze,134021659135825332,36,954
gaze,134021659135894259,29,957
gaze,134021659135978410,32,950
gaze,134021659136087828,58,931
gaze,134021659136161314,49,927
gaze,134021659136234011,57,918
gaze,134021659136315840,64,930
gaze,134021659136424358,52,932
gaze,134021659136503033,65,922
gaze,134021659136585327,44,927
gaze,134021659136666411,55,921
gaze,134021659136755365,57,938
gaze,134021659136834354,50,932
gaze,134021659136914729,65,933
gaze,134021659137001771,56,933
gaze,134021659137085785,63,935
gaze,134021659137167194,52,929
gaze,134021659137245411,53,926
gaze,134021659137334802,53,936
gaze,134021659137418509,74,903
gaze,134021659137501612,71,886
gaze,134021659137583083,73,897
gaze,134021659137668085,70,893
gaze,134021659137750373,63,895
gaze,134021659137831200,72,894
gaze,134021659137897787,68,895
gaze,134021659137982020,70,897
gaze,134021659138071020,62,898
gaze,134021659138171009,73,900
gaze,134021659138230324,70,897
gaze,134021659138314480,71,900
gaze,134021659138398315,70,898
gaze,134021659138502883,72,893
gaze,134021659138583055,68,896
gaze,134021659138669698,75,905
gaze,134021659138753726,73,898
gaze,134021659138835186,67,894
gaze,134021659138917376,70,894
gaze,134021659138997618,74,896
gaze,134021659139084637,76,900
gaze,134021659139167394,70,897
gaze,134021659139251455,73,894
gaze,134021659139328253,75,901
gaze,134021659139414266,10,895
gaze,134021659139498463,34,891
gaze,134021659139578930,33,892
gaze,134021659139662927,41,891
gaze,134021659139746532,32,893
gaze,134021659139830699,18,890
gaze,134021659139907205,28,892
gaze,134021659139980981,26,896
gaze,134021659140060585,20,897
gaze,134021659140143358,26,895
gaze,134021659140251125,39,899
gaze,134021659140310165,30,891
gaze,134021659140393709,28,888
gaze,134021659140499638,32,890
gaze,134021659140580394,25,894
gaze,134021659140663450,36,891
gaze,134021659140747349,41,890
MouseWheel,134021659140822082,120
gaze,134021659140830293,38,889
gaze,134021659140912729,38,888
gaze,134021659140996188,37,892
gaze,134021659141075078,36,885
gaze,134021659141163140,30,890
gaze,134021659141247107,33,889
gaze,134021659141325860,32,883
gaze,134021659141413991,26,880
gaze,134021659141503039,33,884
gaze,134021659141583492,45,883
gaze,134021659141662475,33,882
gaze,134021659141752966,27,884
gaze,134021659141834962,87,900
gaze,134021659141919240,143,921
gaze,134021659141995401,143,930
gaze,134021659142067642,144,936
gaze,134021659142148235,145,935
gaze,134021659142254166,134,931
gaze,134021659142316888,136,940
gaze,134021659142398527,138,934
gaze,134021659142504825,140,924
gaze,134021659142583415,151,924
gaze,134021659142668983,144,933
gaze,134021659142751023,144,932
gaze,134021659142835266,146,932
gaze,134021659142916546,140,928
gaze,134021659143002047,146,931
gaze,134021659143078648,141,932
gaze,134021659143169106,145,929
gaze,134021659143250585,142,934
gaze,134021659143330101,133,937
gaze,134021659143419797,140,929
gaze,134021659143501056,145,929
gaze,134021659143583908,147,925
gaze,134021659143667460,136,927
gaze,134021659143750815,141,933
gaze,134021659143833428,141,932
gaze,134021659143916669,135,927
gaze,134021659143995768,146,930
gaze,134021659144064362,148,935
gaze,134021659144148234,149,923
gaze,134021659144254076,145,928
gaze,134021659144316472,150,928
gaze,134021659144398701,137,921
gaze,134021659144499104,134,928
gaze,134021659144579613,139,944
gaze,134021659144669045,129,963
gaze,134021659144758896,141,954
gaze,134021659144836174,145,954
gaze,134021659144917482,138,961
gaze,134021659145002438,135,959
gaze,134021659145078760,135,956
gaze,134021659145169754,140,950
gaze,134021659145250394,146,952
gaze,134021659145331258,143,955
gaze,134021659145418855,136,956
gaze,134021659145500986,147,957
gaze,134021659145584204,139,961
gaze,134021659145667256,139,959
gaze,134021659145750781,143,956
gaze,134021659145834555,139,955
gaze,134021659145917510,145,954
gaze,134021659145996213,140,962
gaze,134021659146068017,149,963
gaze,134021659146148189,147,963
gaze,134021659146250376,180,960
gaze,134021659146317395,256,962
gaze,134021659146399187,256,955
gaze,134021659146506610,258,960
gaze,134021659146583127,253,964
gaze,134021659146668489,264,960
gaze,134021659146750799,252,961
gaze,134021659146835809,255,960
gaze,134021659146917331,258,962
gaze,134021659147002449,248,961
gaze,134021659147078554,254,961
gaze,134021659147169559,254,955
gaze,134021659147249608,253,962
gaze,134021659147331157,256,955
gaze,134021659147417777,250,955
gaze,134021659147500961,249,964
gaze,134021659147582971,259,960
gaze,134021659147666248,254,963
gaze,134021659147751228,252,960
gaze,134021659147834866,260,962
gaze,134021659147916587,258,964
gaze,134021659147995087,263,963
gaze,134021659148064965,254,960
gaze,134021659148149090,253,956
gaze,134021659148253929,258,961
gaze,134021659148309882,254,961
gaze,134021659148398231,252,957
gaze,134021659148481955,249,959
gaze,134021659148586405,259,962
gaze,134021659148666131,251,957
gaze,134021659148754744,252,952
gaze,134021659148834245,251,956
gaze,134021659148919215,252,955
gaze,134021659149000817,250,955
gaze,134021659149080533,253,954
gaze,134021659149168087,245,959
gaze,134021659149250397,258,965
gaze,134021659149333891,254,967
gaze,134021659149412204,261,960
gaze,134021659149501401,263,963
gaze,134021659149583675,258,950
gaze,134021659149666720,265,955
gaze,134021659149750808,265,956
gaze,134021659149834018,259,953
gaze,134021659149917878,258,955
gaze,134021659149996485,256,956
gaze,134021659150065826,259,956
gaze,134021659150148998,258,956
gaze,134021659150255653,263,956
MouseMove,134021659150261413,354,914
gaze,134021659150328427,271,961
MouseMove,134021659150341538,362,909
gaze,134021659150401307,253,951
MouseMove,134021659150421641,369,905
gaze,134021659150482200,261,955
MouseMove,134021659150501105,379,899
MouseMove,134021659150580463,387,895
gaze,134021659150585871,262,958
MouseMove,134021659150662567,396,891
gaze,134021659150667651,267,960
MouseMove,134021659150741571,405,883
gaze,134021659150753105,264,955
MouseMove,134021659150820280,412,878
gaze,134021659150833852,259,960
MouseMove,134021659150900188,421,871
gaze,134021659150918651,261,951
MouseMove,134021659150981815,427,867
gaze,134021659151000712,268,963
MouseMove,134021659151061598,429,866
gaze,134021659151081722,272,956
MouseMove,134021659151143851,433,863
gaze,134021659151168268,263,958
MouseMove,134021659151221661,435,862
gaze,134021659151251206,299,954
MouseMove,134021659151302103,436,861
gaze,134021659151335924,297,955
MouseMove,134021659151380702,438,861
gaze,134021659151416854,292,956
MouseMove,134021659151463204,439,860
gaze,134021659151504327,300,961
gaze,134021659151584029,298,961
gaze,134021659151668907,299,957
gaze,134021659151750738,302,961
gaze,134021659151839181,313,959
gaze,134021659151917027,301,962
gaze,134021659151997230,295,956
gaze,134021659152065109,298,958
gaze,134021659152148820,290,963
gaze,134021659152253211,295,962
gaze,134021659152328384,296,963
gaze,134021659152401219,292,967
gaze,134021659152482752,298,966
gaze,134021659152586150,295,955
gaze,134021659152666997,286,959
gaze,134021659152761784,291,957
gaze,134021659152834652,285,959
gaze,134021659152918910,340,927
gaze,134021659153001425,420,804
gaze,134021659153079792,439,665
gaze,134021659153169334,467,584
gaze,134021659153251474,450,497
gaze,134021659153341711,460,520
gaze,134021659153413986,469,511
gaze,134021659153504992,468,530
gaze,134021659153584736,467,529
gaze,134021659153670469,461,530
gaze,134021659153751923,468,526
gaze,134021659153836163,475,537
gaze,134021659153917764,467,524
gaze,134021659153999106,469,531
gaze,134021659154066933,473,543
gaze,134021659154149481,476,545
gaze,134021659154255097,481,561
gaze,134021659154329475,468,549
gaze,134021659154401673,462,545
gaze,134021659154483595,471,540
gaze,134021659154566101,471,544
gaze,134021659154671485,467,539
gaze,134021659154751827,465,537
gaze,134021659154836849,462,534
gaze,134021659154918559,464,536
gaze,134021659155005388,471,545
gaze,134021659155079576,473,557
gaze,134021659155171323,481,576
gaze,134021659155250985,481,568
gaze,134021659155337865,474,572
gaze,134021659155424127,484,584
gaze,134021659155499810,477,574
gaze,134021659155585401,479,575
gaze,134021659155668905,475,577
gaze,134021659155753173,471,565
gaze,134021659155836464,477,580
gaze,134021659155919584,476,569
gaze,134021659155997626,482,579
gaze,134021659156065894,471,568
gaze,134021659156148846,476,567
gaze,134021659156232825,477,575
gaze,134021659156340616,474,561
gaze,134021659156412608,471,565
gaze,134021659156487898,463,560
gaze,134021659156566560,474,564
gaze,134021659156649715,474,569
gaze,134021659156754678,495,560
gaze,134021659156834397,481,569
gaze,134021659156921994,489,573
gaze,134021659157001346,478,555
gaze,134021659157087562,488,570
gaze,134021659157162462,482,564
gaze,134021659157254203,478,558
gaze,134021659157335053,479,559
gaze,134021659157420898,495,554
gaze,134021659157501873,489,558
gaze,134021659157582263,485,555
gaze,134021659157669637,486,559
gaze,134021659157752407,483,563
gaze,134021659157835378,487,557
gaze,134021659157918919,472,533
gaze,134021659158003340,486,552
gaze,134021659158083747,537,718
gaze,134021659163486843,284,889
KeyDown,134021659163542231,55
gaze,134021659163582410,321,808
gaze,134021659163669479,291,806
gaze,134021659163751797,280,764
gaze,134021659163829960,292,779
gaze,134021659163919436,294,771
gaze,134021659164001772,300,772
gaze,134021659164088031,299,783
KeyUp,134021659164101254,55
gaze,134021659164168496,295,794
gaze,134021659164252203,289,796
gaze,134021659164330076,307,806
gaze,134021659164400103,302,801
gaze,134021659164483311,290,798
gaze,134021659164586668,295,799
gaze,134021659164668929,305,795
gaze,134021659164748838,286,790
gaze,134021659164816541,303,802
gaze,134021659164899873,287,802
gaze,134021659165003372,285,807
gaze,134021659165085324,284,807
KeyDown,134021659165141333,32
gaze,134021659165169870,222,867
gaze,134021659165252814,230,892
gaze,134021659165335605,234,879
gaze,134021659165414317,230,881
gaze,134021659165503215,243,883
gaze,134021659165584767,234,882
gaze,134021659165671010,235,881
gaze,134021659165752475,230,879
gaze,134021659165830848,230,883
gaze,134021659165918788,233,886
gaze,134021659166001123,233,879
gaze,134021659166084932,234,880
gaze,134021659166170919,229,873
KeyUp,134021659166181054,32
gaze,134021659166251156,235,879
gaze,134021659166330103,239,886
gaze,134021659166399483,236,879
gaze,134021659166485243,230,873
gaze,134021659166588257,229,876
gaze,134021659166667489,234,873
gaze,134021659166748494,231,882
gaze,134021659166817480,227,876
gaze,134021659166899820,226,874
gaze,134021659167004581,226,872
gaze,134021659167085838,229,875
gaze,134021659167169453,225,878
gaze,134021659167251474,226,880
gaze,134021659167334303,223,872
gaze,134021659167412450,222,873
gaze,134021659167503201,241,874
gaze,134021659167584199,295,866
gaze,134021659167670710,295,862
gaze,134021659167751979,301,863
gaze,134021659167832902,294,862
gaze,134021659167918975,291,860
gaze,134021659168001657,290,859
gaze,134021659168091112,286,861
gaze,134021659168168442,292,867
gaze,134021659168251547,292,865
gaze,134021659168329303,289,863
gaze,134021659168400780,286,862
gaze,134021659168482781,289,864
gaze,134021659168565409,283,870
gaze,134021659168671379,293,870
gaze,134021659168745704,301,874
gaze,134021659168817896,297,866
gaze,134021659168899584,290,865
gaze,134021659168982958,298,864
gaze,134021659169086997,294,868
gaze,134021659169167845,296,872
gaze,134021659169253527,292,869
gaze,134021659169335884,287,873
gaze,134021659169419565,334,863
gaze,134021659169498212,399,856
gaze,134021659169585869,384,852
gaze,134021659169668342,385,847
gaze,134021659169752338,389,850
gaze,134021659169834878,399,854
gaze,134021659169912903,401,850
gaze,134021659170002770,399,850
gaze,134021659170086431,393,854
gaze,134021659170168222,384,849
gaze,134021659170252607,386,851
gaze,134021659170335773,390,850
gaze,134021659170413416,396,849
gaze,134021659170483329,402,850
gaze,134021659170565518,399,852
gaze,134021659170671815,399,855
gaze,134021659170756947,387,858
gaze,134021659170831425,387,856
gaze,134021659170901459,387,855
gaze,134021659170983544,388,860
gaze,134021659171066581,380,842
gaze,134021659171171411,387,828
gaze,134021659171252377,378,828
gaze,134021659171337049,377,836
gaze,134021659171419118,373,829
gaze,134021659171499625,382,835
gaze,134021659171585846,382,838
gaze,134021659171668277,384,837
gaze,134021659171753265,381,834
gaze,134021659171835451,375,838
gaze,134021659171918949,382,828
gaze,134021659171997032,377,832
gaze,134021659172086485,373,827
gaze,134021659172168409,369,823
gaze,134021659172248191,386,837
gaze,134021659172336916,372,828
gaze,134021659172413374,313,843
gaze,134021659172484493,232,843
gaze,134021659172566389,239,841
gaze,134021659172649363,257,839
gaze,134021659172753848,242,830
gaze,134021659172834282,244,837
gaze,134021659172915111,255,838
gaze,134021659172982346,249,839
gaze,134021659173065768,253,838
gaze,134021659173149744,247,832
gaze,134021659173253220,254,840
gaze,134021659173335550,255,839
gaze,134021659173423310,249,835
gaze,134021659173502679,255,840
gaze,134021659173581799,241,826
gaze,134021659173669482,255,841
gaze,134021659173754966,246,830
gaze,134021659173835695,246,827
gaze,134021659173918801,343,872
gaze,134021659174002268,466,919
gaze,134021659174081105,609,993
gaze,134021659174169826,747,1100
gaze,134021659174253450,861,1227
gaze,134021659174327775,1052,-504
gaze,134021659177670297,693,770
KeyDown,134021659177702420,73
gaze,134021659177748712,583,668
gaze,134021659177837656,604,565
gaze,134021659177919568,591,507
gaze,134021659178004605,588,531
gaze,134021659178086059,587,552
gaze,134021659178165650,584,578
gaze,134021659178252788,589,589
KeyUp,134021659178261946,73
gaze,134021659178334775,580,575
gaze,134021659178421880,580,563
gaze,134021659178502914,589,569
gaze,134021659178586736,586,563
gaze,134021659178663766,592,568
gaze,134021659178736138,581,568
gaze,134021659178817034,580,572
gaze,134021659178920974,585,579
gaze,134021659179002425,583,568
KeyDown,134021659179061951,78
gaze,134021659179083369,581,572
gaze,134021659179149540,579,567
gaze,134021659179233906,584,566
gaze,134021659179337622,586,574
gaze,134021659179420171,588,574
gaze,134021659179504400,581,563
gaze,134021659179584653,589,586
KeyUp,134021659179621325,78
gaze,134021659179671954,589,579
gaze,134021659179747273,583,578
gaze,134021659179838957,582,572
gaze,134021659179918362,513,560
gaze,134021659180004879,533,563
gaze,134021659180088512,533,558
gaze,134021659180166609,523,555
gaze,134021659180254110,533,558
gaze,134021659180336005,521,552
KeyDown,134021659180340891,32
gaze,134021659180422236,528,560
gaze,134021659180502709,530,555
gaze,134021659180587838,533,555
gaze,134021659180663360,531,560
gaze,134021659180735562,528,553
gaze,134021659180816287,526,550
gaze,134021659180920014,525,559
KeyUp,134021659180981353,32
gaze,134021659181002227,528,548
gaze,134021659181083873,532,558
gaze,134021659181150284,527,551
gaze,134021659181234021,533,545
gaze,134021659181317893,528,554
gaze,134021659181422518,532,559
gaze,134021659181502910,526,549
gaze,134021659181586980,531,553
gaze,134021659181668170,533,542
gaze,134021659181750823,523,537
gaze,134021659181836629,525,539
gaze,134021659181919255,549,550
gaze,134021659182002456,559,535
gaze,134021659182086302,552,526
gaze,134021659182169515,552,522
gaze,134021659182247937,547,554
gaze,134021659182337275,556,537
gaze,134021659182419383,546,519
gaze,134021659182505074,554,526
gaze,134021659182584735,545,532
gaze,134021659182665962,554,523
gaze,134021659182735402,552,532
gaze,134021659182817325,549,520
gaze,134021659182920432,559,527
gaze,134021659183002675,554,538
gaze,134021659183088364,545,534
gaze,134021659183164462,550,523
gaze,134021659183235267,560,529
gaze,134021659183316817,546,517
gaze,134021659183421441,556,534
gaze,134021659183502783,551,526
gaze,134021659183588271,553,516
gaze,134021659183668614,551,527
gaze,134021659183750018,553,531
gaze,134021659183836479,554,531
gaze,134021659183918726,553,530
gaze,134021659184002419,558,527
gaze,134021659184087442,555,530
gaze,134021659184168496,550,512
gaze,134021659184247437,555,534
gaze,134021659184337399,560,533
gaze,134021659184419540,557,530
gaze,134021659184503617,558,537
gaze,134021659184581869,546,527
gaze,134021659184660678,562,531
gaze,134021659184729970,551,519
gaze,134021659184816944,558,519
KeyDown,134021659184821642,192
gaze,134021659184922629,550,518
gaze,134021659185002667,559,517
gaze,134021659185083209,557,524
gaze,134021659185164701,550,542
gaze,134021659185233822,556,521
gaze,134021659185317915,553,536
gaze,134021659185422072,556,519
gaze,134021659185503490,555,536
gaze,134021659185587887,559,526
gaze,134021659185669614,553,525
gaze,134021659185750099,550,533
gaze,134021659185836763,561,527
gaze,134021659185918990,556,526
KeyUp,134021659185943831,192
gaze,134021659186002892,558,532
gaze,134021659186085998,557,522
gaze,134021659186169270,544,518
gaze,134021659186248617,550,522
MouseMove,134021659186261237,441,860
gaze,134021659186336738,553,529
MouseMove,134021659186341210,449,860
gaze,134021659186419544,557,512
MouseMove,134021659186422740,471,860
MouseMove,134021659186501046,509,860
gaze,134021659186505634,554,523
MouseMove,134021659186581321,542,860
gaze,134021659186585436,553,517
MouseMove,134021659186662644,558,858
gaze,134021659186666121,557,525
MouseMove,134021659186742842,562,850
gaze,134021659186745615,557,539
gaze,134021659186817593,522,556
MouseMove,134021659186822745,562,844
MouseMove,134021659186903485,562,836
gaze,134021659186903062,515,584
MouseMove,134021659186981476,562,832
gaze,134021659187005244,503,601
MouseMove,134021659187062219,561,828
gaze,134021659187086109,511,600
MouseMove,134021659187143216,558,825
gaze,134021659187166544,506,596
MouseMove,134021659187220779,554,822
gaze,134021659187234456,506,602
MouseMove,134021659187300357,547,820
gaze,134021659187317187,503,603
MouseMove,134021659187381191,542,819
gaze,134021659187401005,501,603
MouseMove,134021659187460534,536,817
gaze,134021659187506335,508,605
MouseMove,134021659187541073,530,817
gaze,134021659187586720,508,597
MouseMove,134021659187622495,528,817
gaze,134021659187671678,510,598
MouseMove,134021659187700942,525,817
gaze,134021659187752511,511,613
MouseMove,134021659187781466,525,817
gaze,134021659187833148,504,607
MouseMove,134021659187861621,524,817
gaze,134021659187920813,519,606
MouseMove,134021659187944290,523,821
gaze,134021659188002822,510,612
MouseMove,134021659188020602,522,825
gaze,134021659188088385,505,598
MouseMove,134021659188102009,520,829
gaze,134021659188169251,504,595
MouseMove,134021659188181127,520,831
gaze,134021659188254563,504,598
MouseMove,134021659188261347,519,833
gaze,134021659188329806,505,611
MouseMove,134021659188340654,519,835
MouseMove,134021659188422154,518,837
gaze,134021659188422126,505,599
MouseMove,134021659188501446,517,839
gaze,134021659188503126,511,599
MouseMove,134021659188581747,516,840
gaze,134021659188586736,507,604
MouseMove,134021659188664430,515,841
gaze,134021659188669725,513,614
MouseMove,134021659188740627,515,841
gaze,134021659188749519,509,616
gaze,134021659188817605,513,608
gaze,134021659188900555,511,616
gaze,134021659188984958,509,604
MouseMove,134021659189060849,514,841
gaze,134021659189088355,510,612
MouseMove,134021659189141447,514,835
gaze,134021659189169411,515,612
MouseMove,134021659189221292,515,825
gaze,134021659189249787,515,614
MouseMove,134021659189300531,519,813
gaze,134021659189317540,516,617
MouseMove,134021659189380689,521,796
gaze,134021659189402025,510,617
MouseMove,134021659189461460,529,778
gaze,134021659189484297,511,601
MouseMove,134021659189540876,540,758
gaze,134021659189587202,515,611
MouseMove,134021659189620629,552,736
gaze,134021659189669420,512,609
MouseMove,134021659189702264,563,720
gaze,134021659189755036,501,617
MouseMove,134021659189781515,571,706
gaze,134021659189836558,506,608
MouseMove,134021659189860252,581,695
gaze,134021659189916432,520,609
MouseMove,134021659189941287,588,687
gaze,134021659190003634,504,606
MouseMove,134021659190021767,597,680
gaze,134021659190086276,508,621
MouseMove,134021659190106925,607,673
gaze,134021659190170097,517,616
MouseMove,134021659190181978,617,666
gaze,134021659190254037,519,609
MouseMove,134021659190261093,624,664
gaze,134021659190336841,509,609
MouseMove,134021659190340601,632,661
MouseMove,134021659190422861,639,660
gaze,134021659190415067,517,613
MouseMove,134021659190501290,647,659
gaze,134021659190503646,517,618
MouseMove,134021659190580621,653,659
gaze,134021659190585277,519,619
MouseMove,134021659190660545,658,659
gaze,134021659190670210,507,609
MouseMove,134021659190742322,662,659
gaze,134021659190752480,522,626
MouseMove,134021659190821111,666,659
gaze,134021659190833342,515,618
MouseMove,134021659190901271,669,659
gaze,134021659190904287,552,629
MouseMove,134021659190981480,673,659
gaze,134021659190984431,615,630
MouseMove,134021659191061787,677,659
gaze,134021659191088791,621,620
MouseMove,134021659191141250,680,659
gaze,134021659191169558,625,625
MouseMove,134021659191221460,684,659
gaze,134021659191254499,622,620
MouseMove,134021659191301718,689,659
gaze,134021659191331155,627,627
MouseMove,134021659191380858,693,658
gaze,134021659191401812,621,622
MouseMove,134021659191461047,697,656
gaze,134021659191484316,625,628
MouseMove,134021659191541774,702,656
gaze,134021659191586711,628,627
MouseMove,134021659191620519,708,654
gaze,134021659191671469,627,624
MouseMove,134021659191701760,712,652
gaze,134021659191754192,625,621
MouseMove,134021659191780957,716,651
gaze,134021659191837884,621,632
MouseMove,134021659191860270,719,650
gaze,134021659191913524,626,617
MouseMove,134021659191941383,720,650
gaze,134021659192006243,630,622
MouseMove,134021659192022190,721,650
gaze,134021659192086837,636,623
MouseMove,134021659192101324,723,650
gaze,134021659192171426,632,629
MouseMove,134021659192181755,723,650
gaze,134021659192253435,623,620
MouseMove,134021659192261691,724,650
gaze,134021659192337912,633,625
gaze,134021659192414286,627,620
gaze,134021659192507016,627,620
gaze,134021659192585949,626,620
gaze,134021659192672534,622,619
gaze,134021659192753569,621,625
gaze,134021659192833104,631,616
gaze,134021659192900778,628,618
gaze,134021659192983884,626,619
LeftMouseDown,134021659193063250
gaze,134021659193067310,620,626
gaze,134021659193170936,628,623
gaze,134021659193253137,629,618
gaze,134021659193331987,624,618
gaze,134021659193404400,627,623
gaze,134021659193489939,627,629
gaze,134021659193568166,596,627
gaze,134021659193671126,555,624
gaze,134021659193759605,560,623
gaze,134021659193838925,564,623
LeftMouseUp,134021659193862417
gaze,134021659193919114,563,639
gaze,134021659194000659,563,626
gaze,134021659194087103,564,625
gaze,134021659194168594,553,634
gaze,134021659194254621,562,626
gaze,134021659194335819,560,636
MouseMove,134021659194342024,724,648
MouseMove,134021659194421801,724,647
gaze,134021659194422192,557,621
MouseMove,134021659194504934,722,645
gaze,134021659194504867,565,628
MouseMove,134021659194581992,720,645
gaze,134021659194588561,564,635
MouseMove,134021659194661305,716,644
gaze,134021659194669948,557,626
gaze,134021659194758369,561,627
gaze,134021659194836562,570,629
gaze,134021659194916571,564,627
gaze,134021659194983385,556,624
gaze,134021659195068357,569,632
gaze,134021659195150775,553,630
gaze,134021659195255682,558,634
gaze,134021659195336844,555,632
gaze,134021659195412330,558,639
gaze,134021659195480789,561,643
gaze,134021659195562912,554,636
gaze,134021659195646299,563,635
gaze,134021659195750104,560,636
gaze,134021659195832891,549,645
gaze,134021659195920618,437,638
gaze,134021659196002066,400,640
gaze,134021659196083886,393,641
gaze,134021659196170979,396,637
gaze,134021659196252939,405,639
gaze,134021659196336411,400,645
gaze,134021659196419781,402,639
gaze,134021659196496879,408,643
gaze,134021659196573247,400,618
gaze,134021659196666308,401,641
gaze,134021659196750417,402,641
gaze,134021659196828028,409,627
gaze,134021659196915751,401,625
gaze,134021659196998722,411,632
gaze,134021659197067194,404,639
gaze,134021659197150054,410,639
gaze,134021659197233624,398,630
gaze,134021659197336962,406,631
gaze,134021659197420328,409,650
gaze,134021659197499997,398,626
gaze,134021659197570897,404,635
gaze,134021659197649764,396,628
gaze,134021659197729939,401,625
gaze,134021659197829238,403,614
gaze,134021659197911378,401,631
gaze,134021659197999543,393,632
gaze,134021659198082177,402,629
gaze,134021659198164340,398,635
gaze,134021659198248316,430,633
gaze,134021659198337270,470,636
gaze,134021659198420586,462,627
gaze,134021659198503039,465,625
gaze,134021659198585602,475,632
gaze,134021659198663428,467,632
gaze,134021659198754782,472,634
gaze,134021659198831317,468,624
gaze,134021659198917614,464,624
gaze,134021659198999995,470,625
gaze,134021659199071521,472,633
gaze,134021659199145890,470,633
gaze,134021659199224116,468,619
gaze,134021659199306738,486,640
gaze,134021659199421244,470,630
gaze,134021659199503020,469,619
gaze,134021659199582887,465,611
gaze,134021659199650426,464,628
gaze,134021659199733724,457,624
gaze,134021659199816970,471,621
gaze,134021659199920857,457,627
gaze,134021659200002945,469,618
gaze,134021659200091442,468,618
gaze,134021659200169232,466,627
gaze,134021659200250227,458,609
gaze,134021659200337035,467,617
gaze,134021659200419285,470,633
gaze,134021659200505918,470,622
gaze,134021659200585930,463,626
gaze,134021659200671870,472,620
gaze,134021659200747597,468,616
gaze,134021659200839298,477,632
gaze,134021659200919062,470,614
gaze,134021659201005042,472,630
gaze,134021659201086022,469,624
KeyDown,134021659201141942,13
gaze,134021659201167446,470,630
gaze,134021659201234838,473,637
gaze,134021659201317222,466,636
gaze,134021659201422759,467,629
gaze,134021659201503241,469,637
gaze,134021659201586797,473,629
gaze,134021659201664247,472,620
gaze,134021659201734623,465,622
gaze,134021659201818102,458,622
gaze,134021659201921071,466,550
KeyUp,134021659201941711,13
gaze,134021659202002873,451,476
gaze,134021659202088871,452,419
gaze,134021659202169692,438,394
gaze,134021659202249862,445,393
gaze,134021659202337215,437,366
gaze,134021659202419708,453,379
gaze,134021659202503686,449,373
gaze,134021659202584788,441,387
gaze,134021659202670687,441,365
gaze,134021659202745939,438,371
gaze,134021659202838234,439,378
KeyDown,134021659202901764,13
gaze,134021659202919061,439,383
gaze,134021659203005040,441,371
gaze,134021659203085667,438,370
gaze,134021659203167040,435,365
gaze,134021659203233287,444,364
gaze,134021659203317003,446,365
KeyUp,134021659203382071,13
gaze,134021659203420310,438,360
gaze,134021659203503259,440,361
gaze,134021659203584719,448,368
gaze,134021659203666279,447,378
gaze,134021659203733478,447,367
gaze,134021659203816672,448,354
gaze,134021659203899064,445,372
gaze,134021659204008970,445,357
gaze,134021659204085971,446,357
gaze,134021659204172447,449,359
gaze,134021659204245906,447,358
gaze,134021659204345297,450,356
gaze,134021659204418596,435,316
gaze,134021659204506659,439,302
KeyDown,134021659204581442,38
gaze,134021659204584903,434,273
gaze,134021659204671709,430,279
gaze,134021659204751919,430,285
gaze,134021659204833119,439,271
gaze,134021659204919067,435,281
gaze,134021659205002081,442,279
gaze,134021659205085755,435,281
gaze,134021659205163692,440,277
gaze,134021659205234483,442,283
gaze,134021659205317479,437,279
KeyUp,134021659205384942,38
gaze,134021659205423334,443,274
gaze,134021659205502248,441,286
gaze,134021659205587536,437,280
gaze,134021659205668562,442,268
gaze,134021659205748649,445,287
gaze,134021659205817221,408,264
gaze,134021659205899451,413,259
gaze,134021659206002834,414,258
gaze,134021659206084535,420,262
gaze,134021659206169325,408,253
gaze,134021659206245563,418,265
gaze,134021659206337686,414,263
gaze,134021659206417763,411,257
gaze,134021659206507174,414,265
gaze,134021659206584945,409,257
gaze,134021659206670431,411,256
gaze,134021659206754957,413,262
gaze,134021659206839839,411,257
gaze,134021659206918856,411,260
gaze,134021659207001632,408,252
gaze,134021659207084615,414,267
gaze,134021659207163197,415,262
gaze,134021659207232360,417,261
gaze,134021659207315917,409,257
gaze,134021659207400842,412,248
gaze,134021659207504215,408,249
gaze,134021659207584121,410,269
gaze,134021659207671226,406,261
gaze,134021659207746137,412,258
gaze,134021659207818849,417,260
gaze,134021659207900204,407,253
gaze,134021659208003448,406,254
gaze,134021659208099935,408,259
gaze,134021659208170022,409,263
gaze,134021659208251375,408,251
gaze,134021659208332773,409,249
gaze,134021659208419851,410,258
gaze,134021659208505344,402,263
gaze,134021659208586700,408,253
gaze,134021659208668678,408,252
gaze,134021659208754182,412,259
gaze,134021659208829826,406,249
gaze,134021659208921632,415,256
gaze,134021659209001989,407,252
gaze,134021659209087368,408,260
gaze,134021659209168304,406,264
gaze,134021659209248014,404,262
gaze,134021659209315979,406,257
gaze,134021659209402526,402,245
gaze,134021659209503349,404,252
gaze,134021659209584079,410,266
gaze,134021659209670528,405,257
gaze,134021659209745964,404,257
gaze,134021659209818135,405,249
gaze,134021659209899949,405,264
gaze,134021659209983444,405,264
gaze,134021659210086351,397,246
gaze,134021659210168355,446,243
gaze,134021659210254982,490,234
gaze,134021659210330978,500,236
gaze,134021659210421035,502,242
gaze,134021659210501862,500,230
gaze,134021659210586622,499,242
gaze,134021659210667085,505,241
gaze,134021659210759006,503,237
gaze,134021659210834590,503,225
gaze,134021659210917934,500,233
gaze,134021659211002495,497,230
gaze,134021659211085515,494,227
gaze,134021659211169212,498,224
gaze,134021659211246322,494,232
gaze,134021659211316179,499,234
gaze,134021659211399673,498,238
gaze,134021659211482453,497,232
gaze,134021659211585577,494,230
gaze,134021659211668103,495,226
gaze,134021659211753311,493,224
gaze,134021659211829568,496,227
gaze,134021659211902240,500,234
gaze,134021659211983320,499,240
gaze,134021659212066727,499,243
gaze,134021659212169961,499,233
gaze,134021659212252103,505,245
gaze,134021659212364980,502,245
gaze,134021659212413123,509,241
gaze,134021659212503330,505,242
gaze,134021659212584275,501,249
gaze,134021659212670158,500,244
gaze,134021659212751332,497,235
gaze,134021659212837317,506,243
gaze,134021659212918179,505,243
gaze,134021659212998988,503,248
gaze,134021659213086753,503,239
gaze,134021659213168625,506,241
gaze,134021659213253636,506,230
gaze,134021659213329810,503,234
gaze,134021659213404450,502,220
gaze,134021659213484398,493,225
gaze,134021659213586425,513,238
gaze,134021659213668257,502,235
gaze,134021659213753846,505,251
gaze,134021659213837270,507,241
gaze,134021659213915331,505,240
gaze,134021659213982520,480,241
gaze,134021659214062148,422,254
gaze,134021659214165691,401,251
gaze,134021659214252905,412,244
gaze,134021659214334935,413,255
gaze,134021659214411346,404,251
gaze,134021659214504045,413,264
gaze,134021659214585426,405,252
gaze,134021659214672292,407,250
gaze,134021659214752749,407,243
gaze,134021659214838309,407,255
gaze,134021659214918203,412,251
gaze,134021659214998987,412,251
gaze,134021659215086327,408,243
gaze,134021659215168186,410,244
gaze,134021659215254472,411,240
gaze,134021659215329516,407,252
gaze,134021659215402331,407,242
gaze,134021659215485156,415,257
gaze,134021659215587632,407,253
gaze,134021659215668926,405,254
gaze,134021659215754342,412,263
gaze,134021659215835634,417,263
gaze,134021659215914816,411,254
gaze,134021659215983366,404,256
gaze,134021659216066940,407,255
gaze,134021659216170429,411,252
gaze,134021659216251816,410,249
gaze,134021659216338297,409,251
gaze,134021659216412755,402,249
gaze,134021659216507644,416,250
gaze,134021659216584983,409,255
gaze,134021659216670298,412,251
gaze,134021659216753628,412,241
gaze,134021659216831541,408,240
gaze,134021659216919817,411,248
gaze,134021659216996984,406,237
gaze,134021659217086413,411,249
gaze,134021659217164492,407,238
gaze,134021659217248102,410,242
gaze,134021659217330657,410,248
gaze,134021659217401434,402,245
gaze,134021659217483167,410,256
gaze,134021659217562225,407,247
gaze,134021659217664972,405,242
gaze,134021659217749817,404,247
gaze,134021659217832169,402,251
gaze,134021659217910135,414,245
gaze,134021659217983934,496,252
gaze,134021659218067045,618,227
gaze,134021659218150010,704,223
gaze,134021659218253093,748,220
gaze,134021659218335452,779,215
gaze,134021659218419927,770,208
gaze,134021659218497119,771,209
gaze,134021659218586253,769,211
gaze,134021659218668209,767,212
gaze,134021659218754492,765,217
gaze,134021659218835213,765,213
gaze,134021659218920390,761,221
gaze,134021659219002356,764,212
gaze,134021659219079627,759,214
gaze,134021659219168804,761,212
gaze,134021659219251579,762,202
gaze,134021659219334799,757,202
gaze,134021659219413166,759,207
gaze,134021659219483264,764,221
gaze,134021659219565201,762,207
gaze,134021659219649082,765,209
gaze,134021659219753608,761,213
gaze,134021659219836354,767,204
gaze,134021659219920986,804,226
gaze,134021659219992830,808,212
gaze,134021659220072997,802,224
gaze,134021659220149904,811,218
gaze,134021659220232551,804,204
gaze,134021659220336481,803,210
gaze,134021659220418527,804,210
gaze,134021659220503320,802,209
gaze,134021659220579052,807,212
gaze,134021659220670889,802,212
gaze,134021659220751597,801,211
gaze,134021659220836957,805,216
gaze,134021659220918019,803,216
gaze,134021659221003918,803,214
gaze,134021659221084847,805,221
gaze,134021659221163589,806,211
gaze,134021659221253133,807,212
gaze,134021659221335281,805,206
gaze,134021659221420327,829,205
gaze,134021659221497442,877,211
gaze,134021659221566418,906,205
gaze,134021659221649574,902,206
gaze,134021659221733928,906,207
gaze,134021659221836502,901,202
gaze,134021659221918935,903,205
gaze,134021659222002470,899,216
gaze,134021659222079740,901,205
gaze,134021659222150379,898,208
gaze,134021659222233439,898,206
gaze,134021659222337480,901,208
gaze,134021659222418766,900,205
gaze,134021659222504437,899,208
gaze,134021659222584215,895,204
gaze,134021659222666492,894,199
gaze,134021659222753112,897,205
gaze,134021659222831369,894,206
gaze,134021659222914730,900,201
gaze,134021659223002120,894,211
gaze,134021659223085765,894,210
gaze,134021659223162958,893,216
gaze,134021659223253495,899,202
gaze,134021659223336068,898,201
gaze,134021659223418606,900,208
gaze,134021659223502067,900,206
gaze,134021659223579262,906,210
gaze,134021659223649703,899,210
gaze,134021659223733404,898,215
gaze,134021659223816240,899,208
gaze,134021659223919798,902,211
gaze,134021659224002515,902,216
gaze,134021659224082552,894,210
gaze,134021659224151907,902,212
gaze,134021659224232862,897,211
gaze,134021659224316757,893,212
gaze,134021659224416256,902,208
gaze,134021659224499887,900,215
gaze,134021659224582112,899,200
gaze,134021659224670136,893,203
gaze,134021659224746289,895,214
gaze,134021659224838847,898,213
gaze,134021659224918451,894,220
gaze,134021659225004435,901,220
gaze,134021659225084771,893,225
gaze,134021659225170463,890,223
gaze,134021659225245819,893,212
gaze,134021659225338410,898,222
gaze,134021659225420000,891,220
gaze,134021659225504733,897,211
gaze,134021659225585029,895,221
gaze,134021659225666725,897,220
gaze,134021659225732126,900,221
gaze,134021659225816709,895,203
gaze,134021659225895514,898,202
gaze,134021659225998644,895,204
gaze,134021659226089850,896,201
gaze,134021659226163729,901,211
gaze,134021659226233071,896,212
gaze,134021659226317025,903,212
gaze,134021659226400081,883,236
gaze,134021659226507563,782,271
gaze,134021659226585907,677,319
gaze,134021659226673183,568,386
KeyDown,134021659226742599,50
gaze,134021659226754146,438,489
gaze,134021659226835954,361,569
gaze,134021659226920997,369,644
gaze,134021659227006424,394,673
gaze,134021659227087277,397,675
gaze,134021659227168859,401,671
gaze,134021659227256249,399,665
gaze,134021659227331525,404,663
gaze,134021659227424232,398,656
gaze,134021659227504017,396,658
gaze,134021659227588700,400,662
gaze,134021659227669843,402,667
gaze,134021659227752433,400,665
gaze,134021659227817173,406,666
gaze,134021659227900794,406,665
gaze,134021659228005003,399,657
gaze,134021659228092779,402,660
gaze,134021659228172183,397,663
gaze,134021659228247779,397,655
KeyUp,134021659228261029,50
gaze,134021659228320484,399,656
gaze,134021659228400976,399,659
gaze,134021659228484658,402,665
gaze,134021659228588607,408,651
gaze,134021659228669873,405,652
gaze,134021659228756928,410,665
gaze,134021659228831225,401,654
gaze,134021659228923448,409,656
gaze,134021659229005130,397,655
gaze,134021659229089565,384,657
gaze,134021659229170284,369,665
gaze,134021659229256530,369,656
gaze,134021659229336886,355,661
gaze,134021659229418909,367,652
gaze,134021659229505024,373,662
gaze,134021659229585910,371,662
gaze,134021659229673406,377,664
gaze,134021659229749502,374,656
gaze,134021659229820173,372,660
gaze,134021659229901782,369,653
gaze,134021659230005483,372,666
gaze,134021659230093815,368,663
gaze,134021659230173654,364,656
gaze,134021659230253618,369,659
gaze,134021659230335419,375,667
gaze,134021659230401486,378,667
gaze,134021659230485154,371,663
gaze,134021659230588389,372,669
gaze,134021659230669551,380,667
gaze,134021659230757323,455,657
gaze,134021659230831493,581,623
gaze,134021659230923558,640,595
gaze,134021659231004075,688,603
gaze,134021659231090165,689,590
gaze,134021659231170264,691,589
gaze,134021659231256910,685,584
gaze,134021659231337377,683,593
gaze,134021659231421974,681,597
gaze,134021659231504955,673,601
gaze,134021659231585884,674,586
gaze,134021659231672181,677,599
gaze,134021659231748074,680,592
gaze,134021659231821627,682,590
gaze,134021659231903321,673,594
gaze,134021659231984879,669,587
gaze,134021659232089900,678,600
gaze,134021659232170654,675,604
gaze,134021659232256598,672,588
gaze,134021659232331147,676,583
gaze,134021659232403372,673,591
gaze,134021659232485810,675,595
gaze,134021659232568000,673,603
gaze,134021659232671920,677,581
gaze,134021659232754245,675,590
gaze,134021659232838638,685,587
gaze,134021659232915185,673,593
gaze,134021659233007505,675,589
gaze,134021659233086544,689,594
gaze,134021659233173553,776,580
gaze,134021659233254148,808,575
gaze,134021659233340481,814,584
gaze,134021659233424284,806,583
gaze,134021659233502697,812,587
gaze,134021659233586299,802,584
gaze,134021659233670511,808,572
gaze,134021659233754295,807,576
gaze,134021659233831183,807,589
gaze,134021659233901466,802,574
gaze,134021659233983939,802,577
gaze,134021659234089169,802,581
gaze,134021659234169795,799,586
gaze,134021659234255690,804,572
gaze,134021659234336534,799,573
gaze,134021659234418947,799,583
gaze,134021659234485049,795,588
gaze,134021659234584255,796,582
gaze,134021659234652022,798,576
gaze,134021659234761161,799,588
gaze,134021659234837099,804,579
gaze,134021659234918489,791,576
gaze,134021659235003276,797,586
gaze,134021659235088291,788,588
gaze,134021659235170089,792,581
gaze,134021659235254340,800,577
gaze,134021659235336687,801,579
gaze,134021659235422962,802,581
gaze,134021659235504074,803,575
gaze,134021659235586339,843,586
gaze,134021659235670942,921,585
gaze,134021659235754419,932,592
gaze,134021659235830912,928,582
gaze,134021659235901467,927,575
gaze,134021659235985009,926,575
gaze,134021659236092481,940,575
gaze,134021659236171104,928,573
gaze,134021659236252035,928,579
gaze,134021659236340719,921,575
gaze,134021659236420013,927,583
gaze,134021659236505150,918,575
gaze,134021659236566180,921,575
gaze,134021659236651702,924,585
gaze,134021659236756044,927,577
gaze,134021659236836702,925,594
gaze,134021659236917810,916,572
gaze,134021659237004265,897,681
gaze,134021659238238710,405,551
gaze,134021659238329573,426,543
gaze,134021659238417822,397,396
gaze,134021659238494561,387,313
gaze,134021659238567275,391,308
gaze,134021659238650745,379,263
gaze,134021659238755052,387,233
gaze,134021659238839152,396,283
gaze,134021659238921342,404,312
gaze,134021659238997689,399,324
gaze,134021659239089011,381,314
gaze,134021659239169589,402,335
gaze,134021659239254436,391,339
gaze,134021659239335709,403,330
gaze,134021659239421555,394,338
gaze,134021659239503168,410,328
gaze,134021659239582756,391,336
gaze,134021659239670459,407,333
gaze,134021659239752914,405,336
gaze,134021659239836770,399,315
gaze,134021659239914984,401,318
gaze,134021659239984866,392,326
gaze,134021659240078093,405,328
gaze,134021659240171409,402,337
gaze,134021659240253356,405,322
gaze,134021659240336485,396,320
gaze,134021659240420803,400,318
gaze,134021659240498559,399,327
gaze,134021659240567449,398,323
gaze,134021659240650785,394,322
gaze,134021659240755421,393,317
gaze,134021659240836087,399,326
gaze,134021659240920915,396,331
gaze,134021659240998423,409,321
gaze,134021659241090009,401,313
gaze,134021659241170463,402,320
gaze,134021659241255261,404,320
gaze,134021659241337696,398,314
gaze,134021659241423005,395,316
gaze,134021659241504748,399,316
gaze,134021659241581668,402,322
gaze,134021659241671515,396,329
gaze,134021659241754158,390,316
gaze,134021659241837755,387,307
gaze,134021659241916014,397,312
gaze,134021659241984888,403,320
gaze,134021659242068819,440,284
gaze,134021659242172615,456,269
gaze,134021659242253930,475,267
gaze,134021659242339592,477,263
gaze,134021659242420519,474,256
gaze,134021659242500871,475,261
gaze,134021659242567583,475,258
gaze,134021659242651598,466,264
gaze,134021659242756910,473,256
gaze,134021659242837079,470,270
gaze,134021659242921996,462,264
gaze,134021659242998759,471,255
gaze,134021659243090371,466,255
gaze,134021659243170876,467,258
gaze,134021659243255337,471,248
MouseMove,134021659243300808,715,644
gaze,134021659243338180,464,257
MouseMove,134021659243381878,715,644
gaze,134021659243421892,460,264
MouseMove,134021659243461152,714,644
gaze,134021659243503661,470,263
MouseMove,134021659243545421,712,643
gaze,134021659243583335,461,262
MouseMove,134021659243620650,708,642
gaze,134021659243670273,463,268
gaze,134021659243754445,466,259
MouseMove,134021659243781715,708,642
gaze,134021659243836842,466,259
gaze,134021659243914517,465,259
gaze,134021659243984486,463,264
gaze,134021659244073029,467,279
gaze,134021659244150900,471,265
gaze,134021659244255128,465,255
gaze,134021659244337096,464,268
gaze,134021659244421987,460,285
gaze,134021659244498828,431,361
gaze,134021659244570597,438,477
gaze,134021659244652590,423,572
MouseMove,134021659244660942,706,642
gaze,134021659244735828,424,606
MouseMove,134021659244741512,704,643
MouseMove,134021659244821250,702,644
gaze,134021659244839286,427,607
MouseMove,134021659244902729,700,645
gaze,134021659244920326,422,610
MouseMove,134021659244980358,699,645
gaze,134021659245006805,420,605
MouseMove,134021659245064967,698,646
gaze,134021659245082742,419,598
gaze,134021659245173530,417,598
gaze,134021659245253754,416,596
gaze,134021659245340601,420,596
gaze,134021659245427278,415,604
MouseMove,134021659245462003,698,646
gaze,134021659245507552,423,603
gaze,134021659245587899,422,599
gaze,134021659245667220,426,608
MouseMove,134021659245707817,697,646
gaze,134021659245755644,425,598
MouseMove,134021659245782267,697,647
MouseWheel,134021659245787940,-120
gaze,134021659245837363,423,608
MouseMove,134021659245860733,696,647
gaze,134021659245922882,426,602
MouseMove,134021659245941861,695,647
gaze,134021659245999682,423,619
MouseMove,134021659246021653,693,647
gaze,134021659246071034,414,605
gaze,134021659246151870,432,604
gaze,134021659246235325,419,596
gaze,134021659246339703,429,602
MouseMove,134021659246422215,693,647
gaze,134021659246422253,424,604
MouseMove,134021659246502357,692,647
gaze,134021659246509962,420,606
gaze,134021659246582774,423,591
gaze,134021659246654764,419,598
gaze,134021659246738439,416,587
MouseMove,134021659246740847,692,647
gaze,134021659246839294,418,595
gaze,134021659246921520,424,596
MouseMove,134021659246981102,691,647
gaze,134021659247004297,420,601
MouseMove,134021659247061466,690,646
gaze,134021659247088591,423,591
MouseMove,134021659247142889,689,646
gaze,134021659247166238,424,599
MouseMove,134021659247222150,688,646
gaze,134021659247254933,424,598
MouseMove,134021659247301521,686,646
gaze,134021659247337356,425,605
MouseMove,134021659247381517,683,646
gaze,134021659247422135,420,594
MouseMove,134021659247460956,680,646
gaze,134021659247504877,419,593
MouseMove,134021659247541540,679,646
gaze,134021659247588512,420,591
MouseMove,134021659247621126,675,646
gaze,134021659247666470,421,586
MouseMove,134021659247704229,673,646
gaze,134021659247757156,434,604
MouseMove,134021659247781484,671,646
gaze,134021659247836895,428,599
MouseMove,134021659247861960,668,646
gaze,134021659247923142,425,606
MouseMove,134021659247941153,666,646
gaze,134021659248004256,427,597
MouseMove,134021659248021450,663,644
gaze,134021659248084476,421,595
MouseMove,134021659248101067,660,644
gaze,134021659248151513,426,603
MouseMove,134021659248182345,660,644
gaze,134021659248234675,422,597
MouseMove,134021659248260485,658,643
gaze,134021659248338832,421,592
MouseMove,134021659248341144,654,642
gaze,134021659248421332,418,604
MouseMove,134021659248424025,652,641
MouseMove,134021659248503191,651,640
gaze,134021659248507587,421,607
MouseMove,134021659248581708,649,639
gaze,134021659248582230,419,598
gaze,134021659248653785,401,636
MouseMove,134021659248662967,646,639
gaze,134021659248736536,409,655
MouseMove,134021659248741528,642,637
MouseMove,134021659248821863,640,635
gaze,134021659248840197,408,652
MouseMove,134021659248901702,638,635
gaze,134021659248921685,398,645
MouseMove,134021659248980917,635,632
gaze,134021659249006487,405,649
MouseMove,134021659249060755,634,632
gaze,134021659249087535,408,647
MouseMove,134021659249140901,633,631
gaze,134021659249168180,409,647
MouseMove,134021659249220433,631,630
gaze,134021659249255383,408,654
MouseMove,134021659249302226,631,629
gaze,134021659249337140,407,645
MouseMove,134021659249382063,630,629
gaze,134021659249423168,409,648
MouseMove,134021659249460999,628,628
gaze,134021659249504235,408,649
MouseMove,134021659249540188,628,627
gaze,134021659249590086,402,653
gaze,134021659249665713,414,651
MouseMove,134021659249701192,627,626
gaze,134021659249757166,406,653
gaze,134021659249838664,408,647
gaze,134021659249923992,407,649
MouseMove,134021659249942738,627,625
gaze,134021659250004490,404,645
MouseMove,134021659250021951,626,625
gaze,134021659250089567,404,649
gaze,134021659250152657,410,654
gaze,134021659250235863,405,655
MouseMove,134021659250261399,626,624
gaze,134021659250318835,416,656
gaze,134021659250423530,409,652
gaze,134021659250506265,431,647
gaze,134021659250585046,487,649
gaze,134021659250652944,509,647
gaze,134021659250735423,516,636
MouseWheel,134021659250821836,-120
gaze,134021659250839456,504,648
gaze,134021659250921375,514,653
gaze,134021659251006603,513,650
gaze,134021659251087609,508,650
gaze,134021659251176120,512,644
gaze,134021659251249560,512,642
gaze,134021659251340835,506,645
MouseWheel,134021659251382139,-120
gaze,134021659251421635,508,636
gaze,134021659251506889,512,645
gaze,134021659251588403,506,647
gaze,134021659251670508,508,641
gaze,134021659251755845,510,643
gaze,134021659251838172,501,649
gaze,134021659251920865,509,644
gaze,134021659252005248,514,648
gaze,134021659252088426,511,637
gaze,134021659252168524,503,631
gaze,134021659252236185,512,639
gaze,134021659252320345,510,639
gaze,134021659252402206,509,635
gaze,134021659252506161,513,635
gaze,134021659252582742,513,634
gaze,134021659252653552,513,628
gaze,134021659252736787,507,624
gaze,134021659252838958,510,626
gaze,134021659252921604,511,627
gaze,134021659253004923,504,611
gaze,134021659253089150,521,571
gaze,134021659253171906,532,557
gaze,134021659253254026,516,545
gaze,134021659253335269,530,551
gaze,134021659253422694,525,546
gaze,134021659253505619,525,541
gaze,134021659253588261,526,544
gaze,134021659253666247,523,542
gaze,134021659253756615,526,545
gaze,134021659253837392,522,543
MouseMove,134021659253860454,626,624
gaze,134021659253922352,527,549
MouseMove,134021659253941892,626,623
gaze,134021659254004023,528,555
MouseMove,134021659254022714,625,621
gaze,134021659254091050,526,541
MouseMove,134021659254101580,625,620
gaze,134021659254171540,527,546
MouseMove,134021659254180562,625,619
gaze,134021659254250914,526,537
MouseMove,134021659254262152,625,617
gaze,134021659254319074,520,523
MouseMove,134021659254340770,625,616
gaze,134021659254402910,528,543
MouseMove,134021659254422674,624,614
MouseMove,134021659254501369,624,613
gaze,134021659254506404,525,533
MouseMove,134021659254580410,624,613
gaze,134021659254582565,527,547
gaze,134021659254654061,531,549
MouseMove,134021659254661466,624,611
gaze,134021659254736235,523,547
MouseMove,134021659254742402,624,610
gaze,134021659254819429,565,528
MouseMove,134021659254821711,624,608
MouseMove,134021659254901685,624,608
gaze,134021659254922865,629,512
MouseMove,134021659254982094,624,607
gaze,134021659255004403,673,498
MouseMove,134021659255061944,624,607
gaze,134021659255090681,676,491
MouseMove,134021659255141603,624,605
gaze,134021659255171208,675,510
MouseMove,134021659255221774,623,605
gaze,134021659255256710,678,492
gaze,134021659255333055,679,486
MouseMove,134021659255382478,623,604
gaze,134021659255426631,667,478
gaze,134021659255505037,666,489
gaze,134021659255589791,672,478
gaze,134021659255670764,671,490
gaze,134021659255752244,672,497
gaze,134021659255838081,665,486
gaze,134021659255920098,664,472
gaze,134021659256003610,661,485
gaze,134021659256086916,670,484
gaze,134021659256170115,668,483
gaze,134021659256249242,668,486
gaze,134021659256319788,669,478
gaze,134021659256403074,667,481
gaze,134021659256508648,674,503
gaze,134021659256587971,668,490
gaze,134021659256667535,673,511
gaze,134021659256743395,672,499
gaze,134021659256819176,673,486
MouseWheel,134021659256822291,120
gaze,134021659256922436,663,490
gaze,134021659257004022,664,463
gaze,134021659257090441,665,486
gaze,134021659257171028,669,483
gaze,134021659257256790,664,468
gaze,134021659257331209,669,461
gaze,134021659257423318,664,477
gaze,134021659257504328,666,492
gaze,134021659257590517,673,480
gaze,134021659257671245,664,492
gaze,134021659257751500,667,478
gaze,134021659257838502,661,490
gaze,134021659257923633,670,494
gaze,134021659258006679,667,497
gaze,134021659258099742,672,489
gaze,134021659258173323,669,485
gaze,134021659258254294,670,491
gaze,134021659258320435,671,500
gaze,134021659258402841,668,488
gaze,134021659258506013,671,486
gaze,134021659258586937,677,505
gaze,134021659258668029,673,499
gaze,134021659258735454,676,496
MouseMove,134021659258741636,623,602
gaze,134021659258818731,669,494
MouseMove,134021659258901945,623,602
gaze,134021659258902008,671,492
gaze,134021659259005175,673,500
gaze,134021659259086971,672,490
MouseMove,134021659259140808,623,601
gaze,134021659259173211,672,499
gaze,134021659259253110,676,491
gaze,134021659259335262,684,510
gaze,134021659259422024,676,488
gaze,134021659259505052,672,478
gaze,134021659259587569,672,472
gaze,134021659259671092,640,497
gaze,134021659259754984,560,483
gaze,134021659259833411,513,468
gaze,134021659259922737,458,458
gaze,134021659260004999,461,463
gaze,134021659260088301,462,469
gaze,134021659260171236,461,460
gaze,134021659260248943,464,478
MouseMove,134021659260260525,623,601
gaze,134021659260318254,463,457
gaze,134021659260401553,459,456
MouseWheel,134021659260422587,120
gaze,134021659260485353,462,460
gaze,134021659260588015,465,457
gaze,134021659260673655,463,459
MouseMove,134021659260740951,623,599
gaze,134021659260751467,465,473
gaze,134021659260819035,461,462
MouseMove,134021659260821771,623,598
gaze,134021659260901618,462,465
MouseMove,134021659260984667,623,597
gaze,134021659260984797,465,459
gaze,134021659261089594,468,470
MouseMove,134021659261141081,623,596
gaze,134021659261170463,461,466
MouseMove,134021659261221455,622,595
gaze,134021659261254153,461,459
gaze,134021659261338311,475,468
gaze,134021659261415900,462,466
MouseMove,134021659261460798,621,594
gaze,134021659261506279,468,484
gaze,134021659261586871,471,483
gaze,134021659261672761,458,459
MouseMove,134021659261701307,620,592
gaze,134021659261754029,458,463
gaze,134021659261839730,464,468
MouseMove,134021659261860656,620,592
gaze,134021659261915571,459,469
gaze,134021659262007693,466,464
MouseMove,134021659262021752,620,591
gaze,134021659262093666,461,461
MouseMove,134021659262111616,619,590
gaze,134021659262173024,454,444
gaze,134021659262255293,458,460
MouseMove,134021659262261086,619,589
gaze,134021659262336519,461,445
gaze,134021659262402547,457,453
MouseMove,134021659262422324,618,588
gaze,134021659262485293,457,452
MouseMove,134021659262581315,618,587
gaze,134021659262588452,453,446
MouseMove,134021659262661435,618,586
gaze,134021659262669987,465,463
MouseMove,134021659262740790,617,585
gaze,134021659262756266,462,475
gaze,134021659262833082,460,487
MouseMove,134021659262901605,617,584
gaze,134021659262901899,467,502
MouseMove,134021659262981335,617,582
gaze,134021659262985143,471,486
MouseMove,134021659263060790,617,580
gaze,134021659263089030,462,488
MouseMove,134021659263143227,615,578
gaze,134021659263171022,464,500
gaze,134021659263256139,463,499
MouseMove,134021659263301652,614,576
gaze,134021659263338240,473,505
MouseMove,134021659263384360,614,575
gaze,134021659263425038,470,511
MouseMove,134021659263461148,614,573
gaze,134021659263505790,466,501
MouseMove,134021659263541065,614,572
gaze,134021659263587288,464,475
MouseMove,134021659263620755,613,571
gaze,134021659263672244,471,505
MouseMove,134021659263701723,613,568
gaze,134021659263754507,463,491
MouseMove,134021659263781691,612,566
gaze,134021659263840489,463,498
MouseMove,134021659263860601,612,565
gaze,134021659263916479,462,491
MouseMove,134021659263941485,611,563
gaze,134021659264007428,470,505
MouseMove,134021659264021780,610,560
gaze,134021659264088641,472,506
MouseMove,134021659264100524,610,558
gaze,134021659264172573,471,517
MouseMove,134021659264181357,610,557
gaze,134021659264257059,471,506
MouseMove,134021659264261072,610,555
gaze,134021659264335833,463,496
MouseMove,134021659264342076,610,554
gaze,134021659264402440,465,498
MouseMove,134021659264422262,610,552
gaze,134021659264486436,464,494
MouseMove,134021659264501540,610,551
MouseMove,134021659264580800,609,550
gaze,134021659264589209,463,496
MouseMove,134021659264660550,608,548
gaze,134021659264670645,508,495
MouseMove,134021659264741555,607,547
gaze,134021659264757575,520,481
MouseMove,134021659264820874,607,546
gaze,134021659264832436,526,502
MouseMove,134021659264901364,607,544
gaze,134021659264904133,525,503
MouseMove,134021659264981091,607,541
gaze,134021659264985324,522,488
MouseMove,134021659265061811,607,541
gaze,134021659265068984,525,488
MouseMove,134021659265142053,607,538
gaze,134021659265172166,528,505
MouseMove,134021659265220587,607,537
gaze,134021659265254089,525,510
MouseMove,134021659265302467,607,535
gaze,134021659265340002,520,493
MouseMove,134021659265381423,607,534
gaze,134021659265415963,525,491
MouseMove,134021659265461353,607,532
gaze,134021659265507935,524,516
MouseMove,134021659265540873,607,532
gaze,134021659265587222,524,483
MouseMove,134021659265620788,607,531
gaze,134021659265673409,529,507
MouseMove,134021659265702293,607,531
gaze,134021659265754504,521,498
MouseMove,134021659265781092,607,529
gaze,134021659265840783,525,488
MouseMove,134021659265861173,607,529
gaze,134021659265920893,528,499
MouseMove,134021659265941585,607,528
gaze,134021659266001754,523,487
MouseMove,134021659266021413,607,526
gaze,134021659266090129,522,494
gaze,134021659266170898,525,493
MouseMove,134021659266181496,607,525
gaze,134021659266256398,518,495
MouseMove,134021659266260815,607,523
gaze,134021659266332990,529,500
MouseMove,134021659266340903,607,522
gaze,134021659266405219,518,495
MouseMove,134021659266425968,607,521
gaze,134021659266486696,524,500
MouseMove,134021659266501720,607,520
MouseMove,134021659266582270,607,519
gaze,134021659266610653,519,494
MouseMove,134021659266661774,607,519
gaze,134021659266671364,526,503
gaze,134021659266756487,527,498
MouseMove,134021659266822015,607,518
gaze,134021659266837807,519,499
gaze,134021659266919134,530,483
MouseMove,134021659266981009,607,517
gaze,134021659266986660,559,474
gaze,134021659267070177,554,488
gaze,134021659267173226,562,499
MouseMove,134021659267221650,607,516
gaze,134021659267254407,554,478
gaze,134021659267339882,547,481
MouseMove,134021659267381682,607,516
gaze,134021659267418203,558,489
gaze,134021659267506894,555,497
MouseMove,134021659267541318,607,515
gaze,134021659267588859,560,483
MouseMove,134021659267621688,607,514
gaze,134021659267674213,558,483
MouseMove,134021659267701977,607,513
gaze,134021659267755199,546,475
gaze,134021659267841131,554,492
gaze,134021659267923709,550,489
gaze,134021659268002546,553,493
gaze,134021659268089640,545,486
gaze,134021659268171170,548,488
gaze,134021659268254296,555,484
gaze,134021659268333087,552,493
LeftMouseDown,134021659268343994
gaze,134021659268402500,550,504
gaze,134021659268485962,554,494
gaze,134021659268568583,546,492
gaze,134021659268672606,552,483
gaze,134021659268754962,560,482
gaze,134021659268839111,545,485
gaze,134021659268916510,555,502
gaze,134021659268988073,553,499
gaze,134021659269069723,552,500
gaze,134021659269152224,550,487
LeftMouseUp,134021659269222168
gaze,134021659269256147,556,489
gaze,134021659269338397,553,483
gaze,134021659269421827,550,486
gaze,134021659269499290,550,477
gaze,134021659269589663,555,492
gaze,134021659269671879,551,477
gaze,134021659269754799,555,487
gaze,134021659269838552,551,482
gaze,134021659269921772,552,492
gaze,134021659270005811,548,471
gaze,134021659270089843,555,485
gaze,134021659270173170,558,495
gaze,134021659270255694,549,478
gaze,134021659270340737,557,484
gaze,134021659270416793,558,485
gaze,134021659270488377,550,486
gaze,134021659270569055,556,489
gaze,134021659270652510,553,492
gaze,134021659270756550,549,488
gaze,134021659270833729,519,514
gaze,134021659270925447,375,570
gaze,134021659271000055,237,650
gaze,134021659271071776,94,721
gaze,134021659271153090,35,798
gaze,134021659271236337,51,878
gaze,134021659271339965,83,897
gaze,134021659271423725,103,918
gaze,134021659271506999,101,909
gaze,134021659271582657,110,903
gaze,134021659271674070,111,901
gaze,134021659271755755,117,887
gaze,134021659271841329,108,900
gaze,134021659271921143,126,895
gaze,134021659272008354,108,893
gaze,134021659272092039,113,894
gaze,134021659272159802,122,883
gaze,134021659272258220,112,896
gaze,134021659272340562,117,898
gaze,134021659272424851,122,898
gaze,134021659272500703,119,896
gaze,134021659272570856,133,901
gaze,134021659272652905,126,897
gaze,134021659272757768,128,899
gaze,134021659272838995,134,893
gaze,134021659272923399,121,897
gaze,134021659273005838,117,896
gaze,134021659273084309,120,892
gaze,134021659273154117,124,884
gaze,134021659273237045,116,890
gaze,134021659273340324,118,888
gaze,134021659273422908,113,888
gaze,134021659273507214,121,900
gaze,134021659273582170,125,894
gaze,134021659273674501,164,889
gaze,134021659273755155,198,877
gaze,134021659273841257,185,876
gaze,134021659273921218,201,873
gaze,134021659274007866,200,885
gaze,134021659274088897,192,883
gaze,134021659274168133,185,881
gaze,134021659274256600,193,877
gaze,134021659274339199,193,880
gaze,134021659274422265,195,879
gaze,134021659274501186,200,883
gaze,134021659274569549,192,882
gaze,134021659274653594,185,878
gaze,134021659274757947,201,892
gaze,134021659274838427,189,878
gaze,134021659274924056,204,887
gaze,134021659275004531,200,883
gaze,134021659275087032,186,881
gaze,134021659275153543,193,880
gaze,134021659275236596,198,879
gaze,134021659275320795,168,850
gaze,134021659275427415,123,773
gaze,134021659275506215,111,746
gaze,134021659275596665,124,761
gaze,134021659275673260,110,738
gaze,134021659275755971,101,733
gaze,134021659275839233,118,751
gaze,134021659275921521,108,744
gaze,134021659276005771,122,761
gaze,134021659276089174,117,756
gaze,134021659276172675,116,756
gaze,134021659276251210,129,764
gaze,134021659276340082,116,754
gaze,134021659276422637,116,761
gaze,134021659276501391,109,752
gaze,134021659276573635,120,760
gaze,134021659276653578,117,756
gaze,134021659276744653,118,752
gaze,134021659276841193,116,766
gaze,134021659276922541,110,750
gaze,134021659277007247,113,757
gaze,134021659277089821,127,757
gaze,134021659277169198,112,756
gaze,134021659277236586,111,753
gaze,134021659277320581,106,749
gaze,134021659277424204,125,756
gaze,134021659277506183,130,757
gaze,134021659277591158,119,760
gaze,134021659277666576,82,755
gaze,134021659277759044,92,758
gaze,134021659277839075,88,759
gaze,134021659277924319,93,771
gaze,134021659278005678,88,763
gaze,134021659278094501,91,757
gaze,134021659278172060,93,764
gaze,134021659278253167,98,766
gaze,134021659278340013,106,773
gaze,134021659278423519,104,766
gaze,134021659278506443,97,765
gaze,134021659278584113,164,760
gaze,134021659278654723,247,764
gaze,134021659278737666,230,757
gaze,134021659278842371,234,758
gaze,134021659278923921,228,753
gaze,134021659279008466,227,763
gaze,134021659279093612,236,761
gaze,134021659279170017,235,758
gaze,134021659279237084,226,761
gaze,134021659279320472,238,768
gaze,134021659279426130,226,757
gaze,134021659279507137,238,766
gaze,134021659279588873,225,755
gaze,134021659279669108,218,761
gaze,134021659279758180,233,753
gaze,134021659279840452,314,746
gaze,134021659279923647,320,737
gaze,134021659280006438,302,750
gaze,134021659280089486,305,747
gaze,134021659280173081,297,743
gaze,134021659280250882,308,746
gaze,134021659280340549,303,747
gaze,134021659280422386,312,747
gaze,134021659280509511,303,754
gaze,134021659280583759,307,748
gaze,134021659280656063,302,745
gaze,134021659280737570,302,743
gaze,134021659280844066,306,737
gaze,134021659280923909,311,745
gaze,134021659281009050,308,737
gaze,134021659281090434,298,738
gaze,134021659281170508,302,748
gaze,134021659281238219,302,745
gaze,134021659281321356,298,743
gaze,134021659281425591,308,744
gaze,134021659281506858,297,751
gaze,134021659281590451,310,746
gaze,134021659281667252,305,741
gaze,134021659281758729,307,745
gaze,134021659281840617,301,746
gaze,134021659281925099,306,747
gaze,134021659282007566,298,744
gaze,134021659282105014,296,747
gaze,134021659282173319,296,743
gaze,134021659282254141,299,738
gaze,134021659282341254,300,736
gaze,134021659282423975,296,739
gaze,134021659282507369,302,746
gaze,134021659282584122,299,742
gaze,134021659282653726,301,748
gaze,134021659282737915,309,749
gaze,134021659282820345,306,744
gaze,134021659282926864,304,751
gaze,134021659283010035,305,747
gaze,134021659283091058,298,754
gaze,134021659283167714,290,747
gaze,134021659283239625,297,754
gaze,134021659283320867,302,761
gaze,134021659283404462,294,751
gaze,134021659283512531,285,751
gaze,134021659283588661,303,753
gaze,134021659283674727,293,758
gaze,134021659283750768,294,754
gaze,134021659283842675,293,756
gaze,134021659283921838,301,755
gaze,134021659284009322,293,756
gaze,134021659284090468,281,752
gaze,134021659284173914,296,753
gaze,134021659284257283,289,746
gaze,134021659284336283,297,749
gaze,134021659284424442,288,760
gaze,134021659284506967,277,753
gaze,134021659284588479,287,754
gaze,134021659284676488,284,748
gaze,134021659284739828,297,742
gaze,134021659284821363,279,733
gaze,134021659284904021,306,868
gaze,134021659286075345,806,1022
gaze,134021659286332780,777,661
gaze,134021659286420432,624,659
gaze,134021659286509818,617,557
gaze,134021659286593057,611,490
gaze,134021659286675088,610,480
gaze,134021659286755203,605,452
gaze,134021659286821489,615,474
gaze,134021659286904130,607,468
KeyDown,134021659286981796,82
gaze,134021659286987131,606,480
gaze,134021659287091981,600,499
gaze,134021659287172656,607,495
gaze,134021659287257279,603,492
gaze,134021659287334336,611,506
gaze,134021659287406550,598,496
gaze,134021659287487540,600,497
gaze,134021659287591042,605,502
gaze,134021659287672348,588,503
gaze,134021659287758481,583,515
KeyUp,134021659287782328,82
gaze,134021659287839621,592,528
gaze,134021659287919726,595,525
KeyDown,134021659287941483,73
gaze,134021659288007403,600,529
gaze,134021659288093550,593,522
KeyDown,134021659288102881,79
gaze,134021659288175585,592,519
gaze,134021659288255582,594,530
gaze,134021659288342454,600,516
gaze,134021659288418782,601,513
gaze,134021659288509769,601,517
gaze,134021659288589171,597,522
gaze,134021659288675979,590,526
gaze,134021659288756682,589,532
gaze,134021659288838036,592,514
gaze,134021659288904791,593,522
gaze,134021659288987236,588,523
gaze,134021659289070904,591,522
KeyUp,134021659289141913,73
gaze,134021659289175156,589,517
gaze,134021659289255551,592,513
gaze,134021659289336365,593,505
gaze,134021659289404466,571,516
gaze,134021659289488398,554,491
gaze,134021659289591329,561,499
KeyUp,134021659289782589,79
gaze,134021659289742711,559,495
gaze,134021659289881790,555,486
gaze,134021659289882254,564,502
gaze,134021659289968228,565,483
gaze,134021659290025308,564,484
gaze,134021659290112488,561,487
gaze,134021659290174971,574,498
gaze,134021659290259676,562,501
gaze,134021659290339699,573,489
gaze,134021659290423870,566,488
gaze,134021659290506590,569,493
gaze,134021659290590513,562,485
gaze,134021659290674046,571,512
gaze,134021659290757048,568,494
gaze,134021659290839944,570,496
gaze,134021659290919499,568,493
gaze,134021659290987926,570,501
gaze,134021659291071562,567,485
gaze,134021659291153922,571,501
gaze,134021659291259131,562,476
gaze,134021659291335059,564,487
gaze,134021659291412763,569,494
gaze,134021659291487900,562,488
gaze,134021659291571162,562,485
gaze,134021659291687778,561,494
gaze,134021659291756706,560,485
gaze,134021659291841467,572,490
gaze,134021659291922979,560,481
KeyDown,134021659291941318,190
gaze,134021659292005404,564,499
gaze,134021659292083150,567,493
gaze,134021659292174682,563,479
gaze,134021659292256356,569,485
gaze,134021659292338208,567,478
gaze,134021659292422189,562,489
gaze,134021659292498428,568,488
gaze,134021659292586098,566,490
gaze,134021659292669535,563,489
gaze,134021659292753431,559,484
KeyUp,134021659292821769,190
gaze,134021659292835653,565,488
gaze,134021659292923189,561,480
gaze,134021659293001798,561,473
gaze,134021659293070956,568,482
gaze,134021659293154403,564,480
gaze,134021659293236542,561,486
gaze,134021659293342249,554,470
gaze,134021659293417857,560,477
gaze,134021659293489542,570,480
gaze,134021659293570286,570,483
gaze,134021659293649151,568,467
gaze,134021659293753528,575,466
gaze,134021659293840928,566,460
gaze,134021659293922154,574,486
gaze,134021659294014957,561,491
KeyDown,134021659294022835,72
gaze,134021659294093838,566,491
gaze,134021659294169765,562,474
gaze,134021659294254110,570,482
gaze,134021659294336649,571,479
gaze,134021659294423841,567,470
gaze,134021659294507401,565,484
gaze,134021659294579667,592,490
gaze,134021659294669505,598,480
KeyUp,134021659294742194,72
gaze,134021659294753018,584,464
gaze,134021659294840418,599,488
gaze,134021659294922921,591,479
gaze,134021659295006504,591,474
gaze,134021659295084749,592,478
gaze,134021659295154382,598,483
gaze,134021659295237181,587,481
gaze,134021659295321084,593,492
gaze,134021659295424336,593,478
gaze,134021659295500719,594,479
gaze,134021659295573291,592,465
gaze,134021659295653866,591,473
gaze,134021659295736762,591,470
gaze,134021659295840734,590,488
KeyDown,134021659295861494,192
gaze,134021659295922462,591,463
gaze,134021659296006322,598,485
gaze,134021659296089852,584,503
gaze,134021659296173412,588,487
gaze,134021659296249635,591,477
gaze,134021659296339835,591,473
gaze,134021659296423777,588,482
gaze,134021659296507230,587,485
gaze,134021659296599597,590,480
gaze,134021659296668402,593,476
gaze,134021659296772781,589,487
gaze,134021659296838876,590,496
gaze,134021659296923795,589,492
gaze,134021659297005103,581,465
gaze,134021659297091129,590,487
gaze,134021659297166352,593,486
KeyUp,134021659297222183,192
gaze,134021659297238589,591,482
gaze,134021659297320705,586,477
gaze,134021659297403725,595,492
gaze,134021659297507804,595,486
gaze,134021659297584338,586,471
gaze,134021659297656229,597,487
gaze,134021659297738030,597,496
gaze,134021659297820488,595,499
gaze,134021659297923672,585,477
gaze,134021659298006027,589,460
gaze,134021659298090873,597,480
gaze,134021659298174771,592,482
gaze,134021659298255659,588,481
gaze,134021659298333717,596,493
gaze,134021659298424077,589,477
gaze,134021659298506431,586,480
gaze,134021659298591586,589,481
gaze,134021659298673022,586,461
gaze,134021659298751864,599,479
gaze,134021659298840604,602,479
gaze,134021659298924049,587,470
gaze,134021659299006496,591,468
gaze,134021659299090056,591,486
gaze,134021659299172720,566,453
gaze,134021659299249627,564,470
gaze,134021659299321052,570,461
gaze,134021659299403560,573,461
gaze,134021659299486724,569,469
gaze,134021659299590972,563,457
gaze,134021659299667287,568,457
gaze,134021659299738276,566,448
gaze,134021659299821067,572,458
gaze,134021659299903348,567,457
gaze,134021659300007369,568,461
gaze,134021659300089626,563,466
gaze,134021659300175123,569,454
gaze,134021659300254122,569,456
gaze,134021659300340371,573,471
gaze,134021659300416669,571,469
gaze,134021659300508933,559,434
gaze,134021659300587938,567,469
gaze,134021659300674550,564,440
gaze,134021659300759497,559,449
gaze,134021659300836382,561,441
gaze,134021659300924008,571,459
gaze,134021659301006200,572,446
gaze,134021659301089923,567,458
gaze,134021659301173590,567,441
gaze,134021659301256145,563,432
gaze,134021659301334501,569,444
gaze,134021659301403850,562,434
gaze,134021659301486814,561,456
gaze,134021659301590345,561,464
gaze,134021659301672196,563,434
gaze,134021659301753997,563,457
gaze,134021659301821189,566,453
gaze,134021659301904035,566,446
gaze,134021659302007766,562,442
gaze,134021659302094006,570,447
gaze,134021659302174971,562,446
gaze,134021659302256099,555,426
gaze,134021659302341634,562,442
gaze,134021659302417225,566,453
gaze,134021659302508969,564,454
gaze,134021659302588971,564,445
gaze,134021659302674308,561,442
gaze,134021659302756010,562,441
gaze,134021659302837186,564,453
gaze,134021659302922894,572,458
gaze,134021659303006850,566,449
gaze,134021659303090366,568,465
gaze,134021659303173445,566,457
gaze,134021659303256430,565,440
gaze,134021659303334866,567,483
gaze,134021659303404608,564,461
gaze,134021659303489476,567,448
gaze,134021659303590893,559,459
gaze,134021659303672244,573,453
gaze,134021659303756189,566,459
gaze,134021659303820979,569,473
gaze,134021659303903993,572,468
gaze,134021659304008045,604,464
gaze,134021659304089621,602,471
gaze,134021659304175210,600,483
gaze,134021659304255978,598,489
gaze,134021659304342321,606,479
gaze,134021659304418217,590,435
gaze,134021659304509996,595,463
gaze,134021659304589449,592,484
gaze,134021659304676121,596,466
gaze,134021659304757814,595,468
gaze,134021659304836870,598,481
gaze,134021659304924359,600,469
gaze,134021659305005958,596,477
MouseMove,134021659305061610,607,512
gaze,134021659305092781,595,466
MouseMove,134021659305141160,604,504
gaze,134021659305172867,597,480
MouseMove,134021659305221389,602,501
gaze,134021659305259266,594,477
MouseMove,134021659305304880,599,499
gaze,134021659305335019,590,461
MouseMove,134021659305381163,598,498
gaze,134021659305406453,601,481
MouseMove,134021659305462696,591,494
gaze,134021659305488356,596,469
MouseMove,134021659305541739,583,486
gaze,134021659305570770,585,473
MouseMove,134021659305621441,571,478
gaze,134021659305674261,594,493
MouseMove,134021659305701757,564,473
gaze,134021659305753062,589,478
MouseMove,134021659305781725,558,468
gaze,134021659305822147,597,484
gaze,134021659305903087,596,462
gaze,134021659305986736,596,465
gaze,134021659306095130,593,456
gaze,134021659306172634,593,472
gaze,134021659306258587,600,492
gaze,134021659306339930,596,460
gaze,134021659306424832,596,483
gaze,134021659306501376,593,483
gaze,134021659306595252,594,494
gaze,134021659306672422,609,492
gaze,134021659306757527,600,484
gaze,134021659306839938,601,487
gaze,134021659306917476,603,475
gaze,134021659307006984,599,475
MouseMove,134021659307061718,558,468
gaze,134021659307088618,603,485
MouseMove,134021659307142807,562,468
gaze,134021659307174835,604,477
MouseMove,134021659307221153,568,472
gaze,134021659307255511,602,485
MouseMove,134021659307302030,576,475
gaze,134021659307341611,589,479
MouseMove,134021659307381291,582,477
gaze,134021659307421582,513,504
MouseMove,134021659307461995,588,480
gaze,134021659307490485,429,470
MouseMove,134021659307541295,592,481
gaze,134021659307567326,427,482
MouseMove,134021659307620948,596,482
gaze,134021659307654135,425,498
MouseMove,134021659307701394,596,483
gaze,134021659307757557,411,480
MouseMove,134021659307781067,598,485
gaze,134021659307835267,426,492
MouseMove,134021659307861321,598,486
gaze,134021659307903907,417,484
MouseMove,134021659307943393,598,487
gaze,134021659307986983,429,486
MouseMove,134021659308021256,599,487
gaze,134021659308091049,425,479
gaze,134021659308171946,428,482
gaze,134021659308259913,430,490
MouseMove,134021659308262381,599,489
gaze,134021659308339991,433,498
MouseMove,134021659308421205,599,489
gaze,134021659308425257,440,498
gaze,134021659308507067,437,494
gaze,134021659308587865,444,510
MouseMove,134021659308664749,599,490
gaze,134021659308674844,437,498
MouseMove,134021659308741513,599,490
gaze,134021659308762527,435,504
MouseMove,134021659308820798,599,493
gaze,134021659308842338,436,490
MouseMove,134021659308902695,599,495
gaze,134021659308917037,433,489
MouseMove,134021659308981527,598,496
gaze,134021659309008615,437,495
MouseMove,134021659309061703,598,499
gaze,134021659309090289,433,484
MouseMove,134021659309142160,598,501
gaze,134021659309174549,432,479
MouseMove,134021659309221259,597,503
gaze,134021659309254768,432,487
MouseMove,134021659309300880,596,505
gaze,134021659309342406,438,494
MouseMove,134021659309383163,595,507
gaze,134021659309422651,437,494
MouseMove,134021659309462330,595,508
gaze,134021659309504562,434,492
MouseMove,134021659309540501,594,510
gaze,134021659309569988,443,493
MouseMove,134021659309621816,594,511
gaze,134021659309653945,433,472
MouseMove,134021659309702049,593,514
gaze,134021659309768463,437,489
MouseMove,134021659309781472,592,516
gaze,134021659309833357,446,502
MouseMove,134021659309861514,592,517
gaze,134021659309905526,438,496
MouseMove,134021659309940545,590,520
gaze,134021659309986832,441,491
MouseMove,134021659310021730,590,522
gaze,134021659310093106,440,497
MouseMove,134021659310102234,589,525
gaze,134021659310172893,440,477
MouseMove,134021659310180991,589,529
gaze,134021659310255607,439,487
MouseMove,134021659310261877,588,532
MouseMove,134021659310340829,588,536
gaze,134021659310340640,438,475
MouseMove,134021659310422237,588,538
gaze,134021659310423615,444,501
MouseMove,134021659310502193,588,542
gaze,134021659310506882,434,491
MouseMove,134021659310582061,588,544
gaze,134021659310583198,442,493
MouseMove,134021659310661036,588,547
gaze,134021659310678336,436,500
MouseMove,134021659310742337,588,549
gaze,134021659310756529,432,487
MouseMove,134021659310821213,588,552
gaze,134021659310841271,435,490
MouseMove,134021659310902697,588,552
gaze,134021659310919538,393,544
MouseMove,134021659310981546,588,554
gaze,134021659311007719,393,591
MouseMove,134021659311060678,588,555
gaze,134021659311090724,412,596
MouseMove,134021659311140706,587,555
gaze,134021659311172662,408,583
gaze,134021659311255808,408,587
MouseMove,134021659311301411,587,556
gaze,134021659311340140,407,592
MouseMove,134021659311382568,587,557
gaze,134021659311423526,404,579
MouseMove,134021659311461779,587,558
gaze,134021659311501861,406,583
MouseMove,134021659311541581,587,558
gaze,134021659311571461,406,595
MouseMove,134021659311622728,587,560
gaze,134021659311654216,412,594
gaze,134021659311757928,404,591
MouseMove,134021659311783478,587,560
gaze,134021659311835046,413,590
MouseMove,134021659311862484,586,561
MouseWheel,134021659311866639,-120
gaze,134021659311907114,407,588
gaze,134021659311988556,406,594
gaze,134021659312091279,409,596
gaze,134021659312175128,399,578
gaze,134021659312257048,415,597
MouseMove,134021659312261090,585,562
gaze,134021659312341255,414,592
gaze,134021659312423139,410,586
gaze,134021659312509029,402,583
gaze,134021659312583360,412,589
gaze,134021659312675361,422,593
gaze,134021659312756803,413,571
gaze,134021659312842619,415,571
gaze,134021659312917615,419,579
gaze,134021659313015520,417,568
gaze,134021659313090032,419,572
MouseMove,134021659313141591,584,562
gaze,134021659313175100,422,575
gaze,134021659313256470,410,565
gaze,134021659313341437,418,563
gaze,134021659313423468,417,562
gaze,134021659313503443,422,573
gaze,134021659313569639,412,556
gaze,134021659313653451,413,549
gaze,134021659313757842,411,559
gaze,134021659313833593,416,553
gaze,134021659313907921,417,564
gaze,134021659313987791,421,565
gaze,134021659314074136,423,567
gaze,134021659314175795,423,570
MouseMove,134021659314181311,584,563
gaze,134021659314256686,409,557
MouseMove,134021659314342683,584,564
gaze,134021659314341950,412,561
gaze,134021659314423074,415,567
gaze,134021659314509238,418,563
MouseMove,134021659314583519,583,564
gaze,134021659314583743,419,561
gaze,134021659314675950,421,570
gaze,134021659314756719,413,565
MouseMove,134021659314821210,582,564
gaze,134021659314841113,412,561
gaze,134021659314923466,412,553
MouseMove,134021659314981602,582,564
gaze,134021659315004507,406,556
gaze,134021659315090124,418,572
MouseMove,134021659315144566,581,564
gaze,134021659315173389,415,566
MouseMove,134021659315221880,579,564
gaze,134021659315256839,417,557
MouseMove,134021659315301743,578,564
gaze,134021659315339873,414,565
MouseMove,134021659315381899,575,564
gaze,134021659315423277,418,578
MouseMove,134021659315462232,574,564
gaze,134021659315501023,410,565
MouseMove,134021659315540727,571,564
gaze,134021659315570438,420,574
MouseMove,134021659315620796,569,564
gaze,134021659315653533,420,571
MouseMove,134021659315702075,567,564
gaze,134021659315757892,415,570
MouseMove,134021659315781691,564,564
gaze,134021659315839557,414,567
MouseMove,134021659315861104,563,564
gaze,134021659315919859,411,585
MouseMove,134021659315941021,561,564
gaze,134021659315987700,411,589
MouseMove,134021659316021500,560,564
gaze,134021659316071187,414,584
MouseMove,134021659316102016,558,563
gaze,134021659316154553,417,584
MouseMove,134021659316181582,557,562
gaze,134021659316257896,411,586
MouseMove,134021659316262699,555,561
gaze,134021659316339642,409,581
MouseMove,134021659316342633,554,560
MouseMove,134021659316422293,553,559
gaze,134021659316424554,410,580
MouseMove,134021659316501557,551,558
gaze,134021659316506435,418,593
MouseMove,134021659316581212,549,557
gaze,134021659316588981,422,600
MouseMove,134021659316660782,548,557
gaze,134021659316673246,408,584
MouseMove,134021659316747469,547,556
gaze,134021659316756734,414,582
MouseMove,134021659316821195,546,556
gaze,134021659316839250,419,589
MouseMove,134021659316902847,545,556
gaze,134021659316923525,419,593
MouseMove,134021659316981828,543,554
gaze,134021659317007022,420,590
MouseMove,134021659317062188,541,554
gaze,134021659317084629,414,580
MouseMove,134021659317141937,540,553
gaze,134021659317175860,416,589
MouseMove,134021659317220636,539,553
gaze,134021659317255449,410,580
gaze,134021659317346822,408,596
MouseMove,134021659317382126,538,552
gaze,134021659317423197,412,594
gaze,134021659317506326,412,583
gaze,134021659317571765,427,585
gaze,134021659317658603,472,580
MouseMove,134021659317701485,537,552
gaze,134021659317758625,492,571
gaze,134021659317840301,501,579
gaze,134021659317924492,497,574
MouseMove,134021659317941107,537,552
gaze,134021659318001378,508,584
gaze,134021659318073699,499,576
MouseMove,134021659318105011,536,551
gaze,134021659318154236,499,589
gaze,134021659318258012,495,591
gaze,134021659318340031,503,590
gaze,134021659318426956,502,585
gaze,134021659318506968,507,575
gaze,134021659318586897,501,587
gaze,134021659318674108,499,579
gaze,134021659318757338,505,591
gaze,134021659318839795,508,591
gaze,134021659318922860,498,578
gaze,134021659319007364,500,585
gaze,134021659319084510,501,587
gaze,134021659319175797,497,574
gaze,134021659319255817,503,571
gaze,134021659319342339,498,571
gaze,134021659319423702,493,578
gaze,134021659319505596,505,572
gaze,134021659319571330,586,562
gaze,134021659319655015,605,564
gaze,134021659319738838,620,560
gaze,134021659319841178,611,552
gaze,134021659319923497,621,566
MouseWheel,134021659319942373,-120
gaze,134021659320002499,615,555
gaze,134021659320071628,620,554
gaze,134021659320154385,623,570
gaze,134021659320238276,617,545
gaze,134021659320341872,613,550
gaze,134021659320423345,612,541
gaze,134021659320510084,612,573
gaze,134021659320590332,619,563
gaze,134021659320670378,619,552
gaze,134021659320759099,614,558
gaze,134021659320840139,620,565
gaze,134021659320924950,618,558
gaze,134021659321007046,615,556
gaze,134021659321092340,620,569
gaze,134021659321168124,616,554
gaze,134021659321258697,617,549
gaze,134021659321340158,616,545
gaze,134021659321425984,617,550
gaze,134021659321507214,618,552
gaze,134021659321586862,615,549
gaze,134021659321655070,624,555
gaze,134021659321738256,613,552
gaze,134021659321841577,614,540
gaze,134021659321923742,638,508
gaze,134021659322008770,661,483
gaze,134021659322101326,642,488
gaze,134021659322155835,653,488
gaze,134021659322236656,647,472
gaze,134021659322341019,653,467
gaze,134021659322423362,647,466
gaze,134021659322508553,653,474
gaze,134021659322589588,645,462
gaze,134021659322669746,657,465
gaze,134021659322757502,651,465
gaze,134021659322838939,644,467
gaze,134021659322925392,648,468
gaze,134021659323006300,647,470
gaze,134021659323092009,647,479
gaze,134021659323167798,653,482
gaze,134021659323258801,655,482
gaze,134021659323339324,683,484
gaze,134021659323426361,713,502
gaze,134021659323507174,697,473
gaze,134021659323586731,705,484
gaze,134021659323653728,712,507
gaze,134021659323737901,710,486
gaze,134021659323840954,713,493
MouseMove,134021659323861152,536,551
gaze,134021659323922160,704,495
MouseMove,134021659323940646,536,551
gaze,134021659324009205,707,489
gaze,134021659324088078,710,485
MouseMove,134021659324101308,538,551
gaze,134021659324156711,702,486
MouseMove,134021659324182898,540,551
gaze,134021659324239518,714,496
MouseMove,134021659324261878,541,552
gaze,134021659324320162,701,486
MouseMove,134021659324341418,543,552
MouseMove,134021659324423445,544,552
gaze,134021659324423770,699,481
MouseMove,134021659324502293,546,552
gaze,134021659324507118,707,492
MouseMove,134021659324580476,547,552
gaze,134021659324589750,705,496
MouseMove,134021659324660975,548,552
gaze,134021659324668044,704,477
MouseMove,134021659324741550,550,552
gaze,134021659324757339,700,475
MouseMove,134021659324822042,551,552
gaze,134021659324839886,704,475
MouseMove,134021659324902370,552,553
gaze,134021659324924170,706,469
MouseMove,134021659324982357,554,554
gaze,134021659325007715,715,487
MouseMove,134021659325061331,556,554
gaze,134021659325091418,704,481
MouseMove,134021659325142144,558,555
gaze,134021659325174012,701,462
MouseMove,134021659325221630,560,556
gaze,134021659325251544,703,463
MouseMove,134021659325301848,561,556
gaze,134021659325341059,706,494
MouseMove,134021659325380815,562,556
gaze,134021659325422686,702,476
MouseMove,134021659325461866,564,556
gaze,134021659325508335,704,477
MouseMove,134021659325540471,564,557
gaze,134021659325583708,706,484
gaze,134021659325656898,706,466
MouseMove,134021659325700684,565,557
gaze,134021659325737895,710,496
MouseMove,134021659325780646,566,557
gaze,134021659325820709,702,477
MouseMove,134021659325861544,566,558
gaze,134021659325924703,714,486
gaze,134021659326006124,709,485
MouseMove,134021659326021341,567,558
gaze,134021659326093376,709,486
MouseMove,134021659326101907,568,558
gaze,134021659326167354,707,488
MouseMove,134021659326182647,568,558
gaze,134021659326239689,708,489
MouseMove,134021659326260832,569,559
gaze,134021659326321331,659,476
MouseMove,134021659326342450,570,560
MouseMove,134021659326422939,571,561
gaze,134021659326425237,541,533
MouseMove,134021659326502070,571,561
gaze,134021659326507478,481,565
MouseMove,134021659326581414,572,562
gaze,134021659326593422,468,576
MouseMove,134021659326660877,573,563
gaze,134021659326672623,471,574
gaze,134021659326753651,469,565
MouseMove,134021659326822915,574,564
gaze,134021659326840696,461,560
gaze,134021659326923351,471,550
gaze,134021659327006902,471,555
gaze,134021659327090850,468,551
gaze,134021659327173321,475,568
gaze,134021659327252640,467,547
gaze,134021659327341567,469,558
gaze,134021659327423714,468,558
gaze,134021659327507685,466,568
gaze,134021659327590191,466,554
gaze,134021659327668599,475,559
LeftMouseDown,134021659327703583
gaze,134021659327738947,476,563
gaze,134021659327821844,470,559
gaze,134021659327903821,477,572
gaze,134021659328007454,467,555
gaze,134021659328090088,475,562
gaze,134021659328171172,469,558
gaze,134021659328237802,468,565
gaze,134021659328321695,462,554
LeftMouseUp,134021659328424036
gaze,134021659328424480,474,573
gaze,134021659328507576,467,564
gaze,134021659328594502,468,555
gaze,134021659328673921,469,570
gaze,134021659328760989,431,593
gaze,134021659328835439,378,557
gaze,134021659328924745,395,564
gaze,134021659329007216,393,574
gaze,134021659329089476,399,573
gaze,134021659329175227,395,567
gaze,134021659329251049,396,568
gaze,134021659329342513,394,562
gaze,134021659329424174,389,554
MouseMove,134021659329461314,575,564
gaze,134021659329510998,389,553
MouseMove,134021659329541738,575,564
gaze,134021659329589841,403,574
MouseMove,134021659329621401,577,564
gaze,134021659329676632,394,576
MouseMove,134021659329701340,578,564
gaze,134021659329752807,385,561
MouseMove,134021659329781958,578,564
gaze,134021659329822959,398,571
gaze,134021659329904670,393,573
gaze,134021659330008566,392,553
gaze,134021659330090214,387,570
gaze,134021659330171427,396,569
gaze,134021659330239023,396,571
gaze,134021659330322099,393,570
gaze,134021659330405861,387,576
gaze,134021659330510378,402,583
gaze,134021659330591089,382,572
gaze,134021659330675925,379,584
gaze,134021659330757779,386,568
gaze,134021659330837185,387,564
gaze,134021659330924694,391,573
gaze,134021659331007475,386,564
gaze,134021659331091073,384,571
gaze,134021659331174198,383,570
gaze,134021659331256676,379,551
gaze,134021659331335923,370,552
gaze,134021659331424979,375,554
gaze,134021659331512010,378,554
gaze,134021659331590211,435,570
gaze,134021659331676799,520,558
gaze,134021659331751650,513,553
gaze,134021659331824350,512,553
gaze,134021659331906721,515,542
gaze,134021659332010290,509,542
gaze,134021659332092670,508,546
gaze,134021659332176160,510,557
gaze,134021659332252549,512,534
gaze,134021659332322320,512,560
gaze,134021659332405261,510,538
gaze,134021659332510419,517,544
gaze,134021659332590270,572,522
gaze,134021659332678966,683,748
KeyDown,134021659337061963,13
gaze,134021659337335021,524,652
gaze,134021659337411133,505,454
gaze,134021659337509333,487,350
gaze,134021659337591466,476,266
gaze,134021659337674830,473,281
gaze,134021659337756908,484,329
gaze,134021659337837151,476,341
gaze,134021659337904073,470,332
KeyUp,134021659337941231,13
gaze,134021659337988363,470,341
gaze,134021659338071051,473,329
gaze,134021659338175387,470,329
gaze,134021659338255257,479,338
gaze,134021659338336645,481,351
gaze,134021659338405795,479,339
gaze,134021659338488182,480,329
gaze,134021659338571542,479,337
gaze,134021659338674725,473,347
gaze,134021659338756565,477,336
gaze,134021659338842026,467,344
KeyDown,134021659338901694,13
gaze,134021659338923453,473,338
gaze,134021659339004536,476,334
gaze,134021659339091635,474,340
gaze,134021659339172357,481,340
gaze,134021659339260142,452,316
KeyUp,134021659339300891,13
gaze,134021659339340136,394,238
gaze,134021659339425453,425,239
gaze,134021659339501014,412,238
gaze,134021659339600569,424,247
gaze,134021659339673531,417,231
gaze,134021659339759625,425,247
gaze,134021659339839842,421,243
KeyDown,134021659339862334,38
gaze,134021659339920825,417,245
gaze,134021659339988483,423,235
gaze,134021659340071797,423,244
gaze,134021659340175281,420,238
gaze,134021659340256395,427,248
gaze,134021659340340655,423,234
gaze,134021659340418758,427,255
KeyUp,134021659340421031,38
gaze,134021659340489001,423,235
gaze,134021659340571451,418,240
gaze,134021659340654952,428,252
gaze,134021659340758862,426,236
gaze,134021659340843067,421,241
gaze,134021659340925588,422,239
gaze,134021659341001386,427,240
gaze,134021659341092623,419,238
gaze,134021659341173117,420,228
gaze,134021659341257107,422,238
gaze,134021659341339643,422,253
gaze,134021659341426539,416,237
gaze,134021659341506754,421,250
gaze,134021659341586373,419,242
gaze,134021659341675302,365,213
gaze,134021659341761118,364,220
gaze,134021659341842309,371,211
gaze,134021659341918407,367,212
gaze,134021659341989792,373,196
gaze,134021659342071354,375,205
gaze,134021659342174563,368,199
gaze,134021659342255921,370,203
gaze,134021659342342438,365,203
gaze,134021659342422704,371,210
gaze,134021659342503493,364,214
gaze,134021659342571841,374,204
gaze,134021659342654000,370,213
gaze,134021659342757922,374,206
gaze,134021659342839427,374,211
gaze,134021659342926260,367,212
gaze,134021659343001033,365,207
gaze,134021659343093603,372,214
gaze,134021659343172654,377,210
gaze,134021659343258869,368,213
gaze,134021659343340325,437,197
gaze,134021659343426247,499,171
gaze,134021659343506909,522,163
gaze,134021659343586883,539,172
gaze,134021659343674179,534,173
gaze,134021659343757306,530,170
gaze,134021659343840315,534,177
gaze,134021659343918562,532,172
gaze,134021659343989088,531,164
gaze,134021659344078640,526,170
gaze,134021659344177765,530,169
gaze,134021659344256700,520,168
gaze,134021659344341433,526,161
gaze,134021659344423297,530,165
gaze,134021659344505067,526,166
gaze,134021659344570836,524,163
gaze,134021659344654400,523,170
gaze,134021659344758971,524,167
gaze,134021659344840219,526,165
gaze,134021659344925240,526,171
gaze,134021659345001589,524,168
gaze,134021659345094129,534,165
gaze,134021659345174162,520,170
gaze,134021659345260546,524,165
gaze,134021659345341154,524,169
gaze,134021659345426528,530,161
gaze,134021659345507361,600,162
gaze,134021659345586678,708,159
gaze,134021659345674688,762,151
gaze,134021659345756497,791,146
gaze,134021659345843017,778,149
gaze,134021659345917202,788,148
gaze,134021659345989233,788,151
gaze,134021659346072255,786,154
gaze,134021659346175510,781,146
gaze,134021659346256878,782,147
gaze,134021659346344171,779,141
gaze,134021659346423942,782,144
gaze,134021659346504440,780,152
gaze,134021659346571514,783,146
gaze,134021659346657643,780,146
gaze,134021659346758871,786,143
gaze,134021659346840301,786,153
gaze,134021659346925183,785,150
gaze,134021659347001844,781,142
gaze,134021659347093039,785,154
gaze,134021659347173252,783,143
gaze,134021659347259724,786,147
gaze,134021659347340430,778,152
gaze,134021659347425888,783,148
gaze,134021659347507321,780,149
gaze,134021659347586733,784,156
gaze,134021659347673882,786,150
gaze,134021659347756750,783,146
gaze,134021659347840650,784,145
gaze,134021659347918309,787,146
gaze,134021659347988121,787,151
gaze,134021659348076345,792,143
gaze,134021659348154808,777,143
gaze,134021659348258107,783,145
gaze,134021659348340431,799,154
MouseMove,134021659348342370,580,564
MouseMove,134021659348421648,580,563
gaze,134021659348425851,849,151
MouseMove,134021659348502960,580,559
gaze,134021659348501976,862,154
gaze,134021659348574434,865,152
MouseMove,134021659348580995,580,551
gaze,134021659348654975,862,153
MouseMove,134021659348660835,579,545
MouseMove,134021659348741106,579,541
gaze,134021659348758706,863,159
MouseMove,134021659348821574,579,539
gaze,134021659348840223,865,147
MouseMove,134021659348901451,579,536
gaze,134021659348924640,863,151
MouseMove,134021659348980758,579,532
gaze,134021659349006762,868,152
MouseMove,134021659349062319,580,528
gaze,134021659349088908,862,153
MouseMove,134021659349141770,584,524
gaze,134021659349174511,871,144
MouseMove,134021659349221169,586,522
gaze,134021659349257104,860,144
MouseMove,134021659349303096,588,521
gaze,134021659349340706,866,152
MouseMove,134021659349381092,590,519
gaze,134021659349425649,864,158
MouseMove,134021659349462379,591,518
gaze,134021659349507453,863,157
gaze,134021659349586165,864,149
gaze,134021659349675985,867,154
gaze,134021659349756439,862,148
gaze,134021659349842448,866,153
gaze,134021659349922946,864,151
gaze,134021659350004358,865,151
gaze,134021659350072146,868,143
gaze,134021659350155140,866,143
gaze,134021659350259000,868,144
gaze,134021659350339809,864,156
gaze,134021659350426408,866,146
gaze,134021659350501624,866,149
gaze,134021659350574479,862,153
gaze,134021659350656088,863,145
gaze,134021659350760656,793,163
gaze,134021659350840743,641,173
gaze,134021659350926847,555,152
MouseWheel,134021659350981331,120
gaze,134021659351007352,514,176
gaze,134021659351089194,515,158
gaze,134021659351174383,521,154
gaze,134021659351256337,518,162
gaze,134021659351340938,521,158
MouseMove,134021659351383054,591,518
gaze,134021659351424554,522,164
MouseMove,134021659351461570,591,518
gaze,134021659351508925,530,163
gaze,134021659351584938,526,174
gaze,134021659351677737,537,175
gaze,134021659351757550,532,173
gaze,134021659351843787,535,173
gaze,134021659351924178,528,166
gaze,134021659352006132,536,172
gaze,134021659352083310,536,170
gaze,134021659352154896,534,175
gaze,134021659352238991,537,161
gaze,134021659352341385,537,172
gaze,134021659352423835,541,168
gaze,134021659352502243,544,170
gaze,134021659352572441,537,166
gaze,134021659352655419,541,174
gaze,134021659352738422,540,159
gaze,134021659352842338,481,197
gaze,134021659352924254,389,251
gaze,134021659353010287,397,273
gaze,134021659353089965,405,280
gaze,134021659353170815,409,280
gaze,134021659353257653,401,268
gaze,134021659353341172,401,263
gaze,134021659353425276,407,272
gaze,134021659353507697,405,250
gaze,134021659353589726,408,260
gaze,134021659353671777,403,258
gaze,134021659353757675,407,261
gaze,134021659353839938,407,263
gaze,134021659353924207,407,263
gaze,134021659354007647,412,267
gaze,134021659354085626,404,258
gaze,134021659354155022,401,267
gaze,134021659354238162,412,264
gaze,134021659354341406,409,255
gaze,134021659354423408,408,263
gaze,134021659354509803,408,268
gaze,134021659354584262,403,255
gaze,134021659354656557,407,260
gaze,134021659354739145,410,262
gaze,134021659354841587,408,256
gaze,134021659354922955,411,265
gaze,134021659355009632,408,264
gaze,134021659355091382,412,262
gaze,134021659355169869,412,268
gaze,134021659355258319,406,265
gaze,134021659355340162,407,262
gaze,134021659355423929,408,267
gaze,134021659355507350,400,260
gaze,134021659355589612,408,266
gaze,134021659355668202,409,271
gaze,134021659355757803,402,258
gaze,134021659355840668,408,263
gaze,134021659355923744,412,266
gaze,134021659356007392,410,267
gaze,134021659356092432,412,269
gaze,134021659356158644,412,264
gaze,134021659356238351,403,296
gaze,134021659356343120,420,365
gaze,134021659356424038,436,407
gaze,134021659356512281,426,486
gaze,134021659356585156,443,521
gaze,134021659356660586,449,534
gaze,134021659356739856,447,536
gaze,134021659356842785,445,535
gaze,134021659356923368,447,534
gaze,134021659357010141,449,533
gaze,134021659357090545,445,539
gaze,134021659357170992,440,531
gaze,134021659357258289,438,531
gaze,134021659357340618,444,534
gaze,134021659357445604,446,531
MouseMove,134021659357461525,591,516
gaze,134021659357508383,438,533
MouseMove,134021659357541671,590,512
gaze,134021659357591206,440,518
MouseMove,134021659357622656,588,507
gaze,134021659357668313,444,534
MouseMove,134021659357702114,586,503
gaze,134021659357757941,440,528
MouseMove,134021659357781880,584,497
gaze,134021659357840413,443,535
MouseMove,134021659357861662,580,491
gaze,134021659357923801,441,531
MouseMove,134021659357942236,577,487
gaze,134021659358008311,442,535
MouseMove,134021659358021472,574,483
gaze,134021659358086990,440,532
MouseMove,134021659358101026,571,479
gaze,134021659358156054,436,535
MouseMove,134021659358182510,567,474
gaze,134021659358238752,441,530
MouseMove,134021659358260994,562,469
MouseMove,134021659358342105,558,466
gaze,134021659358342498,445,522
MouseMove,134021659358421291,552,461
gaze,134021659358424677,444,534
MouseMove,134021659358502872,544,456
gaze,134021659358510282,448,544
MouseMove,134021659358582004,535,451
gaze,134021659358585006,451,542
gaze,134021659358657357,447,540
MouseMove,134021659358661883,530,448
gaze,134021659358740740,446,531
MouseMove,134021659358742963,523,444
MouseMove,134021659358820823,518,441
gaze,134021659358841803,442,542
MouseMove,134021659358901288,515,439
gaze,134021659358924277,441,535
MouseMove,134021659358981981,511,436
gaze,134021659359008321,448,540
MouseMove,134021659359061112,510,435
gaze,134021659359090298,443,535
MouseMove,134021659359141736,508,432
gaze,134021659359171289,450,547
MouseMove,134021659359221771,505,430
gaze,134021659359258789,448,543
MouseMove,134021659359301251,504,425
gaze,134021659359341038,450,535
MouseMove,134021659359381272,501,422
gaze,134021659359426254,447,531
MouseMove,134021659359461894,500,419
gaze,134021659359513228,435,529
MouseMove,134021659359542178,498,414
gaze,134021659359591719,440,538
MouseMove,134021659359622193,497,411
gaze,134021659359668799,444,534
MouseMove,134021659359701936,495,407
gaze,134021659359757803,407,438
MouseMove,134021659359780949,492,402
gaze,134021659359841140,383,312
MouseMove,134021659359860640,490,397
gaze,134021659359924448,375,295
MouseMove,134021659359942821,490,393
gaze,134021659360007671,381,289
MouseMove,134021659360021445,486,388
gaze,134021659360085501,384,287
MouseMove,134021659360101824,483,382
gaze,134021659360154952,380,287
MouseMove,134021659360181763,482,379
gaze,134021659360237868,378,280
MouseMove,134021659360261756,480,375
MouseMove,134021659360341451,478,371
gaze,134021659360341908,383,282
MouseMove,134021659360423005,477,368
gaze,134021659360423374,384,288
MouseMove,134021659360501816,476,364
gaze,134021659360509847,378,284
MouseMove,134021659360581291,474,361
gaze,134021659360585391,375,278
gaze,134021659360656786,377,282
MouseMove,134021659360661562,473,359
gaze,134021659360738838,370,274
MouseMove,134021659360742788,471,357
MouseMove,134021659360822316,469,355
gaze,134021659360841435,377,274
MouseMove,134021659360901372,467,354
gaze,134021659360923279,374,276
MouseMove,134021659360980894,463,351
gaze,134021659361007341,377,270
MouseMove,134021659361060959,461,351
gaze,134021659361090315,378,281
MouseMove,134021659361141179,457,350
gaze,134021659361168254,379,282
MouseMove,134021659361220932,455,349
gaze,134021659361257543,380,271
MouseMove,134021659361300873,454,349
gaze,134021659361340377,381,279
MouseMove,134021659361382600,454,348
gaze,134021659361425572,382,283
MouseMove,134021659361461418,454,347
gaze,134021659361507462,385,281
MouseMove,134021659361540715,454,345
gaze,134021659361591297,381,277
MouseMove,134021659361622204,454,344
gaze,134021659361668602,384,277
MouseMove,134021659361704342,454,341
gaze,134021659361758642,379,275
MouseMove,134021659361781036,454,338
gaze,134021659361839729,380,274
MouseMove,134021659361863307,454,336
gaze,134021659361924118,381,280
MouseMove,134021659361940737,454,334
gaze,134021659362007635,383,278
MouseMove,134021659362025061,454,331
gaze,134021659362085433,381,271
MouseMove,134021659362101360,453,330
gaze,134021659362154952,377,267
MouseMove,134021659362180617,452,328
gaze,134021659362237664,363,266
MouseMove,134021659362262793,450,325
MouseMove,134021659362342350,449,323
gaze,134021659362342063,371,254
MouseMove,134021659362422091,447,320
gaze,134021659362423358,366,257
MouseMove,134021659362501340,445,318
gaze,134021659362509842,374,265
MouseMove,134021659362580521,443,313
gaze,134021659362584495,372,263
gaze,134021659362656715,375,267
MouseMove,134021659362661380,441,310
MouseMove,134021659362741690,440,308
gaze,134021659362746776,372,264
MouseMove,134021659362823216,439,306
gaze,134021659362822006,377,262
MouseMove,134021659362901267,437,302
gaze,134021659362926007,368,259
MouseMove,134021659362981703,437,302
gaze,134021659363007152,373,265
MouseMove,134021659363063043,436,300
gaze,134021659363092387,374,268
MouseMove,134021659363141083,436,299
gaze,134021659363168317,369,259
MouseMove,134021659363222280,435,297
gaze,134021659363260434,368,261
MouseMove,134021659363301772,435,296
gaze,134021659363340296,370,246
MouseMove,134021659363382037,435,294
gaze,134021659363426842,372,254
MouseMove,134021659363461173,435,292
gaze,134021659363506979,368,267
MouseMove,134021659363540672,435,292
gaze,134021659363592486,378,269
MouseMove,134021659363621701,435,290
gaze,134021659363673619,376,275
gaze,134021659363755235,373,262
gaze,134021659363842376,376,274
gaze,134021659363924267,373,267
gaze,134021659364009892,376,268
gaze,134021659364086856,368,269
gaze,134021659364157218,369,284
gaze,134021659364238179,370,267
MouseMove,134021659364341250,435,289
gaze,134021659364342200,372,280
gaze,134021659364423899,369,270
gaze,134021659364509740,375,274
gaze,134021659364590419,373,278
gaze,134021659364671172,377,273
gaze,134021659364738739,376,276
gaze,134021659364821868,374,274
gaze,134021659364925119,371,272
LeftMouseDown,134021659364983079
gaze,134021659365007551,371,255
gaze,134021659365091738,368,264
gaze,134021659365168489,370,260
gaze,134021659365258635,378,263
gaze,134021659365341345,374,262
gaze,134021659365424801,370,267
gaze,134021659365508523,372,271
gaze,134021659365590752,370,253
gaze,134021659365674159,375,264
gaze,134021659365753271,371,257
LeftMouseUp,134021659365782787
gaze,134021659365842134,378,271
gaze,134021659365923519,368,273
gaze,134021659366009955,373,281
gaze,134021659366085309,376,273
gaze,134021659366157611,373,270
gaze,134021659366238484,374,271
gaze,134021659366342553,376,274
gaze,134021659366423685,369,270
gaze,134021659366509992,373,272
gaze,134021659366590575,369,253
gaze,134021659366674868,363,252
gaze,134021659366738994,366,260
gaze,134021659366822468,368,263
gaze,134021659366925721,364,266
gaze,134021659367007383,368,281
gaze,134021659367089652,371,289
gaze,134021659367170740,379,293
gaze,134021659367258921,388,317
gaze,134021659367331623,512,719
KeyDown,134021659371620735,8
KeyUp,134021659372181313,8
gaze,134021659373750012,723,1167
gaze,134021659373928137,435,647
gaze,134021659374004798,411,533
gaze,134021659374091243,415,479
KeyDown,134021659374103209,52
gaze,134021659374175979,412,442
gaze,134021659374253869,423,425
gaze,134021659374323864,414,456
gaze,134021659374407351,420,462
gaze,134021659374511561,411,438
gaze,134021659374591650,411,449
gaze,134021659374678568,420,456
gaze,134021659374755190,420,465
gaze,134021659374825881,423,470
KeyUp,134021659374901589,52
gaze,134021659374907242,426,475
gaze,134021659375013453,415,476
gaze,134021659375093402,424,490
gaze,134021659375179349,428,494
gaze,134021659375260794,417,484
gaze,134021659375340229,420,493
gaze,134021659375428067,419,486
gaze,134021659375509885,418,483
gaze,134021659375595223,420,484
gaze,134021659375677347,419,490
gaze,134021659375762034,420,481
gaze,134021659375841225,423,489
gaze,134021659375929802,422,490
gaze,134021659376010832,425,493
gaze,134021659376098072,416,498
gaze,134021659376177241,424,492
gaze,134021659376257591,428,495
gaze,134021659376325060,362,552
gaze,134021659376408584,353,637
gaze,134021659376512295,385,639
gaze,134021659376592930,382,645
gaze,134021659376681832,380,644
gaze,134021659376754126,388,641
MouseMove,134021659376820727,435,294
gaze,134021659376826628,388,637
MouseMove,134021659376900736,436,314
gaze,134021659376910492,393,637
MouseMove,134021659376982112,440,348
gaze,134021659377011833,384,637
MouseMove,134021659377060977,447,396
gaze,134021659377093946,382,639
MouseMove,134021659377142586,455,438
gaze,134021659377179678,384,646
MouseMove,134021659377221747,458,472
gaze,134021659377260798,380,635
MouseMove,134021659377301211,464,496
gaze,134021659377340737,381,641
MouseMove,134021659377383146,467,516
gaze,134021659377430072,383,636
MouseMove,134021659377462539,469,534
gaze,134021659377510386,381,630
MouseMove,134021659377540915,473,548
gaze,134021659377596124,386,630
MouseMove,134021659377620583,476,560
gaze,134021659377676338,382,636
MouseMove,134021659377702115,477,568
gaze,134021659377763809,380,626
MouseMove,134021659377780658,477,572
gaze,134021659377838201,390,634
MouseMove,134021659377860883,477,573
gaze,134021659377930019,375,626
MouseMove,134021659377941941,477,574
gaze,134021659378009805,382,632
MouseMove,134021659378020847,477,576
gaze,134021659378096302,377,619
MouseMove,134021659378102662,476,577
gaze,134021659378176232,374,623
MouseMove,134021659378182294,473,580
gaze,134021659378256475,383,628
MouseMove,134021659378263168,470,585
gaze,134021659378324985,371,618
MouseMove,134021659378342334,465,596
gaze,134021659378407647,375,620
MouseMove,134021659378422778,456,610
MouseMove,134021659378501665,450,625
gaze,134021659378513225,378,625
MouseMove,134021659378583157,447,636
gaze,134021659378593290,383,629
MouseMove,134021659378660901,443,642
gaze,134021659378678582,379,626
MouseMove,134021659378741537,442,645
gaze,134021659378754604,376,625
MouseMove,134021659378821410,441,645
gaze,134021659378826824,381,628
gaze,134021659378907978,380,626
MouseMove,134021659378981117,440,645
gaze,134021659379012037,379,631
MouseMove,134021659379062463,439,643
gaze,134021659379094126,386,625
MouseMove,134021659379143068,436,639
gaze,134021659379178677,383,633
MouseMove,134021659379220760,435,638
gaze,134021659379260232,379,620
gaze,134021659379340274,372,625
gaze,134021659379429443,381,627
MouseMove,134021659379460995,435,638
gaze,134021659379509894,387,642
MouseMove,134021659379541502,434,638
gaze,134021659379594806,383,631
gaze,134021659379676340,377,628
MouseMove,134021659379701403,433,638
gaze,134021659379762892,375,625
gaze,134021659379837821,386,628
gaze,134021659379930316,385,630
gaze,134021659380010257,379,636
gaze,134021659380096975,387,628
gaze,134021659380177759,378,634
gaze,134021659380257115,389,638
gaze,134021659380325267,378,631
MouseMove,134021659380340737,433,637
gaze,134021659380408344,379,641
gaze,134021659380513975,382,637
gaze,134021659380592485,380,626
gaze,134021659380679984,373,637
gaze,134021659380755807,382,634
gaze,134021659380826959,381,633
gaze,134021659380907982,380,633
gaze,134021659381013764,381,639
LeftMouseDown,134021659381061982
gaze,134021659381093721,377,635
gaze,134021659381179810,377,635
gaze,134021659381260348,350,632
gaze,134021659381340995,365,648
gaze,134021659381430523,362,648
gaze,134021659381511098,353,644
gaze,134021659381596483,356,648
gaze,134021659381677566,370,664
gaze,134021659381768924,369,651
gaze,134021659381838783,365,639
gaze,134021659381931304,364,650
LeftMouseUp,134021659381941997
gaze,134021659382010429,371,655
gaze,134021659382095722,366,648
gaze,134021659382176013,368,646
gaze,134021659382257716,359,640
gaze,134021659382324182,364,642
gaze,134021659382409291,362,641
gaze,134021659382491394,373,666
gaze,134021659382596978,353,647
gaze,134021659382679039,360,649
gaze,134021659382760606,371,652
gaze,134021659382823990,361,649
gaze,134021659382908052,373,650
gaze,134021659382991793,376,658
gaze,134021659383096256,374,656
gaze,134021659383176545,408,707
gaze,134021659383262922,413,772
gaze,134021659383343213,454,867
gaze,134021659383423697,527,985
gaze,134021659383512409,599,1117
gaze,134021659383584173,639,1225
gaze,134021659383670369,566,1312
gaze,134021659383751421,384,-196
MouseMove,134021659385781460,433,636
MouseMove,134021659385860913,433,635
MouseMove,134021659385940725,433,635
MouseMove,134021659386021366,433,634
MouseMove,134021659386101552,433,633
MouseMove,134021659386181898,433,632
MouseMove,134021659386261458,433,631
MouseMove,134021659386340480,433,630
MouseMove,134021659386500649,434,628
MouseMove,134021659386580720,434,628
MouseMove,134021659386740722,435,625
MouseMove,134021659386821393,435,624
MouseMove,134021659386900934,437,623
MouseMove,134021659386980890,440,621
MouseMove,134021659387061202,443,618
MouseMove,134021659387140957,452,613
MouseMove,134021659387221974,455,605
MouseMove,134021659387301154,456,591
MouseMove,134021659387381619,456,578
KeyDown,134021659387382168,53
MouseMove,134021659387462125,457,567
MouseMove,134021659387541170,460,561
MouseMove,134021659387620495,464,558
MouseMove,134021659387701079,468,557
MouseMove,134021659387780637,470,555
MouseMove,134021659387860321,472,555
gaze,134021659387916619,455,719
MouseMove,134021659387941219,474,555
gaze,134021659388014324,429,583
MouseMove,134021659388021220,476,555
gaze,134021659388090162,416,512
gaze,134021659388178422,417,532
gaze,134021659388260141,415,518
MouseMove,134021659388341586,477,555
gaze,134021659388345415,420,529
KeyUp,134021659388422157,53
MouseMove,134021659388422707,480,555
gaze,134021659388426570,410,540
MouseMove,134021659388501890,484,555
gaze,134021659388507245,408,545
gaze,134021659388573998,413,553
MouseMove,134021659388581314,491,555
gaze,134021659388657244,405,541
MouseMove,134021659388661114,498,555
MouseMove,134021659388741589,501,555
gaze,134021659388760695,404,545
gaze,134021659388841654,413,551
gaze,134021659388927836,408,546
MouseMove,134021659388980675,501,555
gaze,134021659389004162,410,541
MouseMove,134021659389062247,502,555
gaze,134021659389076332,417,563
gaze,134021659389156655,406,545
MouseMove,134021659389221718,504,555
gaze,134021659389262816,413,549
MouseMove,134021659389304196,504,555
gaze,134021659389342540,406,550
MouseMove,134021659389381038,505,555
gaze,134021659389430588,398,542
MouseMove,134021659389461858,505,555
gaze,134021659389510099,403,551
MouseMove,134021659389542231,507,554
gaze,134021659389589990,410,557
MouseMove,134021659389620844,508,554
gaze,134021659389676460,401,539
gaze,134021659389759821,404,542
gaze,134021659389842359,406,556
gaze,134021659389925635,406,546
gaze,134021659390009412,404,545
gaze,134021659390088444,400,532
gaze,134021659390177361,411,547
gaze,134021659390259544,408,546
gaze,134021659390344073,408,546
gaze,134021659390426004,405,546
gaze,134021659390505436,405,551
gaze,134021659390575818,399,540
gaze,134021659390657739,394,544
gaze,134021659390765639,400,551
gaze,134021659390842711,405,542
LeftMouseDown,134021659390901842
gaze,134021659390928193,394,547
gaze,134021659391004562,397,554
gaze,134021659391076874,407,548
gaze,134021659391157905,402,542
gaze,134021659391261102,399,541
gaze,134021659391344164,400,547
gaze,134021659391427107,405,543
gaze,134021659391511095,400,547
gaze,134021659391593151,402,545
gaze,134021659391677710,406,546
gaze,134021659391760218,402,542
LeftMouseUp,134021659391783324
gaze,134021659391843709,398,544
gaze,134021659391927051,399,547
gaze,134021659392010013,411,554
gaze,134021659392090623,400,539
gaze,134021659392178039,393,539
gaze,134021659392258785,392,529
gaze,134021659392345849,399,541
gaze,134021659392426674,395,541
gaze,134021659392508999,397,542
gaze,134021659392581148,397,531
gaze,134021659392657817,392,520
gaze,134021659392764646,402,547
MouseMove,134021659392821340,509,554
gaze,134021659392843033,400,538
MouseMove,134021659392905763,510,554
gaze,134021659392927090,404,542
MouseMove,134021659392980725,513,554
gaze,134021659393005863,405,540
MouseMove,134021659393062149,517,554
gaze,134021659393074584,421,544
MouseMove,134021659393141127,520,554
gaze,134021659393157190,529,496
MouseMove,134021659393221727,523,557
gaze,134021659393260871,606,461
MouseMove,134021659393300816,526,559
gaze,134021659393345118,684,455
MouseMove,134021659393381757,528,561
gaze,134021659393430109,709,466
gaze,134021659393510225,707,471
MouseMove,134021659393540748,528,563
gaze,134021659393589042,701,451
MouseMove,134021659393621648,528,563
gaze,134021659393676878,691,451
gaze,134021659393759635,690,443
gaze,134021659393842325,691,439
gaze,134021659393926738,695,454
gaze,134021659394010180,692,443
gaze,134021659394086634,703,454
gaze,134021659394178631,693,452
gaze,134021659394258030,697,449
gaze,134021659394344683,691,442
gaze,134021659394426246,688,440
gaze,134021659394507178,691,432
gaze,134021659394574703,690,432
gaze,134021659394657851,699,456
gaze,134021659394766240,685,426
gaze,134021659394842847,685,430
gaze,134021659394927490,684,432
gaze,134021659395004610,684,395
gaze,134021659395073969,687,407
gaze,134021659395157183,690,410
gaze,134021659395239778,690,426
gaze,134021659395344434,683,412
gaze,134021659395426051,695,433
gaze,134021659395512152,700,443
gaze,134021659395585976,693,430
gaze,134021659395680188,689,423
gaze,134021659395759753,685,405
gaze,134021659395845026,710,390
gaze,134021659395926539,807,432
gaze,134021659396012811,831,421
MouseMove,134021659396022246,531,566
gaze,134021659396098913,844,450
MouseMove,134021659396105201,534,566
gaze,134021659396172563,837,445
MouseMove,134021659396181899,534,567
gaze,134021659396259505,844,427
MouseMove,134021659396342973,534,567
gaze,134021659396342451,840,408
gaze,134021659396425748,835,433
MouseMove,134021659396501654,534,568
gaze,134021659396503939,839,429
gaze,134021659396573894,833,431
MouseMove,134021659396581381,536,568
gaze,134021659396659261,830,438
MouseMove,134021659396660853,541,568
MouseMove,134021659396742392,547,568
gaze,134021659396762517,836,447
MouseMove,134021659396821121,555,568
gaze,134021659396842204,838,448
MouseMove,134021659396901763,562,568
gaze,134021659396928055,836,411
MouseMove,134021659396981525,568,568
gaze,134021659397009747,832,426
MouseMove,134021659397061917,571,568
gaze,134021659397089415,835,394
MouseMove,134021659397141149,573,568
gaze,134021659397157591,838,431
MouseMove,134021659397221669,573,568
gaze,134021659397240556,831,424
MouseMove,134021659397301827,574,568
gaze,134021659397343531,832,418
MouseMove,134021659397382147,575,566
gaze,134021659397439759,840,429
MouseMove,134021659397462249,575,566
gaze,134021659397510153,837,426
gaze,134021659397586019,838,408
gaze,134021659397677187,833,427
gaze,134021659397758520,838,418
gaze,134021659397844755,836,438
gaze,134021659397925217,837,438
gaze,134021659398012498,829,437
gaze,134021659398093645,835,438
gaze,134021659398172400,832,441
gaze,134021659398261608,830,378
gaze,134021659398342792,829,405
gaze,134021659398429232,832,405
gaze,134021659398505111,833,399
gaze,134021659398574741,829,404
gaze,134021659398655859,830,431
gaze,134021659398740438,839,429
gaze,134021659398844209,885,435
gaze,134021659398926302,922,434
gaze,134021659399010944,933,444
gaze,134021659399087941,936,430
gaze,134021659399158038,938,443
gaze,134021659399241147,939,436
gaze,134021659399324099,929,409
gaze,134021659399426812,937,408
gaze,134021659399511091,928,377
gaze,134021659399593005,927,376
gaze,134021659399669673,935,421
gaze,134021659399760815,925,421
gaze,134021659399842571,930,454
gaze,134021659399926543,939,454
gaze,134021659400009712,932,450
gaze,134021659400098957,931,443
gaze,134021659400176402,934,434
gaze,134021659400253455,937,451
gaze,134021659400344620,936,463
gaze,134021659400425613,940,428
gaze,134021659400512204,933,409
gaze,134021659400587835,933,438
gaze,134021659400658691,932,432
gaze,134021659400741195,925,424
MouseMove,134021659400820891,574,566
gaze,134021659400823729,930,432
MouseMove,134021659400902311,572,567
gaze,134021659400927345,937,468
MouseMove,134021659400985088,569,572
gaze,134021659401009716,930,453
MouseMove,134021659401061425,568,573
gaze,134021659401096508,930,397
MouseMove,134021659401144515,566,576
gaze,134021659401171601,926,422
MouseMove,134021659401221077,564,579
gaze,134021659401242298,932,401
MouseMove,134021659401301116,563,579
gaze,134021659401323969,929,389
MouseMove,134021659401381566,562,581
gaze,134021659401431848,937,440
MouseMove,134021659401463037,561,581
gaze,134021659401510950,929,410
MouseMove,134021659401541009,561,582
gaze,134021659401593043,921,402
gaze,134021659401677127,930,426
MouseMove,134021659401700827,559,585
gaze,134021659401755032,868,486
MouseMove,134021659401780755,559,587
gaze,134021659401845091,698,509
MouseMove,134021659401862378,559,591
gaze,134021659401926700,502,616
MouseMove,134021659401941505,557,597
gaze,134021659402012840,348,704
MouseMove,134021659402021271,555,604
gaze,134021659402093634,239,773
MouseMove,134021659402101899,555,613
gaze,134021659402178937,239,823
MouseMove,134021659402181027,553,621
gaze,134021659402255141,273,862
MouseMove,134021659402263323,553,631
MouseMove,134021659402343949,551,641
gaze,134021659402346894,289,875
MouseMove,134021659402423643,549,651
gaze,134021659402426542,295,878
MouseMove,134021659402502052,548,660
gaze,134021659402513221,305,877
MouseMove,134021659402581354,547,672
gaze,134021659402592947,285,883
MouseMove,134021659402663314,546,683
gaze,134021659402673910,294,873
MouseMove,134021659402744404,544,694
gaze,134021659402744584,299,870
MouseMove,134021659402821235,542,706
gaze,134021659402824085,301,872
MouseMove,134021659402901127,541,718
gaze,134021659402929084,294,866
MouseMove,134021659402981504,538,732
gaze,134021659403009456,296,868
MouseMove,134021659403061218,536,744
gaze,134021659403096185,294,862
MouseMove,134021659403141159,535,756
gaze,134021659403170066,294,873
MouseMove,134021659403220778,533,764
gaze,134021659403242653,290,866
MouseMove,134021659403304495,532,772
gaze,134021659403324948,303,862
MouseMove,134021659403383955,531,779
gaze,134021659403429472,294,870
MouseMove,134021659403461942,530,785
gaze,134021659403510182,296,867
MouseMove,134021659403541669,527,789
gaze,134021659403596111,293,861
MouseMove,134021659403621809,526,794
gaze,134021659403676316,286,866
MouseMove,134021659403703903,526,796
gaze,134021659403758090,299,872
MouseMove,134021659403781420,526,799
gaze,134021659403844964,294,871
MouseMove,134021659403862942,524,802
gaze,134021659403931333,297,869
MouseMove,134021659403941795,523,804
gaze,134021659404009808,296,864
MouseMove,134021659404022255,523,806
gaze,134021659404093785,297,872
MouseMove,134021659404104262,522,808
gaze,134021659404177232,299,870
MouseMove,134021659404181238,522,808
gaze,134021659404254962,301,869
MouseMove,134021659404263231,521,810
gaze,134021659404344915,301,867
gaze,134021659404426499,302,869
MouseMove,134021659404502202,520,810
gaze,134021659404510550,305,869
gaze,134021659404593045,311,873
MouseMove,134021659404661604,520,811
gaze,134021659404671291,297,874
gaze,134021659404742275,295,869
MouseMove,134021659404822565,520,811
gaze,134021659404824563,299,870
MouseMove,134021659404900965,520,812
gaze,134021659404929684,302,864
MouseMove,134021659404984907,520,813
gaze,134021659405011826,300,870
MouseMove,134021659405061048,520,814
gaze,134021659405094235,307,868
gaze,134021659405171916,292,868
gaze,134021659405241510,303,866
MouseMove,134021659405301883,520,814
gaze,134021659405324311,308,871
gaze,134021659405431598,306,867
gaze,134021659405511021,308,869
gaze,134021659405593433,304,869
MouseMove,134021659405621051,520,815
gaze,134021659405676832,299,868
gaze,134021659405754304,301,872
MouseMove,134021659405781386,520,815
gaze,134021659405845017,298,871
gaze,134021659405926790,231,874
gaze,134021659406013119,200,864
gaze,134021659406093979,199,872
MouseWheel,134021659406103425,-120
gaze,134021659406178412,192,860
gaze,134021659406254516,195,864
gaze,134021659406346893,196,865
gaze,134021659406427013,192,864
gaze,134021659406512843,206,866
gaze,134021659406592501,207,873
gaze,134021659406680377,207,876
gaze,134021659406741547,203,871
gaze,134021659406824459,219,865
gaze,134021659406908781,199,871
gaze,134021659407013176,203,867
gaze,134021659407093661,201,873
gaze,134021659407174438,205,869
gaze,134021659407241031,210,867
gaze,134021659407324959,209,870
gaze,134021659407408814,197,863
gaze,134021659407513206,208,866
gaze,134021659407593288,210,868
gaze,134021659407680118,207,866
gaze,134021659407760448,211,872
gaze,134021659407841823,207,865
gaze,134021659407926590,216,867
gaze,134021659408010892,204,878
gaze,134021659408104368,212,864
gaze,134021659408177297,214,861
gaze,134021659408267066,219,867
gaze,134021659408338150,211,869
gaze,134021659408429216,222,860
gaze,134021659408510532,201,871
gaze,134021659408595774,211,867
gaze,134021659408675816,209,865
gaze,134021659408758013,218,869
gaze,134021659408824321,164,879
gaze,134021659408908581,143,915
gaze,134021659409013225,157,909
gaze,134021659409093038,158,902
gaze,134021659409179070,154,909
gaze,134021659409255162,150,913
gaze,134021659409326236,154,908
gaze,134021659409410535,155,911
MouseMove,134021659409461539,520,817
gaze,134021659409495696,152,909
MouseMove,134021659409542113,520,817
gaze,134021659409595770,161,908
gaze,134021659409676499,159,907
MouseMove,134021659409701355,520,818
gaze,134021659409762944,153,909
MouseMove,134021659409781726,520,818
gaze,134021659409838494,149,904
gaze,134021659409930418,151,905
gaze,134021659410011028,155,918
MouseMove,134021659410021765,520,820
gaze,134021659410095910,158,904
gaze,134021659410177283,154,903
gaze,134021659410262819,159,911
gaze,134021659410344842,158,905
gaze,134021659410425962,159,905
gaze,134021659410511643,162,910
gaze,134021659410595484,163,914
gaze,134021659410677671,164,908
MouseMove,134021659410741808,520,820
gaze,134021659410756076,163,906
gaze,134021659410824683,170,907
gaze,134021659410907358,156,908
gaze,134021659411013046,151,909
gaze,134021659411094589,148,911
gaze,134021659411178900,157,913
gaze,134021659411261335,153,915
gaze,134021659411339665,158,911
gaze,134021659411408555,163,905
gaze,134021659411491492,164,906
gaze,134021659411575195,164,908
gaze,134021659411678529,172,905
gaze,134021659411760184,166,904
gaze,134021659411844727,165,903
gaze,134021659411927256,161,911
gaze,134021659412019608,166,905
gaze,134021659412094353,154,908
gaze,134021659412179772,155,909
gaze,134021659412261802,164,907
gaze,134021659412346045,164,903
gaze,134021659412427334,162,909
gaze,134021659412508796,166,912
gaze,134021659412594985,132,926
gaze,134021659412678247,75,974
gaze,134021659412756561,79,992
gaze,134021659412824800,74,999
gaze,134021659412907664,83,994
gaze,134021659412991038,86,1000
gaze,134021659413096198,75,996
MouseWheel,134021659413141924,120
gaze,134021659413176415,84,992
gaze,134021659413263090,86,988
gaze,134021659413348064,68,996
gaze,134021659413426213,66,999
gaze,134021659413491896,72,999
gaze,134021659413575300,94,999
gaze,134021659413660767,78,983
gaze,134021659413765862,90,998
gaze,134021659413844716,92,996
gaze,134021659413921643,87,996
gaze,134021659414012943,87,997
gaze,134021659414094226,82,998
gaze,134021659414178189,88,1005
gaze,134021659414259503,80,999
gaze,134021659414343987,77,997
gaze,134021659414427046,117,975
gaze,134021659414511619,178,896
gaze,134021659414591343,211,824
gaze,134021659414678989,220,788
gaze,134021659414762365,237,776
gaze,134021659414839146,233,781
gaze,134021659414908340,225,775
gaze,134021659414991290,238,790
gaze,134021659415096209,225,784
gaze,134021659415176938,229,787
gaze,134021659415262577,239,796
gaze,134021659415343727,221,788
gaze,134021659415432759,227,797
gaze,134021659415506288,224,795
gaze,134021659415575906,229,794
gaze,134021659415658344,222,795
gaze,134021659415763254,215,789
gaze,134021659415844280,224,787
gaze,134021659415922686,218,791
gaze,134021659416011771,220,792
gaze,134021659416093729,225,792
gaze,134021659416177029,222,791
gaze,134021659416260150,228,794
gaze,134021659416343685,224,792
gaze,134021659416427415,222,794
gaze,134021659416510762,228,796
gaze,134021659416588729,224,795
gaze,134021659416679081,225,796
gaze,134021659416770471,216,792
gaze,134021659416841305,221,793
gaze,134021659416911004,215,786
gaze,134021659416992787,209,790
gaze,134021659417096465,213,793
gaze,134021659417177284,221,782
gaze,134021659417262117,227,798
gaze,134021659417343326,235,792
gaze,134021659417430077,287,786
gaze,134021659417506315,324,780
gaze,134021659417576826,341,784
gaze,134021659417658858,339,786
gaze,134021659417741251,340,787
gaze,134021659417845731,332,784
gaze,134021659417922374,336,783
gaze,134021659418014465,334,783
gaze,134021659418103613,337,786
gaze,134021659418178783,337,778
gaze,134021659418260262,337,779
gaze,134021659418345220,340,783
gaze,134021659418426855,331,784
gaze,134021659418513133,338,776
gaze,134021659418593379,331,778
gaze,134021659418673220,337,783
gaze,134021659418762778,334,779
gaze,134021659418838592,332,781
gaze,134021659418910144,331,776
gaze,134021659418992139,338,784
gaze,134021659419076492,337,778
MouseWheel,134021659419142670,120
gaze,134021659419179323,337,779
gaze,134021659419262735,339,784
gaze,134021659419346284,337,775
gaze,134021659419436001,333,780
gaze,134021659419513404,336,782
gaze,134021659419589270,335,782
gaze,134021659419659940,335,781
gaze,134021659419742145,326,772
gaze,134021659419845251,329,780
gaze,134021659419927901,328,782
gaze,134021659420006127,326,779
gaze,134021659420096593,335,779
gaze,134021659420177644,336,775
gaze,134021659420261968,334,783
gaze,134021659420344829,333,785
gaze,134021659420428033,340,791
gaze,134021659420510972,338,782
gaze,134021659420594785,340,789
gaze,134021659420672968,332,788
gaze,134021659420763311,340,789
gaze,134021659420843768,329,787
gaze,134021659420921811,334,786
gaze,134021659420992380,339,791
gaze,134021659421075133,336,783
gaze,134021659421179061,336,784
gaze,134021659421260403,331,789
gaze,134021659421346570,329,784
gaze,134021659421428114,329,790
gaze,134021659421512980,330,785
gaze,134021659421588348,341,791
gaze,134021659421660085,339,784
gaze,134021659421745598,335,787
gaze,134021659421846215,337,788
gaze,134021659421928175,336,787
gaze,134021659422012282,337,785
gaze,134021659422103174,330,785
gaze,134021659422177782,333,786
gaze,134021659422262678,324,793
gaze,134021659422345247,334,782
gaze,134021659422430858,328,783
gaze,134021659422511332,343,780
gaze,134021659422595668,360,792
gaze,134021659422671911,357,787
gaze,134021659422763834,362,792
gaze,134021659422844241,359,790
gaze,134021659422923478,360,795
gaze,134021659422991230,355,793
gaze,134021659423075065,360,791
gaze,134021659423158637,354,789
gaze,134021659423262030,357,795
gaze,134021659423344687,359,788
gaze,134021659423432650,364,791
gaze,134021659423511852,358,784
gaze,134021659423591866,362,794
gaze,134021659423658683,353,788
gaze,134021659423744213,365,791
gaze,134021659423824738,354,786
gaze,134021659423928520,355,787
gaze,134021659424011144,357,789
gaze,134021659424089405,357,789
gaze,134021659424178369,352,795
gaze,134021659424261287,360,795
gaze,134021659424344000,360,792
gaze,134021659424427916,358,794
gaze,134021659424511696,362,794
gaze,134021659424595908,357,788
gaze,134021659424679967,357,789
gaze,134021659424762713,355,795
gaze,134021659424845004,357,788
gaze,134021659424928715,357,789
gaze,134021659425006347,356,787
gaze,134021659425075768,354,789
gaze,134021659425158758,359,789
gaze,134021659425262371,380,781
gaze,134021659425344048,401,781
gaze,134021659425429639,398,789
gaze,134021659425511024,403,795
gaze,134021659425596236,400,790
MouseMove,134021659425621406,520,821
gaze,134021659425672461,414,788
MouseMove,134021659425703272,521,821
gaze,134021659425743758,402,792
MouseMove,134021659425783740,525,821
gaze,134021659425825474,398,788
MouseMove,134021659425861989,533,821
gaze,134021659425929089,402,790
MouseMove,134021659425942035,541,821
gaze,134021659426010847,400,791
MouseMove,134021659426022680,553,821
gaze,134021659426093705,401,792
MouseMove,134021659426102643,565,819
gaze,134021659426178597,407,794
MouseMove,134021659426181340,579,814
gaze,134021659426260110,403,791
MouseMove,134021659426261354,589,808
MouseMove,134021659426341658,599,805
gaze,134021659426346644,401,792
MouseMove,134021659426421651,600,803
gaze,134021659426428587,403,792
MouseMove,134021659426500938,600,802
gaze,134021659426514285,411,796
gaze,134021659426594666,407,793
gaze,134021659426679408,403,792
gaze,134021659426757905,398,788
gaze,134021659426846453,400,783
gaze,134021659426929460,403,802
gaze,134021659427007554,409,798
gaze,134021659427076071,408,798
gaze,134021659427158512,401,795
gaze,134021659427262578,404,794
gaze,134021659427344287,402,790
gaze,134021659427429923,403,791
gaze,134021659427511059,406,797
gaze,134021659427595578,403,790
gaze,134021659427672323,400,795
gaze,134021659427744620,403,788
gaze,134021659427825674,396,790
gaze,134021659427929563,374,801
gaze,134021659428011627,319,802
gaze,134021659428091965,311,803
gaze,134021659428178645,311,802
gaze,134021659428260464,304,796
gaze,134021659428346710,301,801
gaze,134021659428428047,305,805
gaze,134021659428513267,301,799
gaze,134021659428594915,302,801
gaze,134021659428678948,304,805
gaze,134021659428756148,312,808
gaze,134021659428847295,309,807
gaze,134021659428926985,312,801
gaze,134021659429008939,305,807
gaze,134021659429076492,306,804
gaze,134021659429159106,298,801
gaze,134021659429262573,308,799
gaze,134021659429344806,317,799
gaze,134021659429430612,306,808
gaze,134021659429511733,310,805
gaze,134021659429596426,302,802
gaze,134021659429672668,302,804
gaze,134021659429744948,265,815
gaze,134021659429825320,273,814
MouseMove,134021659429861829,600,801
gaze,134021659429909257,280,812
gaze,134021659430012744,271,807
gaze,134021659430091665,272,814
gaze,134021659430180879,276,817
gaze,134021659430262669,277,824
gaze,134021659430346327,270,812
gaze,134021659430428227,269,814
MouseMove,134021659430501512,602,801
gaze,134021659430513837,268,813
MouseMove,134021659430580588,603,801
gaze,134021659430594632,274,809
gaze,134021659430680083,274,811
gaze,134021659430761849,273,816
MouseMove,134021659430821308,604,802
gaze,134021659430840820,281,808
MouseMove,134021659430903766,604,803
gaze,134021659430928467,282,823
MouseMove,134021659430981070,605,804
gaze,134021659431006123,277,817
gaze,134021659431076317,277,820
gaze,134021659431159604,272,815
gaze,134021659431243240,276,814
gaze,134021659431346879,275,815
gaze,134021659431430725,273,817
gaze,134021659431517366,275,816
gaze,134021659431594987,277,817
gaze,134021659431678946,283,815
gaze,134021659431755271,283,814
gaze,134021659431827500,278,815
gaze,134021659431911916,273,814
MouseMove,134021659431943224,606,804
gaze,134021659432013823,279,810
gaze,134021659432095725,285,820
gaze,134021659432174699,279,816
MouseMove,134021659432180882,606,806
gaze,134021659432262055,276,815
MouseMove,134021659432341619,606,806
gaze,134021659432345153,279,811
gaze,134021659432429266,275,811
MouseMove,134021659432502809,606,807
gaze,134021659432512605,275,810
gaze,134021659432606094,285,820
gaze,134021659432680629,267,812
MouseMove,134021659432742135,606,807
gaze,134021659432764459,276,817
MouseMove,134021659432821780,607,809
gaze,134021659432841434,274,815
gaze,134021659432928829,271,809
gaze,134021659433012147,272,810
MouseMove,134021659433063880,607,809
gaze,134021659433089287,268,813
gaze,134021659433160375,266,812
gaze,134021659433242228,272,812
gaze,134021659433325793,275,809
gaze,134021659433430240,287,810
gaze,134021659433512226,323,813
gaze,134021659433597556,343,806
gaze,134021659433677785,347,813
gaze,134021659433758094,347,807
gaze,134021659433825774,341,812
gaze,134021659433908559,342,807
gaze,134021659433992364,341,808
gaze,134021659434096546,343,804
gaze,134021659434177749,343,812
gaze,134021659434262803,344,812
gaze,134021659434345569,340,805
gaze,134021659434428678,346,811
gaze,134021659434512340,342,813
gaze,134021659434595956,340,796
MouseMove,134021659434661774,608,809
gaze,134021659434680491,345,798
gaze,134021659434762600,358,810
MouseMove,134021659435781224,608,809
MouseMove,134021659436101135,609,809
gaze,134021659436168606,473,1063
gaze,134021659436246460,664,1125
gaze,134021659436429987,395,885
gaze,134021659436504518,403,853
MouseMove,134021659436581872,610,809
gaze,134021659436596230,407,826
MouseMove,134021659436662243,611,809
gaze,134021659436678992,406,781
gaze,134021659436773123,408,778
gaze,134021659436845369,402,757
gaze,134021659436925536,404,759
MouseMove,134021659436981634,611,809
gaze,134021659437013015,400,771
gaze,134021659437095434,396,754
MouseMove,134021659437141348,612,809
gaze,134021659437173767,391,782
gaze,134021659437242134,392,782
gaze,134021659437325569,397,776
gaze,134021659437409233,393,781
gaze,134021659437512751,399,788
gaze,134021659437595550,396,793
gaze,134021659437680133,400,797
gaze,134021659437761479,402,790
gaze,134021659437842172,398,806
gaze,134021659437909320,409,794
gaze,134021659437993363,402,804
gaze,134021659438082006,399,798
gaze,134021659438180271,403,804
gaze,134021659438262126,395,801
gaze,134021659438342100,399,803
gaze,134021659438429423,395,806
gaze,134021659438512354,407,801
gaze,134021659438595297,452,755
gaze,134021659438679106,534,658
gaze,134021659438762773,580,532
gaze,134021659438846025,610,480
gaze,134021659438928595,599,416
gaze,134021659439007242,593,392
gaze,134021659439095552,582,373
gaze,134021659439176872,589,381
gaze,134021659439257734,584,423
gaze,134021659439324834,557,447
gaze,134021659439409266,434,471
gaze,134021659439513299,336,435
gaze,134021659439594776,364,437
gaze,134021659439680488,371,440
gaze,134021659439761597,371,448
gaze,134021659439845334,373,439
gaze,134021659439921717,372,427
gaze,134021659439992602,380,444
gaze,134021659440076398,374,436
gaze,134021659440159598,377,433
gaze,134021659440262873,362,434
gaze,134021659440339049,366,432
gaze,134021659440430659,369,428
gaze,134021659440510966,373,439
gaze,134021659440595677,371,438
gaze,134021659440677199,369,433
gaze,134021659440762700,370,430
gaze,134021659440844104,379,437
gaze,134021659440929599,375,440
gaze,134021659441010569,373,438
gaze,134021659441091599,374,430
gaze,134021659441180450,377,419
gaze,134021659441255775,418,447
gaze,134021659441331077,422,460
gaze,134021659441409870,418,476
MouseMove,134021659441463716,613,805
gaze,134021659441512471,419,459
MouseMove,134021659441540690,614,796
gaze,134021659441594355,420,463
MouseMove,134021659441622062,616,788
gaze,134021659441678904,418,454
MouseMove,134021659441704006,617,776
gaze,134021659441761244,420,467
MouseMove,134021659441781716,617,757
gaze,134021659441845752,418,476
MouseMove,134021659441860812,618,735
gaze,134021659441927468,418,462
MouseMove,134021659441942031,618,702
gaze,134021659442007581,416,462
MouseMove,134021659442022516,618,664
gaze,134021659442075728,425,473
MouseMove,134021659442101480,618,626
gaze,134021659442158677,420,458
MouseMove,134021659442182769,618,591
gaze,134021659442241917,420,470
MouseMove,134021659442262805,618,561
MouseMove,134021659442343877,618,539
gaze,134021659442344378,427,478
MouseMove,134021659442422231,618,517
gaze,134021659442427794,416,466
MouseMove,134021659442500944,619,500
gaze,134021659442511586,429,470
MouseMove,134021659442581533,619,489
gaze,134021659442594762,418,468
MouseMove,134021659442662045,619,481
gaze,134021659442677672,433,476
MouseMove,134021659442741442,619,476
gaze,134021659442761490,424,465
MouseMove,134021659442820998,619,472
gaze,134021659442843403,411,478
MouseMove,134021659442901540,619,470
gaze,134021659442928494,395,547
MouseMove,134021659442981107,619,468
gaze,134021659443012972,400,569
MouseMove,134021659443062743,618,467
gaze,134021659443095674,404,574
MouseMove,134021659443142026,618,466
gaze,134021659443173345,400,582
gaze,134021659443256303,394,582
gaze,134021659443325710,403,573
gaze,134021659443413988,395,574
gaze,134021659443493521,400,590
gaze,134021659443597620,407,585
MouseMove,134021659443623193,618,466
gaze,134021659443679020,409,587
MouseMove,134021659443701060,618,465
gaze,134021659443763147,410,574
MouseMove,134021659443781820,618,465
gaze,134021659443845218,407,580
MouseMove,134021659443861228,618,464
gaze,134021659443929793,411,580
MouseMove,134021659443941314,618,462
gaze,134021659444016592,405,583
MouseMove,134021659444021327,618,462
gaze,134021659444091850,405,583
MouseMove,134021659444101752,618,460
gaze,134021659444159323,406,584
gaze,134021659444243228,410,592
gaze,134021659444347376,400,583
gaze,134021659444423720,410,582
gaze,134021659444515090,402,582
gaze,134021659444595187,410,584
gaze,134021659444681182,409,586
gaze,134021659444762213,405,580
gaze,134021659444846618,415,598
gaze,134021659444928381,410,589
gaze,134021659445013979,409,584
gaze,134021659445095222,399,579
gaze,134021659445176138,401,575
gaze,134021659445262818,408,585
gaze,134021659445339653,402,590
gaze,134021659445411836,403,580
gaze,134021659445493451,405,587
gaze,134021659445576154,407,592
MouseMove,134021659445621557,617,459
gaze,134021659445681390,400,579
gaze,134021659445763748,402,590
gaze,134021659445847432,406,592
MouseMove,134021659445861021,616,459
gaze,134021659445928754,404,587
MouseMove,134021659445940749,615,460
gaze,134021659446013635,406,587
MouseMove,134021659446022105,615,461
gaze,134021659446090391,407,586
MouseMove,134021659446101294,615,464
gaze,134021659446161979,409,597
MouseMove,134021659446181381,614,466
gaze,134021659446242254,401,589
MouseMove,134021659446269091,613,471
MouseMove,134021659446342205,611,474
gaze,134021659446346218,409,578
MouseMove,134021659446421085,611,476
gaze,134021659446428598,406,597
MouseMove,134021659446501344,611,478
gaze,134021659446510943,407,585
MouseMove,134021659446580433,611,480
gaze,134021659446595076,463,582
MouseMove,134021659446661114,611,482
gaze,134021659446678992,520,578
MouseMove,134021659446742208,611,485
gaze,134021659446766117,544,568
MouseMove,134021659446822428,611,485
gaze,134021659446846912,554,563
MouseMove,134021659446902146,611,486
gaze,134021659446932055,548,561
MouseMove,134021659446981566,611,488
gaze,134021659447014107,556,575
MouseMove,134021659447062021,611,490
gaze,134021659447098220,547,566
MouseMove,134021659447141330,611,490
gaze,134021659447172914,546,572
MouseMove,134021659447220812,611,491
gaze,134021659447264690,545,558
MouseMove,134021659447301238,611,494
gaze,134021659447344817,545,561
gaze,134021659447424916,541,566
MouseMove,134021659447462384,611,494
gaze,134021659447493319,544,576
MouseMove,134021659447541265,611,495
gaze,134021659447576502,540,574
MouseMove,134021659447621254,611,496
gaze,134021659447680882,543,556
gaze,134021659447761541,544,565
MouseMove,134021659447780875,611,497
gaze,134021659447847489,548,569
gaze,134021659447930962,543,581
gaze,134021659448015477,548,576
gaze,134021659448090019,544,572
gaze,134021659448162152,542,580
gaze,134021659448245513,541,562
MouseWheel,134021659448261636,-120
gaze,134021659448325984,543,566
gaze,134021659448430059,544,564
gaze,134021659448506924,542,579
gaze,134021659448596947,538,569
gaze,134021659448679881,543,586
gaze,134021659448767328,544,577
gaze,134021659448846182,536,570
gaze,134021659448931762,537,580
gaze,134021659449012274,543,567
MouseWheel,134021659449062742,-120
gaze,134021659449097597,543,567
gaze,134021659449178552,545,567
gaze,134021659449259992,542,560
gaze,134021659449346296,541,565
gaze,134021659449423285,536,564
gaze,134021659449493995,533,569
gaze,134021659449576395,543,557
gaze,134021659449659321,541,569
gaze,134021659449763509,539,564
gaze,134021659449845106,542,561
gaze,134021659449930612,550,565
gaze,134021659450012128,545,571
gaze,134021659450102835,536,566
gaze,134021659450173282,541,556
gaze,134021659450245690,539,559
gaze,134021659450327393,541,571
gaze,134021659450409641,540,575
gaze,134021659450516398,541,558
gaze,134021659450589468,539,562
gaze,134021659450681820,548,586
gaze,134021659450761724,547,573
gaze,134021659450847628,551,585
gaze,134021659450928147,537,568
gaze,134021659451014618,545,575
gaze,134021659451095110,536,566
gaze,134021659451181753,537,566
gaze,134021659451262161,535,555
MouseMove,134021659451301388,611,497
gaze,134021659451342951,465,579
gaze,134021659451432528,428,584
MouseMove,134021659451460967,611,498
gaze,134021659451508370,438,607
gaze,134021659451577981,430,581
MouseMove,134021659451620863,611,499
gaze,134021659451658924,433,578
gaze,134021659451762961,434,580
MouseMove,134021659451782442,611,500
gaze,134021659451845362,432,596
gaze,134021659451929925,435,589
MouseMove,134021659451942555,611,500
gaze,134021659452016360,436,587
MouseMove,134021659452021403,612,501
gaze,134021659452096535,433,592
MouseMove,134021659452102025,612,502
gaze,134021659452179940,438,593
gaze,134021659452255726,443,583
MouseMove,134021659452261286,612,503
gaze,134021659452328024,439,597
gaze,134021659452411232,434,594
MouseMove,134021659452500940,614,505
gaze,134021659452514025,437,586
gaze,134021659452589049,439,591
MouseMove,134021659452660855,614,506
gaze,134021659452681108,434,589
gaze,134021659452763621,436,596
gaze,134021659452847451,442,596
gaze,134021659452927620,439,585
gaze,134021659453014209,436,590
MouseWheel,134021659453062259,120
gaze,134021659453095247,440,590
gaze,134021659453179815,451,615
gaze,134021659453261289,431,589
gaze,134021659453342108,441,612
gaze,134021659453429579,443,597
gaze,134021659453507286,440,596
MouseWheel,134021659453541798,120
gaze,134021659453577114,435,582
gaze,134021659453659113,436,586
gaze,134021659453763181,439,596
gaze,134021659453844732,441,592
gaze,134021659453930713,439,595
gaze,134021659454011843,431,595
gaze,134021659454097548,434,595
gaze,134021659454178505,434,605
MouseWheel,134021659454181837,120
gaze,134021659454258777,435,589
gaze,134021659454326649,430,579
gaze,134021659454410722,433,585
gaze,134021659454514921,433,587
gaze,134021659454590096,436,595
gaze,134021659454681412,434,595
gaze,134021659454761778,430,555
gaze,134021659454847047,437,464
gaze,134021659454927550,441,425
gaze,134021659455014197,443,400
gaze,134021659455095194,450,395
gaze,134021659455178744,444,390
gaze,134021659455261360,439,375
gaze,134021659455338944,438,370
gaze,134021659455433834,440,389
gaze,134021659455506049,444,381
gaze,134021659455575635,438,380
gaze,134021659455658708,435,387
gaze,134021659455762815,435,380
gaze,134021659455845025,432,361
gaze,134021659455928565,440,374
gaze,134021659456011932,433,378
gaze,134021659456095272,435,371
gaze,134021659456177678,436,380
gaze,134021659456255587,444,384
gaze,134021659456325333,439,372
gaze,134021659456409149,442,389
gaze,134021659456492642,440,377
gaze,134021659456596690,442,372
gaze,134021659456678825,445,380
gaze,134021659456771939,442,394
gaze,134021659456845452,442,370
gaze,134021659456930288,439,379
gaze,134021659457011824,441,384
gaze,134021659457096360,437,383
gaze,134021659457177866,438,378
gaze,134021659457260879,444,396
gaze,134021659457344499,439,380
gaze,134021659457422706,460,312
gaze,134021659457507571,467,311
gaze,134021659457576468,468,295
gaze,134021659457662765,460,284
gaze,134021659457762929,466,286
gaze,134021659457843681,465,297
gaze,134021659457929520,463,291
gaze,134021659458012511,465,291
gaze,134021659458100884,462,285
gaze,134021659458177587,465,291
gaze,134021659458260761,466,293
gaze,134021659458338786,457,285
gaze,134021659458409109,460,282
gaze,134021659458492554,458,282
gaze,134021659458594515,467,283
gaze,134021659458678175,467,286
MouseWheel,134021659458742050,120
gaze,134021659458761054,472,296
gaze,134021659458844428,468,290
gaze,134021659458927613,467,286
gaze,134021659459011544,468,283
gaze,134021659459094697,459,285
gaze,134021659459177350,458,285
gaze,134021659459261614,465,290
gaze,134021659459345326,460,281
gaze,134021659459422648,461,289
gaze,134021659459507346,469,299
gaze,134021659459575425,468,288
gaze,134021659459658501,466,293
gaze,134021659459762837,458,281
gaze,134021659459844048,466,288
gaze,134021659459929828,465,292
gaze,134021659460011028,464,300
gaze,134021659460097250,462,300
gaze,134021659460178096,466,302
gaze,134021659460263731,467,303
gaze,134021659460340054,469,289
gaze,134021659460410523,465,298
gaze,134021659460493074,468,291
gaze,134021659460594941,465,293
gaze,134021659460676954,464,300
gaze,134021659460768719,464,293
gaze,134021659460844061,467,286
gaze,134021659460929547,466,290
gaze,134021659461011628,465,288
gaze,134021659461094647,462,284
gaze,134021659461177758,465,300
gaze,134021659461261714,460,284
gaze,134021659461345180,458,280
gaze,134021659461421718,454,279
gaze,134021659461506572,429,263
gaze,134021659461575805,420,274
gaze,134021659461658791,425,280
gaze,134021659461742315,435,282
gaze,134021659461845446,425,272
gaze,134021659461926967,422,262
gaze,134021659462012701,428,284
gaze,134021659462096313,430,281
gaze,134021659462179962,428,273
gaze,134021659462261044,429,275
gaze,134021659462341660,420,256
gaze,134021659462409628,430,276
gaze,134021659462493138,425,261
gaze,134021659462575696,431,268
gaze,134021659462677482,430,278
gaze,134021659462761727,437,278
gaze,134021659462844249,426,273
gaze,134021659462927665,432,285
gaze,134021659463011630,429,277
gaze,134021659463095299,428,274
gaze,134021659463178163,430,275
gaze,134021659463260782,431,269
gaze,134021659463345477,429,271
gaze,134021659463436341,434,272
gaze,134021659463506234,431,264
gaze,134021659463591553,423,272
gaze,134021659463659443,379,287
gaze,134021659463743229,372,286
gaze,134021659463845741,374,287
gaze,134021659463927626,378,279
gaze,134021659464012284,375,282
MouseWheel,134021659464021959,120
gaze,134021659464095127,373,282
gaze,134021659464177800,368,284
gaze,134021659464261532,373,291
gaze,134021659464345480,376,282
gaze,134021659464422992,377,286
gaze,134021659464493384,374,287
gaze,134021659464575439,379,286
gaze,134021659464678443,423,259
gaze,134021659464770293,478,234
gaze,134021659464844969,493,228
gaze,134021659464928868,502,231
gaze,134021659465011771,499,223
gaze,134021659465096458,513,224
gaze,134021659465177748,504,230
gaze,134021659465263423,503,223
gaze,134021659465345144,505,206
gaze,134021659465430238,503,217
gaze,134021659465506271,500,216
gaze,134021659465594697,501,217
MouseWheel,134021659465622248,120
gaze,134021659465659299,502,217
gaze,134021659465742523,499,218
gaze,134021659465826049,502,217
gaze,134021659465929441,503,224
gaze,134021659466012161,504,231
gaze,134021659466097157,499,226
gaze,134021659466177863,505,231
gaze,134021659466261402,507,229
gaze,134021659466345078,502,227
gaze,134021659466423254,501,228
gaze,134021659466492803,496,226
gaze,134021659466575627,502,220
gaze,134021659466660211,499,216
gaze,134021659466764487,500,220
gaze,134021659466845008,498,217
gaze,134021659466930955,504,228
gaze,134021659467011860,504,230
gaze,134021659467096828,503,223
gaze,134021659467178052,498,222
gaze,134021659467262727,509,219
gaze,134021659467344731,508,223
gaze,134021659467431824,502,221
gaze,134021659467511750,498,218
gaze,134021659467591243,525,229
gaze,134021659467675201,613,261
gaze,134021659467743510,698,269
gaze,134021659467827003,732,286
gaze,134021659467930604,744,308
gaze,134021659468011477,735,300
gaze,134021659468097162,737,296
gaze,134021659468177525,730,290
gaze,134021659468262183,733,295
gaze,134021659468344766,739,278
gaze,134021659468428408,734,286
gaze,134021659468505956,740,281
gaze,134021659468575904,731,283
gaze,134021659468659575,741,315
gaze,134021659468761768,733,289
gaze,134021659468845337,739,284
gaze,134021659468928605,737,292
gaze,134021659469012017,738,275
gaze,134021659469094904,736,291
gaze,134021659469178137,742,281
gaze,134021659469261260,737,285
gaze,134021659469344711,732,293
gaze,134021659469428963,733,282
gaze,134021659469512536,758,277
gaze,134021659469589639,745,274
gaze,134021659469673909,753,272
gaze,134021659469743483,752,272
gaze,134021659469825632,749,278
gaze,134021659469929119,749,276
gaze,134021659470011887,747,273
gaze,134021659470095250,750,267
gaze,134021659470178017,745,273
gaze,134021659470262017,749,277
gaze,134021659470344843,742,280
gaze,134021659470428098,741,269
gaze,134021659470506599,746,276
gaze,134021659470575455,745,280
gaze,134021659470658966,747,275
gaze,134021659470761632,750,284
gaze,134021659470844683,745,279
gaze,134021659470927964,746,270
MouseMove,134021659470981775,615,507
gaze,134021659471011372,747,274
MouseMove,134021659471061675,618,507
gaze,134021659471095013,750,268
MouseMove,134021659471143092,621,507
gaze,134021659471178660,744,279
MouseMove,134021659471222536,624,506
gaze,134021659471261252,743,278
MouseMove,134021659471300799,626,506
gaze,134021659471344707,746,276
MouseMove,134021659471383301,627,505
gaze,134021659471433304,746,275
MouseMove,134021659471464218,629,505
gaze,134021659471512198,752,272
MouseMove,134021659471541294,629,505
gaze,134021659471588751,751,275
MouseMove,134021659471621080,630,505
gaze,134021659471673436,751,272
MouseMove,134021659471701519,632,504
gaze,134021659471742362,748,278
MouseMove,134021659471781283,632,503
gaze,134021659471825704,747,284
MouseMove,134021659471861039,633,503
gaze,134021659471908897,756,276
MouseMove,134021659471942133,633,503
gaze,134021659472013222,754,286
MouseMove,134021659472021639,634,502
gaze,134021659472094941,749,289
gaze,134021659472180573,748,283
gaze,134021659472261453,758,273
gaze,134021659472347259,759,272
gaze,134021659472428186,757,270
MouseMove,134021659472501520,635,502
gaze,134021659472508630,757,276
gaze,134021659472575186,756,268
gaze,134021659472658709,755,276
gaze,134021659472742437,751,286
gaze,134021659472844149,752,284
gaze,134021659472927323,755,278
gaze,134021659473011796,750,274
gaze,134021659473094794,753,282
gaze,134021659473177641,752,278
gaze,134021659473260640,753,281
gaze,134021659473345028,758,283
gaze,134021659473428411,750,282
gaze,134021659473511899,754,284
gaze,134021659473595285,752,287
gaze,134021659473672699,749,286
gaze,134021659473756531,748,277
gaze,134021659473826124,753,282
gaze,134021659473908971,747,281
gaze,134021659474012818,751,285
gaze,134021659474096881,751,278
gaze,134021659474179959,753,277
gaze,134021659474261391,751,272
gaze,134021659474346644,746,291
gaze,134021659474428356,769,277
gaze,134021659474512838,854,281
gaze,134021659474589443,901,283
gaze,134021659474659709,908,288
gaze,134021659474743600,906,287
gaze,134021659474821947,903,287
MouseMove,134021659474823059,635,502
MouseMove,134021659474900909,637,502
gaze,134021659474929820,900,277
MouseMove,134021659474981769,638,502
gaze,134021659475011579,890,284
MouseMove,134021659475061739,641,502
gaze,134021659475095724,892,275
MouseMove,134021659475140697,645,502
gaze,134021659475178412,893,270
MouseMove,134021659475221307,648,502
gaze,134021659475261343,897,272
MouseMove,134021659475303408,651,502
gaze,134021659475347300,905,290
MouseMove,134021659475381342,655,502
gaze,134021659475427856,895,292
MouseMove,134021659475462898,659,502
gaze,134021659475511860,897,284
MouseMove,134021659475541318,664,502
gaze,134021659475594820,899,287
MouseMove,134021659475621050,666,502
gaze,134021659475679472,897,281
MouseMove,134021659475703425,669,502
gaze,134021659475751070,898,285
MouseMove,134021659475782309,673,502
gaze,134021659475826754,892,283
MouseMove,134021659475861882,678,502
gaze,134021659475908817,894,288
MouseMove,134021659475941612,684,502
gaze,134021659475992643,895,281
MouseMove,134021659476021738,688,502
gaze,134021659476095894,902,270
MouseMove,134021659476102432,694,502
gaze,134021659476178085,901,287
MouseMove,134021659476181469,698,502
MouseMove,134021659476261152,702,502
gaze,134021659476261236,901,286
MouseMove,134021659476341556,708,502
gaze,134021659476344436,893,278
MouseMove,134021659476421683,712,502
gaze,134021659476428729,890,288
MouseMove,134021659476502612,717,502
gaze,134021659476512217,866,280
MouseMove,134021659476581225,724,502
gaze,134021659476595027,865,275
MouseMove,134021659476661700,729,502
gaze,134021659476672013,867,284
gaze,134021659476755199,869,283
MouseMove,134021659476756433,735,502
MouseMove,134021659476821911,739,502
gaze,134021659476825960,871,284
MouseMove,134021659476905306,743,502
gaze,134021659476905329,866,283
MouseMove,134021659476981535,746,499
gaze,134021659477013783,871,285
gaze,134021659477093929,871,280
MouseMove,134021659477141155,749,499
gaze,134021659477179808,871,279
MouseMove,134021659477222133,750,499
gaze,134021659477260805,866,262
gaze,134021659477347530,870,282
gaze,134021659477427750,867,287
gaze,134021659477513964,867,278
gaze,134021659477595021,869,286
gaze,134021659477680522,885,270
gaze,134021659477761942,905,255
gaze,134021659477835019,901,271
gaze,134021659477910197,897,262
gaze,134021659477993753,897,259
gaze,134021659478082204,901,261
gaze,134021659478179531,895,254
gaze,134021659478261743,895,260
gaze,134021659478344569,901,258
gaze,134021659478429242,898,254
gaze,134021659478512307,900,256
gaze,134021659478595383,895,255
gaze,134021659478678674,901,261
gaze,134021659478756612,895,251
gaze,134021659478826187,898,257
gaze,134021659478909716,904,254
gaze,134021659479011730,895,256
MouseMove,134021659479061249,750,499
gaze,134021659479094481,897,263
MouseMove,134021659479142191,751,499
gaze,134021659479179270,897,254
gaze,134021659479261509,895,256
gaze,134021659479344386,895,247
gaze,134021659479432587,896,255
MouseMove,134021659479461572,752,500
gaze,134021659479512325,899,253
MouseMove,134021659479541079,755,501
gaze,134021659479594630,901,249
MouseMove,134021659479622418,755,501
gaze,134021659479678605,896,252
MouseMove,134021659479702225,757,503
gaze,134021659479761628,889,250
gaze,134021659479840029,896,252
gaze,134021659479924865,895,256
gaze,134021659479993158,896,253
gaze,134021659480076429,900,251
gaze,134021659480159976,897,249
gaze,134021659480262347,892,255
gaze,134021659480345119,892,251
gaze,134021659480428804,892,249
MouseMove,134021659480500913,757,503
gaze,134021659480511530,905,248
gaze,134021659480594763,921,245
gaze,134021659480679036,906,239
gaze,134021659480756156,910,239
gaze,134021659480828952,914,234
gaze,134021659480910208,917,230
gaze,134021659480993302,915,233
gaze,134021659481095911,910,249
gaze,134021659481179115,917,237
gaze,134021659481261707,914,236
gaze,134021659481345584,911,238
gaze,134021659481428968,910,235
gaze,134021659481512759,913,233
gaze,134021659481595041,918,232
MouseMove,134021659481621742,757,503
gaze,134021659481679187,912,237
gaze,134021659481762394,916,231
gaze,134021659481845190,916,224
gaze,134021659481924588,911,231
gaze,134021659482006730,917,238
gaze,134021659482077369,912,234
gaze,134021659482159820,916,241
gaze,134021659482242229,915,241
gaze,134021659482348283,914,244
gaze,134021659482428227,917,250
gaze,134021659482514523,915,237
gaze,134021659482594463,918,235
gaze,134021659482681053,908,240
MouseMove,134021659482741644,757,503
gaze,134021659482761982,911,243
MouseMove,134021659482821575,761,502
gaze,134021659482842600,907,247
MouseMove,134021659482900875,767,502
gaze,134021659482908548,913,234
MouseMove,134021659482981980,775,502
gaze,134021659482993258,912,248
MouseMove,134021659483062555,782,501
gaze,134021659483096920,915,242
MouseMove,134021659483142227,792,501
gaze,134021659483171950,916,240
MouseMove,134021659483222041,803,501
gaze,134021659483265193,911,233
MouseMove,134021659483301180,815,501
gaze,134021659483344568,906,245
MouseMove,134021659483381639,828,501
gaze,134021659483434407,912,245
MouseMove,134021659483468450,843,501
gaze,134021659483511248,912,240
MouseMove,134021659483542065,861,501
gaze,134021659483596479,911,236
MouseMove,134021659483624764,885,501
gaze,134021659483678799,911,247
MouseMove,134021659483702450,910,501
gaze,134021659483762800,916,253
MouseMove,134021659483781891,942,501
gaze,134021659483844458,913,235
MouseMove,134021659483860709,971,503
gaze,134021659483924837,917,245
MouseMove,134021659483941968,1004,505
gaze,134021659484012521,913,242
MouseMove,134021659484021915,1034,507
gaze,134021659484089563,911,248
MouseMove,134021659484102436,1056,507
gaze,134021659484160412,917,235
MouseMove,134021659484181197,1080,511
gaze,134021659484243144,913,235
MouseMove,134021659484260868,1100,512
MouseMove,134021659484343094,1120,514
gaze,134021659484346797,912,231
MouseMove,134021659484425226,1137,515
gaze,134021659484429028,920,236
MouseMove,134021659484503142,1158,518
gaze,134021659484515007,918,231
MouseMove,134021659484581213,1171,520
gaze,134021659484595300,915,242
MouseMove,134021659484661523,1186,521
gaze,134021659484681557,928,240
MouseMove,134021659484741678,1199,524
gaze,134021659484763849,1019,269
MouseMove,134021659484821874,1211,525
gaze,134021659484843257,1178,303
MouseMove,134021659484901135,1223,526
gaze,134021659484910223,1327,326
MouseMove,134021659484981236,1235,531
gaze,134021659484993398,1395,374
MouseMove,134021659485060907,1246,532
gaze,134021659485097500,1410,410
MouseMove,134021659485141313,1257,534
gaze,134021659485174026,1404,397
MouseMove,134021659485221954,1264,536
gaze,134021659485266065,1399,424
MouseMove,134021659485302040,1272,539
gaze,134021659485346522,1398,412
MouseMove,134021659485381290,1279,541
gaze,134021659485431552,1394,415
MouseMove,134021659485461720,1285,541
gaze,134021659485513160,1385,427
MouseMove,134021659485542464,1288,542
gaze,134021659485599702,1383,420
MouseMove,134021659485621762,1292,544
gaze,134021659485679569,1392,410
MouseMove,134021659485701792,1295,545
gaze,134021659485764696,1391,405
MouseMove,134021659485782515,1298,545
gaze,134021659485845121,1392,406
MouseMove,134021659485862054,1299,545
gaze,134021659485926397,1389,417
MouseMove,134021659485942062,1300,546
gaze,134021659486014400,1389,414
MouseMove,134021659486021096,1300,547
gaze,134021659486095291,1390,405
gaze,134021659486163134,1396,390
gaze,134021659486243362,1383,389
MouseMove,134021659486341473,1300,548
gaze,134021659486348964,1384,407
MouseMove,134021659486422030,1300,548
gaze,134021659486430331,1384,406
MouseMove,134021659486502869,1300,550
gaze,134021659486515579,1386,391
MouseMove,134021659486581784,1302,551
gaze,134021659486596228,1387,393
MouseMove,134021659486661680,1302,552
gaze,134021659486682621,1387,378
gaze,134021659486765785,1382,406
MouseMove,134021659486820916,1302,553
gaze,134021659486843210,1381,419
gaze,134021659486911113,1381,423
MouseMove,134021659486981922,1302,553
gaze,134021659486995104,1392,401
MouseMove,134021659487061186,1302,554
gaze,134021659487098962,1356,417
MouseMove,134021659487142735,1303,555
gaze,134021659487175064,1339,465
MouseMove,134021659487220860,1303,555
gaze,134021659487266824,1353,460
MouseMove,134021659487301189,1304,556
gaze,134021659487347297,1341,462
MouseMove,134021659487381942,1304,557
gaze,134021659487436600,1345,451
MouseMove,134021659487462831,1305,557
gaze,134021659487514208,1343,472
MouseMove,134021659487541324,1306,557
gaze,134021659487598958,1342,470
MouseMove,134021659487621511,1307,558
gaze,134021659487681450,1349,471
MouseMove,134021659487701874,1307,558
gaze,134021659487766885,1339,470
MouseMove,134021659487782850,1309,560
gaze,134021659487847728,1337,471
MouseMove,134021659487861756,1311,560
gaze,134021659487929644,1349,469
MouseMove,134021659487941403,1312,560
gaze,134021659488015728,1344,480
MouseMove,134021659488022823,1314,561
gaze,134021659488093174,1338,481
MouseMove,134021659488102387,1316,562
gaze,134021659488161902,1344,469
MouseMove,134021659488180957,1317,562
gaze,134021659488244120,1344,461
MouseMove,134021659488261918,1319,562
MouseMove,134021659488341776,1320,563
gaze,134021659488349507,1345,465
MouseMove,134021659488421647,1321,563
gaze,134021659488430653,1342,471
MouseMove,134021659488501431,1322,564
gaze,134021659488516948,1338,489
MouseMove,134021659488580814,1324,564
gaze,134021659488596527,1340,465
MouseMove,134021659488662528,1325,564
gaze,134021659488684281,1341,474
MouseMove,134021659488741540,1326,564
gaze,134021659488764092,1346,475
MouseMove,134021659488821705,1328,565
gaze,134021659488844930,1339,479
gaze,134021659488911266,1330,492
MouseMove,134021659488982015,1328,565
gaze,134021659488995309,1338,479
MouseMove,134021659489061782,1329,565
gaze,134021659489098945,1327,503
gaze,134021659489174892,1274,532
MouseMove,134021659489222652,1330,565
gaze,134021659489267089,1258,560
gaze,134021659489346828,1267,554
gaze,134021659489433905,1260,556
gaze,134021659489514203,1258,572
gaze,134021659489598568,1265,568
gaze,134021659489681162,1257,560
MouseMove,134021659489702205,1330,565
gaze,134021659489765706,1264,559
gaze,134021659489847034,1267,554
gaze,134021659489928467,1268,542
MouseMove,134021659489941192,1331,565
gaze,134021659490015847,1273,551
MouseMove,134021659490022216,1332,565
gaze,134021659490094309,1269,560
gaze,134021659490161953,1269,552
gaze,134021659490245187,1265,545
gaze,134021659490351127,1265,556
gaze,134021659490431079,1261,554
gaze,134021659490516333,1261,558
gaze,134021659490596427,1263,559
gaze,134021659490682884,1265,549
gaze,134021659490763142,1268,563
gaze,134021659490843979,1259,566
gaze,134021659490911097,1260,577
gaze,134021659490994859,1263,563
gaze,134021659491100421,1256,551
gaze,134021659491176081,1249,550
gaze,134021659491267059,1264,549
gaze,134021659491347049,1264,553
gaze,134021659491440830,1262,549
MouseWheel,134021659491463188,-120
gaze,134021659491514488,1265,561
gaze,134021659491599272,1265,552
gaze,134021659491680723,1263,559
gaze,134021659491765440,1264,555
gaze,134021659491846695,1263,559
gaze,134021659491927397,1264,553
gaze,134021659492016563,1258,550
gaze,134021659492091132,1260,568
gaze,134021659492163521,1261,557
gaze,134021659492244806,1263,552
gaze,134021659492328406,1263,559
gaze,134021659492432482,1265,558
gaze,134021659492514559,1260,565
gaze,134021659492599489,1257,555
gaze,134021659492681335,1260,552
gaze,134021659492778755,1257,568
gaze,134021659492841410,1257,542
gaze,134021659492913524,1249,548
gaze,134021659492995268,1250,511
gaze,134021659493078696,1260,548
gaze,134021659493183393,1259,546
gaze,134021659493259738,1261,563
gaze,134021659493351037,1248,529
gaze,134021659493430582,1262,549
gaze,134021659493516826,1249,550
gaze,134021659493596562,1264,538
gaze,134021659493682729,1297,502
gaze,134021659493763889,1309,461
gaze,134021659493849097,1325,439
gaze,134021659493930137,1328,436
gaze,134021659494009757,1327,461
gaze,134021659494099738,1326,443
gaze,134021659494174273,1317,417
gaze,134021659494244417,1328,435
gaze,134021659494328096,1320,444
gaze,134021659494410750,1311,443
gaze,134021659494515924,1319,426
gaze,134021659494596334,1314,431
gaze,134021659494682775,1323,443
gaze,134021659494763036,1311,453
gaze,134021659494847499,1313,452
gaze,134021659494923407,1319,459
gaze,134021659494995786,1318,450
gaze,134021659495077577,1318,423
gaze,134021659495183349,1312,452
gaze,134021659495263422,1331,437
gaze,134021659495344320,1355,352
gaze,134021659495432450,1346,338
MouseWheel,134021659495463209,120
gaze,134021659495513747,1354,291
gaze,134021659495599249,1345,284
gaze,134021659495679570,1349,279
gaze,134021659495764568,1351,284
gaze,134021659495846516,1341,294
gaze,134021659495929438,1338,287
gaze,134021659496007210,1349,282
gaze,134021659496097713,1347,282
gaze,134021659496180358,1348,286
gaze,134021659496257068,1344,281
gaze,134021659496328549,1344,282
gaze,134021659496411123,1346,292
gaze,134021659496495416,1340,290
gaze,134021659496598717,1347,297
gaze,134021659496680020,1340,297
gaze,134021659496767907,1346,289
gaze,134021659496846552,1352,274
gaze,134021659496928002,1346,284
gaze,134021659496993640,1347,284
gaze,134021659497078644,1351,283
gaze,134021659497161463,1348,285
gaze,134021659497265506,1342,287
gaze,134021659497346166,1336,290
gaze,134021659497429528,1341,302
gaze,134021659497513767,1339,296
gaze,134021659497596628,1341,298
gaze,134021659497679640,1344,289
gaze,134021659497763231,1344,274
gaze,134021659497846922,1346,292
gaze,134021659497931320,1349,285
gaze,134021659498014796,1351,301
gaze,134021659498090747,1350,285
gaze,134021659498181718,1347,297
gaze,134021659498261740,1351,284
MouseWheel,134021659498262854,120
gaze,134021659498344787,1355,288
gaze,134021659498411224,1346,285
gaze,134021659498495207,1347,284
gaze,134021659498577508,1347,287
gaze,134021659498681945,1339,288
gaze,134021659498768440,1344,286
gaze,134021659498849118,1337,283
gaze,134021659498930757,1340,277
gaze,134021659499009331,1343,294
gaze,134021659499079081,1345,290
gaze,134021659499160791,1343,288
gaze,134021659499266458,1353,280
gaze,134021659499345913,1346,292
gaze,134021659499433319,1352,285
gaze,134021659499507025,1347,286
gaze,134021659499600311,1354,287
gaze,134021659499679485,1347,303
gaze,134021659499766621,1341,298
gaze,134021659499845980,1349,290
gaze,134021659499934265,1346,286
gaze,134021659500014522,1346,283
gaze,134021659500105997,1347,282
gaze,134021659500179720,1349,303
MouseMove,134021659500182059,1333,565
MouseMove,134021659500262654,1334,565
gaze,134021659500262602,1346,297
MouseMove,134021659500341499,1335,565
gaze,134021659500347314,1345,318
MouseMove,134021659500421788,1337,565
gaze,134021659500424965,1367,364
gaze,134021659500495992,1385,425
MouseMove,134021659500500922,1337,565
gaze,134021659500578207,1436,465
MouseMove,134021659500661261,1337,563
gaze,134021659500682810,1438,497
MouseMove,134021659500741858,1337,561
gaze,134021659500763302,1430,508
MouseMove,134021659500822834,1334,559
gaze,134021659500849524,1440,504
MouseMove,134021659500901257,1334,559
gaze,134021659500930733,1434,498
gaze,134021659501011606,1435,493
gaze,134021659501079045,1430,485
gaze,134021659501161554,1438,499
gaze,134021659501244334,1438,491
gaze,134021659501350612,1444,477
gaze,134021659501430380,1430,491
gaze,134021659501512196,1434,502
gaze,134021659501595906,1427,503
gaze,134021659501680074,1440,475
gaze,134021659501763454,1432,491
gaze,134021659501847445,1435,481
gaze,134021659501929968,1433,497
gaze,134021659502015942,1430,492
gaze,134021659502096657,1437,480
gaze,134021659502179931,1432,475
gaze,134021659502263831,1428,491
gaze,134021659502345945,1428,492
gaze,134021659502424803,1430,488
gaze,134021659502494773,1437,462
gaze,134021659502577721,1413,457
gaze,134021659502681897,1421,458
gaze,134021659502763246,1416,447
MouseMove,134021659502823338,1333,559
gaze,134021659502849057,1417,446
MouseMove,134021659502901958,1333,559
gaze,134021659502930275,1418,466
gaze,134021659503015733,1417,441
gaze,134021659503096093,1420,464
gaze,134021659503163835,1419,468
gaze,134021659503244898,1408,464
gaze,134021659503349281,1410,466
gaze,134021659503429616,1419,459
gaze,134021659503510948,1420,452
gaze,134021659503597336,1413,446
gaze,134021659503680442,1413,473
gaze,134021659503764721,1406,479
gaze,134021659503845957,1335,482
gaze,134021659503932327,1272,461
gaze,134021659504014119,1277,481
gaze,134021659504099901,1293,461
gaze,134021659504174784,1289,462
gaze,134021659504266115,1280,463
gaze,134021659504347525,1285,469
gaze,134021659504426919,1283,465
gaze,134021659504495438,1283,463
gaze,134021659504577577,1285,456
gaze,134021659504681872,1279,470
gaze,134021659504762732,1284,459
gaze,134021659504848484,1283,460
gaze,134021659504929908,1288,450
gaze,134021659505015680,1286,455
gaze,134021659505092471,1277,489
gaze,134021659505162894,1283,468
gaze,134021659505243743,1283,466
gaze,134021659505352456,1281,478
MouseWheel,134021659505383214,120
gaze,134021659505440068,1284,472
gaze,134021659505510703,1286,468
gaze,134021659505598150,1285,449
gaze,134021659505679052,1280,468
gaze,134021659505767066,1279,465
gaze,134021659505846272,1279,460
gaze,134021659505931842,1287,441
gaze,134021659506012697,1281,466
gaze,134021659506100200,1282,462
gaze,134021659506175091,1285,467
gaze,134021659506264471,1287,450
gaze,134021659506346519,1284,460
gaze,134021659506426098,1280,469
gaze,134021659506495125,1282,470
gaze,134021659506578136,1283,466
gaze,134021659506682548,1284,468
gaze,134021659506774808,1293,453
gaze,134021659506848737,1277,450
gaze,134021659506929645,1288,439
gaze,134021659507015203,1283,473
gaze,134021659507092724,1283,461
gaze,134021659507162825,1282,459
gaze,134021659507244232,1287,485
gaze,134021659507349734,1281,481
gaze,134021659507429517,1285,481
gaze,134021659507510753,1287,469
gaze,134021659507599705,1287,468
gaze,134021659507680593,1281,465
gaze,134021659507763168,1280,469
gaze,134021659507846068,1280,467
gaze,134021659507929847,1281,455
gaze,134021659508014473,1280,457
gaze,134021659508099289,1282,464
gaze,134021659508174623,1278,458
gaze,134021659508264309,1282,470
gaze,134021659508347467,1286,436
gaze,134021659508425428,1283,485
gaze,134021659508495674,1287,482
gaze,134021659508578093,1267,461
gaze,134021659508682930,1280,441
gaze,134021659508764660,1287,423
gaze,134021659508848090,1281,421
gaze,134021659508928852,1283,429
gaze,134021659509015906,1279,443
gaze,134021659509090287,1270,427
gaze,134021659509162081,1271,416
gaze,134021659509243343,1280,395
gaze,134021659509326890,1278,414
gaze,134021659509433467,1273,417
gaze,134021659509507139,1273,419
gaze,134021659509599014,1281,423
gaze,134021659509680290,1279,396
gaze,134021659509764200,1271,420
gaze,134021659509847505,1275,406
gaze,134021659509933561,1269,413
gaze,134021659510013689,1272,423
gaze,134021659510096823,1271,406
gaze,134021659510179804,1277,403
gaze,134021659510256839,1273,415
gaze,134021659510348367,1277,393
gaze,134021659510425553,1276,444
gaze,134021659510496774,1280,411
gaze,134021659510577388,1271,433
gaze,134021659510660807,1282,444
gaze,134021659510769918,1281,434
gaze,134021659510846000,1276,440
gaze,134021659510932943,1280,442
gaze,134021659511013447,1275,428
gaze,134021659511099363,1268,452
gaze,134021659511173755,1274,449
gaze,134021659511245510,1271,423
gaze,134021659511328285,1280,420
gaze,134021659511432802,1274,437
gaze,134021659511513354,1274,433
gaze,134021659511593376,1276,448
gaze,134021659511680338,1278,442
gaze,134021659511762576,1272,429
gaze,134021659511849304,1285,390
gaze,134021659511931018,1272,403
gaze,134021659512015259,1282,406
gaze,134021659512099655,1283,428
gaze,134021659512182904,1281,443
gaze,134021659512259334,1311,417
gaze,134021659512350085,1328,403
gaze,134021659512430203,1333,398
gaze,134021659512509951,1323,407
gaze,134021659512577814,1336,408
gaze,134021659512660875,1333,415
gaze,134021659512765171,1333,411
gaze,134021659512846395,1333,423
gaze,134021659512933149,1319,417
gaze,134021659513013260,1324,411
gaze,134021659513098161,1329,419
gaze,134021659513173594,1319,400
gaze,134021659513247741,1328,416
gaze,134021659513327176,1328,431
gaze,134021659513435149,1329,413
gaze,134021659513513641,1327,413
gaze,134021659513592911,1327,399
gaze,134021659513680761,1325,394
gaze,134021659513762853,1335,394
gaze,134021659513846416,1330,400
gaze,134021659513930320,1324,392
gaze,134021659514013995,1326,384
MouseMove,134021659514022494,1331,558
gaze,134021659514097208,1327,376
MouseMove,134021659514101291,1324,555
gaze,134021659514180213,1336,385
MouseMove,134021659514181678,1315,555
gaze,134021659514257546,1327,402
MouseMove,134021659514261993,1304,553
MouseMove,134021659514342062,1290,553
gaze,134021659514347896,1333,407
MouseMove,134021659514422611,1268,550
gaze,134021659514430723,1329,404
MouseMove,134021659514500865,1240,550
gaze,134021659514509260,1326,415
gaze,134021659514578006,1219,438
MouseMove,134021659514581735,1200,550
MouseMove,134021659514661265,1159,550
gaze,134021659514662214,1046,459
MouseMove,134021659514742261,1113,550
gaze,134021659514768437,884,477
MouseMove,134021659514822327,1059,550
gaze,134021659514847541,737,509
MouseMove,134021659514901316,999,550
gaze,134021659514934880,624,561
MouseMove,134021659514981502,943,550
gaze,134021659515014608,533,578
MouseMove,134021659515062860,883,550
gaze,134021659515099537,456,621
MouseMove,134021659515142412,822,560
gaze,134021659515175936,416,626
MouseMove,134021659515222245,762,566
gaze,134021659515248546,419,633
MouseMove,134021659515303799,709,574
gaze,134021659515329907,433,634
MouseMove,134021659515381178,661,581
gaze,134021659515414091,442,636
MouseMove,134021659515462080,617,585
gaze,134021659515517178,437,621
MouseMove,134021659515541549,586,588
gaze,134021659515586747,425,618
MouseMove,134021659515621423,571,590
gaze,134021659515679140,441,628
MouseMove,134021659515702669,557,592
gaze,134021659515760241,436,635
MouseMove,134021659515781539,548,595
gaze,134021659515848700,432,625
MouseMove,134021659515861987,541,595
gaze,134021659515926068,436,635
MouseMove,134021659515941016,538,596
gaze,134021659516012604,441,643
MouseMove,134021659516023518,535,596
gaze,134021659516098935,439,643
MouseMove,134021659516101414,532,598
gaze,134021659516178000,449,638
MouseMove,134021659516182639,532,598
gaze,134021659516260629,452,642
gaze,134021659516339745,433,627
MouseMove,134021659516342874,531,599
gaze,134021659516427845,439,638
MouseMove,134021659516501450,531,600
gaze,134021659516511083,442,631
gaze,134021659516574976,442,646
MouseMove,134021659516581489,530,600
gaze,134021659516657234,437,639
MouseMove,134021659516661642,530,601
MouseMove,134021659516741631,529,601
gaze,134021659516741824,434,637
MouseMove,134021659516821453,528,602
gaze,134021659516846763,439,639
MouseMove,134021659516900701,528,602
gaze,134021659516931417,441,634
gaze,134021659517009349,447,641
MouseMove,134021659517061020,527,604
gaze,134021659517096896,443,637
gaze,134021659517181155,442,630
gaze,134021659517259238,447,645
gaze,134021659517329069,442,629
gaze,134021659517416968,443,645
gaze,134021659517497094,451,636
gaze,134021659517599580,449,636
gaze,134021659517675283,449,632
gaze,134021659517768095,453,641
gaze,134021659517847596,454,635
gaze,134021659517933956,454,640
MouseMove,134021659517941997,527,604
gaze,134021659518015079,426,653
MouseMove,134021659518022172,528,603
gaze,134021659518096142,434,666
MouseMove,134021659518101535,529,601
gaze,134021659518176225,434,662
MouseMove,134021659518181091,530,600
gaze,134021659518261565,431,660
MouseMove,134021659518263994,531,598
MouseMove,134021659518342764,531,597
gaze,134021659518345741,431,664
MouseMove,134021659518422661,532,597
gaze,134021659518422397,427,658
MouseMove,134021659518501350,533,596
gaze,134021659518511195,424,664
gaze,134021659518593997,434,666
gaze,134021659518657827,424,667
gaze,134021659518743568,426,660
gaze,134021659518844214,421,672
gaze,134021659518927736,424,663
gaze,134021659519011527,420,657
MouseWheel,134021659519062930,-120
gaze,134021659519094132,418,661
gaze,134021659519178083,418,662
gaze,134021659519260945,413,662
gaze,134021659519338883,424,664
gaze,134021659519408768,424,665
gaze,134021659519491613,427,663
gaze,134021659519595396,417,656
gaze,134021659519671849,419,659
gaze,134021659519761496,420,664
gaze,134021659519845078,430,666
gaze,134021659519931165,421,662
gaze,134021659520015415,422,662
MouseWheel,134021659520022354,-120
gaze,134021659520098547,425,666
gaze,134021659520179676,421,666
gaze,134021659520259980,421,666
gaze,134021659520345303,423,673
gaze,134021659520423817,418,675
gaze,134021659520511266,418,669
gaze,134021659520587982,413,662
gaze,134021659520657651,418,662
gaze,134021659520741087,416,655
gaze,134021659520845049,411,659
gaze,134021659520927756,418,666
gaze,134021659521010705,420,661
gaze,134021659521093982,418,654
gaze,134021659521176756,417,658
gaze,134021659521260976,416,655
gaze,134021659521338075,416,657
gaze,134021659521409095,416,660
MouseMove,134021659521463684,533,596
gaze,134021659521492951,420,654
gaze,134021659521595325,416,660
MouseMove,134021659521622541,534,596
gaze,134021659521673717,424,656
gaze,134021659521760900,421,655
gaze,134021659521844210,416,656
gaze,134021659521927848,420,655
gaze,134021659522011813,419,656
gaze,134021659522096163,424,660
gaze,134021659522177670,418,658
MouseMove,134021659522181437,534,595
gaze,134021659522264884,437,649
MouseMove,134021659522342337,536,595
gaze,134021659522348626,474,620
MouseMove,134021659522422491,537,595
gaze,134021659522426376,507,599
MouseMove,134021659522502084,537,595
gaze,134021659522516627,528,603
MouseMove,134021659522582258,540,595
gaze,134021659522592288,527,590
MouseMove,134021659522661088,542,594
gaze,134021659522662945,530,605
MouseMove,134021659522741260,543,594
gaze,134021659522745995,535,601
MouseMove,134021659522822082,546,594
gaze,134021659522828008,526,589
MouseMove,134021659522901402,548,594
gaze,134021659522933351,529,605
MouseMove,134021659522981588,550,593
gaze,134021659523014395,530,612
MouseMove,134021659523062612,553,593
gaze,134021659523099910,529,600
MouseMove,134021659523141917,555,593
gaze,134021659523180141,532,606
MouseMove,134021659523221068,559,593
gaze,134021659523266351,531,611
MouseMove,134021659523300875,562,591
gaze,134021659523341405,517,594
MouseMove,134021659523383924,567,591
gaze,134021659523414505,527,605
MouseMove,134021659523460755,571,590
gaze,134021659523495738,524,600
MouseMove,134021659523541416,579,589
gaze,134021659523578282,527,597
MouseMove,134021659523622234,586,588
gaze,134021659523683031,529,599
MouseMove,134021659523702040,597,588
gaze,134021659523758711,525,606
MouseMove,134021659523781566,609,586
gaze,134021659523851385,523,608
MouseMove,134021659523861391,621,585
gaze,134021659523930264,525,602
MouseMove,134021659523941153,630,584
gaze,134021659524017514,521,592
MouseMove,134021659524022551,639,584
MouseMove,134021659524102237,645,584
gaze,134021659524106305,530,604
MouseMove,134021659524182011,649,584
gaze,134021659524183499,524,599
MouseMove,134021659524261083,652,584
gaze,134021659524263631,532,608
MouseMove,134021659524341131,655,584
gaze,134021659524351031,525,595
MouseMove,134021659524428002,656,584
gaze,134021659524430330,524,593
MouseMove,134021659524502081,658,584
gaze,134021659524512055,525,603
MouseMove,134021659524581594,659,584
gaze,134021659524596808,522,602
gaze,134021659524675607,521,598
gaze,134021659524746471,462,623
gaze,134021659524829153,377,639
gaze,134021659524912564,373,645
gaze,134021659525017134,371,653
gaze,134021659525098191,382,650
gaze,134021659525183180,381,656
gaze,134021659525265399,375,643
gaze,134021659525350848,381,656
gaze,134021659525425808,388,653
gaze,134021659525498118,381,650
gaze,134021659525579665,381,653
gaze,134021659525683172,382,648
gaze,134021659525763816,372,648
gaze,134021659525844158,379,647
gaze,134021659525932750,376,643
gaze,134021659526015148,371,644
LeftMouseDown,134021659526024320
gaze,134021659526101369,388,657
gaze,134021659526180888,378,650
gaze,134021659526266782,387,644
gaze,134021659526347478,384,652
gaze,134021659526435603,385,648
gaze,134021659526509494,379,650
gaze,134021659526601023,382,642
gaze,134021659526680807,371,641
gaze,134021659526767340,382,650
gaze,134021659526832219,380,651
gaze,134021659526911580,372,649
gaze,134021659527017500,376,648
LeftMouseUp,134021659527063125
gaze,134021659527097990,381,646
gaze,134021659527182567,382,646
gaze,134021659527263252,385,653
gaze,134021659527351790,381,652
gaze,134021659527426320,386,649
gaze,134021659527499274,378,643
gaze,134021659527578773,383,647
gaze,134021659527662137,382,647
gaze,134021659527765459,377,647
gaze,134021659527842391,383,652
gaze,134021659527936813,386,651
gaze,134021659528013490,382,652
gaze,134021659528110104,381,652
gaze,134021659528180305,371,661
gaze,134021659528266478,315,701
gaze,134021659528349151,268,754
gaze,134021659528432007,214,812
gaze,134021659528516198,198,844
gaze,134021659528593480,221,870
gaze,134021659528682455,236,863
gaze,134021659528759195,233,864
gaze,134021659528829675,233,867
gaze,134021659528912021,238,865
gaze,134021659528995465,233,857
gaze,134021659529100291,243,865
gaze,134021659529180569,242,868
gaze,134021659529267689,243,865
gaze,134021659529349166,236,866
MouseMove,134021659529382273,660,584
gaze,134021659529437056,237,859
MouseMove,134021659529461158,660,587
gaze,134021659529510032,233,855
MouseMove,134021659529541810,660,590
gaze,134021659529581060,244,865
MouseMove,134021659529622004,660,593
gaze,134021659529663115,242,872
MouseMove,134021659529702378,660,596
gaze,134021659529766625,229,862
MouseMove,134021659529782635,660,598
gaze,134021659529848303,234,863
MouseMove,134021659529862079,662,601
gaze,134021659529925495,226,851
MouseMove,134021659529941583,662,604
gaze,134021659530016077,233,866
MouseMove,134021659530021335,662,607
gaze,134021659530098430,241,861
MouseMove,134021659530101726,663,608
MouseMove,134021659530181340,663,611
gaze,134021659530181679,245,859
MouseMove,134021659530260920,663,614
gaze,134021659530264856,244,861
MouseMove,134021659530340790,663,617
gaze,134021659530348373,233,860
MouseMove,134021659530422779,663,619
gaze,134021659530432261,241,864
MouseMove,134021659530500977,663,622
gaze,134021659530515075,229,867
MouseMove,134021659530580946,663,625
gaze,134021659530592739,231,861
MouseMove,134021659530662861,661,630
gaze,134021659530682788,232,861
MouseMove,134021659530742163,660,632
gaze,134021659530765571,239,861
MouseMove,134021659530824342,658,636
gaze,134021659530846145,240,863
MouseMove,134021659530901467,657,638
gaze,134021659530912582,237,860
MouseMove,134021659530981959,654,642
gaze,134021659530995904,249,855
MouseMove,134021659531062400,653,645
gaze,134021659531099465,239,867
MouseMove,134021659531142295,650,648
gaze,134021659531180270,234,858
MouseMove,134021659531221122,649,650
gaze,134021659531266586,235,861
MouseMove,134021659531301686,648,652
gaze,134021659531347797,240,865
MouseMove,134021659531382431,646,654
gaze,134021659531434500,236,867
MouseMove,134021659531460855,644,658
gaze,134021659531508742,245,860
MouseMove,134021659531542197,644,658
gaze,134021659531581614,241,865
MouseMove,134021659531621513,643,659
gaze,134021659531663023,238,855
MouseMove,134021659531701505,642,659
gaze,134021659531765501,238,857
MouseMove,134021659531781173,642,660
gaze,134021659531849598,235,867
KeyDown,134021659531861979,162
gaze,134021659531926350,237,865
MouseMove,134021659531942058,642,660
gaze,134021659532024154,233,859
gaze,134021659532098381,226,866
gaze,134021659532183528,290,864
gaze,134021659532264606,375,830
gaze,134021659532351798,443,816
gaze,134021659532431487,491,802
gaze,134021659532517574,502,799
gaze,134021659532592203,495,798
gaze,134021659532684612,492,797
gaze,134021659532763972,492,805
gaze,134021659532846192,493,807
gaze,134021659532915674,496,804
gaze,134021659532996631,487,808
gaze,134021659533079380,488,798
gaze,134021659533182063,482,800
gaze,134021659533265100,483,804
gaze,134021659533348094,491,808
gaze,134021659533431844,490,806
gaze,134021659533510026,487,806
gaze,134021659533578898,490,818
gaze,134021659533662852,491,804
gaze,134021659533745919,492,809
MouseMove,134021659533781058,642,661
gaze,134021659533849065,491,807
gaze,134021659533932242,490,807
gaze,134021659534008628,611,825
gaze,134021659534100470,828,835
gaze,134021659534181184,1070,838
gaze,134021659534266315,1279,884
gaze,134021659534348129,1453,905
gaze,134021659534434746,1604,925
gaze,134021659534514060,1687,972
gaze,134021659534600276,1752,1007
MouseMove,134021659534661550,643,661
gaze,134021659534675149,1741,1019
gaze,134021659534774152,1736,1025
gaze,134021659534847648,1728,1024
gaze,134021659534929043,1723,1019
gaze,134021659534995740,1708,1029
gaze,134021659535079244,1707,1027
gaze,134021659535162675,1708,1014
gaze,134021659535265085,1718,1021
gaze,134021659535349011,1712,1018
gaze,134021659535431584,1711,1019
KeyUp,134021659535461417,162
gaze,134021659535514988,1711,1020
gaze,134021659535592963,1721,1025
gaze,134021659535661686,1714,1015
gaze,134021659535745778,1717,1022
gaze,134021659535829119,1716,1024
gaze,134021659535933074,1715,1020
gaze,134021659536015438,1717,1031
gaze,134021659536093558,1708,1031
gaze,134021659536183169,1699,1028
gaze,134021659536264052,1737,1038
gaze,134021659536352547,1851,1041
gaze,134021659536431735,1830,1045
gaze,134021659536517622,1831,1045
gaze,134021659536598243,1831,1052
gaze,134021659536684479,1819,1047
gaze,134021659536759721,1823,1047
gaze,134021659536854681,1821,1051
gaze,134021659536931799,1825,1053
gaze,134021659537013084,1835,1057
gaze,134021659537080207,1827,1048
gaze,134021659537153888,1836,1062
gaze,134021659537267359,1820,1049
gaze,134021659537349664,1832,1050
gaze,134021659537440573,1833,1049
gaze,134021659537515393,1827,1051
gaze,134021659537609363,1828,1053
gaze,134021659537677347,1817,1051
gaze,134021659537749289,1834,1050
gaze,134021659537829952,1832,1052
gaze,134021659537934260,1824,1054
gaze,134021659538015385,1834,1052
gaze,134021659538096837,1827,1046
gaze,134021659538183526,1829,1060
gaze,134021659538264602,1851,1057
gaze,134021659538351537,1829,1057
gaze,134021659538432622,1842,1052
gaze,134021659538518817,1841,1053
gaze,134021659538599341,1833,1049
gaze,134021659538685332,1843,1051
gaze,134021659538760871,1837,1060
gaze,134021659538851665,1829,1050
gaze,134021659538931998,1831,1057
gaze,134021659539013603,1823,1049
gaze,134021659539080501,1822,1056
gaze,134021659539163036,1834,1053
gaze,134021659539268244,1826,1052
gaze,134021659539344057,1817,1060
gaze,134021659539429835,1809,1065
gaze,134021659539512073,1819,1056
gaze,134021659539600107,1829,1052
gaze,134021659539673398,1821,1055
gaze,134021659539746899,1819,1053
gaze,134021659539830619,1825,1051
gaze,134021659539936012,1834,1051
gaze,134021659540016175,1823,1052
gaze,134021659540098538,1825,1056
gaze,134021659540183458,1826,1049
gaze,134021659540266156,1830,1052
gaze,134021659540349871,1832,1050
gaze,134021659540432602,1823,1044
gaze,134021659540516507,1828,1052
gaze,134021659540599524,1832,1056
gaze,134021659540682627,1825,1051
gaze,134021659540761556,1831,1048
gaze,134021659540850656,1822,1050
gaze,134021659540932337,1836,1045
gaze,134021659541013880,1830,1046
gaze,134021659541081216,1824,1050
gaze,134021659541164373,1817,1056
gaze,134021659541268505,1826,1062
gaze,134021659541350134,1823,1060
gaze,134021659541434256,1818,1057
gaze,134021659541517119,1828,1056
gaze,134021659541599736,1825,1053
gaze,134021659541677892,1832,1050
gaze,134021659541747613,1821,1060
gaze,134021659541830874,1822,1044
gaze,134021659541914848,1826,1045
gaze,134021659542019852,1830,1050
gaze,134021659542094312,1809,1049
gaze,134021659542184514,1699,986
gaze,134021659542265269,1565,889
gaze,134021659542351937,1436,792
gaze,134021659542432764,1310,642
gaze,134021659542519473,1214,466
gaze,134021659542597851,1145,389
gaze,134021659542683746,1100,314
gaze,134021659542766101,1100,326
gaze,134021659542845760,1104,379
gaze,134021659542933157,1108,380
gaze,134021659543010486,1102,398
gaze,134021659543080897,1108,367
gaze,134021659543163314,1110,356
gaze,134021659543246205,1107,391
gaze,134021659543351360,1103,411
gaze,134021659543431608,1105,377
gaze,134021659543517307,1107,365
gaze,134021659543597002,1108,374
gaze,134021659543684163,1113,382
gaze,134021659543758989,1106,407
gaze,134021659543831394,1117,390
gaze,134021659543912466,1111,408
gaze,134021659543996083,1119,389
gaze,134021659544103306,1119,369
gaze,134021659544175459,1117,384
gaze,134021659544268660,1120,390
gaze,134021659544347616,1114,402
gaze,134021659544433126,1110,378
gaze,134021659544514641,1115,381
gaze,134021659544599982,1109,391
gaze,134021659544681411,1109,403
gaze,134021659544766846,1109,378
gaze,134021659544847228,1117,390
gaze,134021659544928222,1104,359
gaze,134021659545016095,1113,351
gaze,134021659545093011,1105,390
gaze,134021659545165976,1113,363
gaze,134021659545246324,1115,369
gaze,134021659545328726,1105,360
gaze,134021659545435243,1113,394
gaze,134021659545515121,1106,354
gaze,134021659545597561,1109,392
gaze,134021659545684106,1116,375
gaze,134021659545765106,1117,416
gaze,134021659545841356,1110,369
gaze,134021659545912809,1117,393
gaze,134021659545995974,1113,329
gaze,134021659546099492,1049,435
gaze,134021659546181186,862,442
gaze,134021659546261428,658,409
gaze,134021659546350420,488,377
gaze,134021659546431511,402,380
gaze,134021659546517715,401,388
gaze,134021659546597558,409,381
gaze,134021659546683130,415,388
gaze,134021659546765287,416,383
gaze,134021659546853100,427,383
gaze,134021659546924759,427,370
gaze,134021659547018392,427,373
gaze,134021659547097599,429,384
gaze,134021659547179007,429,390
gaze,134021659547245223,425,382
gaze,134021659547329273,421,379
gaze,134021659547412804,425,378
gaze,134021659547516204,430,382
gaze,134021659547597571,425,377
gaze,134021659547683225,416,378
gaze,134021659547764107,427,381
gaze,134021659547844738,416,360
gaze,134021659547911626,426,389
gaze,134021659547995258,417,365
gaze,134021659548079340,423,379
gaze,134021659548181717,418,380
gaze,134021659548263578,426,380
gaze,134021659548341044,423,373
gaze,134021659548431899,425,391
gaze,134021659548514081,435,382
gaze,134021659548597816,431,382
gaze,134021659548681165,436,401
gaze,134021659548763692,431,393
gaze,134021659548847477,429,389
gaze,134021659548930813,433,395
gaze,134021659549007900,424,378
gaze,134021659549098918,393,416
gaze,134021659549180202,375,446
gaze,134021659549263157,383,456
gaze,134021659549328702,383,447
gaze,134021659549415040,381,450
gaze,134021659549516496,381,449
gaze,134021659549597250,383,447
gaze,134021659549683377,385,449
gaze,134021659549763499,385,452
gaze,134021659549850026,386,467
gaze,134021659549925122,378,450
gaze,134021659549997536,391,454
gaze,134021659550078052,385,453
gaze,134021659550161668,385,457
gaze,134021659550265182,389,460
gaze,134021659550342618,387,446
gaze,134021659550432219,386,463
gaze,134021659550514965,393,461
gaze,134021659550598090,390,452
gaze,134021659550681820,389,458
gaze,134021659550765616,388,454
gaze,134021659550847356,398,463
gaze,134021659550930235,394,453
gaze,134021659551014887,395,471
gaze,134021659551091312,397,464
gaze,134021659551180795,396,479
gaze,134021659551257958,397,495
gaze,134021659551328269,395,429
gaze,134021659551403010,431,502
gaze,134021659552340338,944,779
gaze,134021659552429097,896,388
gaze,134021659552516088,856,180
gaze,134021659552599329,835,57
gaze,134021659552682083,849,64
gaze,134021659552765701,835,85
gaze,134021659552849270,834,113
gaze,134021659552931307,835,128
gaze,134021659553015046,838,105
gaze,134021659553098267,837,96
gaze,134021659553176344,839,101
gaze,134021659553265182,840,119
gaze,134021659553341919,834,99
gaze,134021659553412825,841,97
gaze,134021659553496346,842,108
gaze,134021659553599681,837,86
gaze,134021659553682158,840,101
gaze,134021659553767678,838,104
gaze,134021659553848830,843,99
gaze,134021659553933372,839,83
gaze,134021659554016340,839,84
gaze,134021659554093693,836,89
gaze,134021659554162095,842,94
gaze,134021659554246052,837,96
gaze,134021659554349668,837,89
gaze,134021659554426234,839,86
gaze,134021659554518550,799,105
gaze,134021659554598241,631,125
gaze,134021659554684377,577,103
gaze,134021659554767999,543,106
gaze,134021659554851415,556,104
gaze,134021659554937041,551,105
gaze,134021659555016959,564,107
gaze,134021659555102091,563,98
gaze,134021659555178460,559,94
gaze,134021659555266321,562,93
gaze,134021659555344633,562,88
gaze,134021659555413940,567,89
gaze,134021659555496944,565,81
gaze,134021659555579607,564,91
gaze,134021659555683679,573,82
gaze,134021659555764235,568,94
gaze,134021659555850933,562,93
gaze,134021659555931632,565,84
gaze,134021659556017231,564,77
gaze,134021659556094856,566,79
gaze,134021659556164056,556,79
gaze,134021659556245927,558,75
gaze,134021659556351297,617,89
gaze,134021659556432242,728,88
gaze,134021659556512933,739,80
gaze,134021659556599248,740,78
gaze,134021659556681111,743,73
gaze,134021659556766962,735,81
gaze,134021659556850458,739,74
gaze,134021659556933216,736,75
gaze,134021659557018693,741,66
gaze,134021659557098326,739,71
gaze,134021659557178624,734,68
gaze,134021659557265620,734,79
gaze,134021659557349128,737,74
gaze,134021659557429429,732,67
gaze,134021659557503229,733,76
gaze,134021659557579013,726,79
gaze,134021659557661637,732,77
gaze,134021659557766316,732,77
gaze,134021659557847314,733,75
gaze,134021659557933073,733,75
gaze,134021659558015182,737,69
gaze,134021659558095773,743,72
gaze,134021659558162225,737,71
gaze,134021659558244854,736,79
gaze,134021659558329163,787,73
gaze,134021659558433543,803,66
gaze,134021659558515832,796,72
gaze,134021659558592319,801,73
gaze,134021659558684138,801,78
gaze,134021659558767052,800,71
gaze,134021659558850088,798,74
gaze,134021659558931242,797,78
gaze,134021659559016599,800,78
gaze,134021659559098145,798,72
gaze,134021659559183780,800,87
gaze,134021659559259916,799,83
gaze,134021659559351565,806,79
gaze,134021659559431219,806,90
gaze,134021659559512979,804,92
gaze,134021659559580526,804,99
gaze,134021659559663418,804,97
gaze,134021659559766447,806,99
gaze,134021659559848827,800,103
gaze,134021659559932720,804,103
gaze,134021659560016379,804,108
gaze,134021659560103358,806,101
gaze,134021659560176144,743,163
gaze,134021659560246253,712,238
gaze,134021659560329787,664,304
gaze,134021659560436733,579,481
gaze,134021659560516614,514,667
gaze,134021659560597448,480,827
gaze,134021659560684603,446,987
gaze,134021659560766507,418,1125
gaze,134021659560840392,381,1226
gaze,134021659562091624,826,-330
gaze,134021659564661929,1818,955
gaze,134021659564756476,1505,1045
gaze,134021659564935080,1420,601
gaze,134021659565004605,1463,429
gaze,134021659565103382,1440,313
gaze,134021659565182549,1449,304
gaze,134021659565269491,1455,295
gaze,134021659565344822,1454,301
gaze,134021659565437162,1453,332
gaze,134021659565515692,1451,335
gaze,134021659565596747,1454,332
gaze,134021659565662851,1453,330
gaze,134021659565746768,1451,324
gaze,134021659565830060,1463,334
gaze,134021659565933864,1458,335
gaze,134021659566015109,1444,339
gaze,134021659566101113,1450,336
gaze,134021659566182429,1455,329
gaze,134021659566263522,1457,316
gaze,134021659566330393,1455,333
gaze,134021659566414012,1452,336
gaze,134021659566517867,1452,326
gaze,134021659566598638,1448,338
gaze,134021659566685469,1446,342
gaze,134021659566761648,1456,333
gaze,134021659566855603,1455,338
gaze,134021659566932540,1451,337
gaze,134021659567020723,1444,345
gaze,134021659567098514,1447,335
gaze,134021659567187442,1444,341
MouseMove,134021659567221686,643,661
gaze,134021659567264384,1446,336
MouseMove,134021659567301614,643,655
gaze,134021659567347506,1456,328
MouseMove,134021659567382572,644,646
gaze,134021659567435483,1451,337
MouseMove,134021659567461533,644,637
gaze,134021659567516289,1443,343
MouseMove,134021659567540929,647,631
gaze,134021659567599142,1444,338
MouseMove,134021659567621925,647,628
gaze,134021659567676293,1454,325
MouseMove,134021659567701852,647,626
gaze,134021659567748534,1449,344
MouseMove,134021659567782194,648,624
gaze,134021659567831163,1446,335
MouseMove,134021659567861112,648,624
gaze,134021659567934108,1446,325
MouseMove,134021659567941242,650,623
gaze,134021659568015575,1447,326
MouseMove,134021659568021855,650,623
MouseMove,134021659568101849,652,622
gaze,134021659568100753,1446,332
MouseMove,134021659568182267,652,622
gaze,134021659568182082,1454,329
MouseMove,134021659568262404,653,621
gaze,134021659568263251,1411,341
gaze,134021659568330301,1198,398
MouseMove,134021659568341521,653,621
gaze,134021659568414231,951,342
MouseMove,134021659568421307,655,621
gaze,134021659568497545,762,315
MouseMove,134021659568501546,657,621
MouseMove,134021659568581775,661,621
gaze,134021659568600503,658,303
MouseMove,134021659568662169,667,619
gaze,134021659568681814,650,286
MouseMove,134021659568741278,673,617
gaze,134021659568763596,667,293
MouseMove,134021659568821386,678,616
gaze,134021659568848677,675,301
MouseMove,134021659568901242,683,616
gaze,134021659568932452,678,265
MouseMove,134021659568981334,686,616
gaze,134021659569015528,679,265
MouseMove,134021659569061797,690,616
gaze,134021659569099048,680,270
MouseMove,134021659569140967,695,616
gaze,134021659569182167,681,288
MouseMove,134021659569221583,700,616
gaze,134021659569264638,687,271
MouseMove,134021659569301190,705,616
gaze,134021659569348978,684,267
MouseMove,134021659569382651,708,617
gaze,134021659569428871,688,281
MouseMove,134021659569462990,709,618
gaze,134021659569517837,686,264
MouseMove,134021659569542026,712,621
gaze,134021659569598639,700,262
MouseMove,134021659569622291,714,623
gaze,134021659569680549,686,268
MouseMove,134021659569702073,716,628
gaze,134021659569745235,691,262
MouseMove,134021659569781162,716,630
gaze,134021659569830664,701,270
MouseMove,134021659569861770,716,633
gaze,134021659569913002,696,256
MouseMove,134021659569941276,716,636
gaze,134021659570017598,697,267
MouseMove,134021659570022016,716,640
gaze,134021659570098673,703,261
MouseMove,134021659570100903,716,641
MouseMove,134021659570180993,715,643
gaze,134021659570184644,705,251
MouseMove,134021659570261270,712,646
gaze,134021659570264577,699,262
MouseMove,134021659570343145,712,647
gaze,134021659570346079,696,261
gaze,134021659570412729,698,265
MouseMove,134021659570421608,710,648
gaze,134021659570496366,696,261
MouseMove,134021659570502198,709,648
gaze,134021659570579558,703,268
MouseMove,134021659570581999,708,648
MouseMove,134021659570661931,707,648
gaze,134021659570683401,695,263
MouseMove,134021659570741171,707,648
gaze,134021659570767496,697,274
MouseMove,134021659570822027,706,648
gaze,134021659570844378,699,263
MouseMove,134021659570902073,705,648
gaze,134021659570932814,619,230
MouseMove,134021659570981144,705,646
gaze,134021659571015557,631,183
MouseMove,134021659571061886,705,645
gaze,134021659571098790,617,191
MouseMove,134021659571144101,705,644
gaze,134021659571182385,623,183
MouseMove,134021659571220914,705,643
gaze,134021659571263987,626,178
MouseMove,134021659571300777,705,641
gaze,134021659571349530,627,163
MouseMove,134021659571382768,706,640
gaze,134021659571432220,626,160
gaze,134021659571510238,619,174
MouseMove,134021659571540849,707,639
gaze,134021659571599631,617,180
gaze,134021659571681398,629,175
MouseMove,134021659571701245,708,638
gaze,134021659571762725,627,179
gaze,134021659571829158,624,166
MouseMove,134021659571861699,708,637
gaze,134021659571913438,629,179
gaze,134021659571996063,631,181
MouseMove,134021659572021168,709,637
MouseMove,134021659572102127,710,637
gaze,134021659572106603,630,177
MouseMove,134021659572181658,710,637
gaze,134021659572182074,622,177
MouseMove,134021659572262599,711,637
gaze,134021659572266673,629,173
gaze,134021659572347837,617,174
MouseMove,134021659572421687,712,637
gaze,134021659572428332,626,171
gaze,134021659572496280,626,173
MouseMove,134021659572501546,712,637
gaze,134021659572579645,625,174
gaze,134021659572663146,629,175
gaze,134021659572765515,629,177
MouseMove,134021659572822126,713,637
gaze,134021659572848071,628,182
gaze,134021659572928458,626,180
gaze,134021659573016931,624,185
gaze,134021659573097782,623,182
gaze,134021659573186260,628,188
gaze,134021659573264832,654,244
MouseWheel,134021659573301805,-120
gaze,134021659573350614,689,314
gaze,134021659573432077,671,443
gaze,134021659573520157,636,549
gaze,134021659573594259,615,581
gaze,134021659573685495,619,575
MouseWheel,134021659573702477,-120
gaze,134021659573764977,616,569
MouseMove,134021659573781022,714,637
gaze,134021659573847226,623,561
gaze,134021659573913477,622,568
MouseMove,134021659573942713,716,638
gaze,134021659573997310,615,566
gaze,134021659574101039,619,581
MouseMove,134021659574103020,716,638
gaze,134021659574183181,622,561
gaze,134021659574266060,617,557
MouseMove,134021659574343129,717,639
gaze,134021659574349385,627,574
MouseMove,134021659574422538,717,639
gaze,134021659574432563,623,579
MouseMove,134021659574501206,718,640
gaze,134021659574514862,617,546
gaze,134021659574580463,618,573
MouseMove,134021659574581416,718,640
MouseWheel,134021659574584273,-120
MouseMove,134021659574661545,719,641
gaze,134021659574663208,618,571
MouseMove,134021659574742500,720,641
gaze,134021659574769955,626,576
MouseMove,134021659574822497,721,641
gaze,134021659574848490,625,574
gaze,134021659574930364,619,571
MouseWheel,134021659574982552,-120
gaze,134021659575016838,621,569
MouseMove,134021659575062108,721,641
gaze,134021659575099279,623,548
MouseMove,134021659575141055,722,641
gaze,134021659575182833,615,554
gaze,134021659575265608,624,557
gaze,134021659575350436,631,593
gaze,134021659575432494,625,574
gaze,134021659575516569,618,573
gaze,134021659575593352,616,570
gaze,134021659575683638,616,565
gaze,134021659575765451,615,548
gaze,134021659575847334,617,556
gaze,134021659575913277,624,570
MouseMove,134021659575941750,723,641
gaze,134021659575997473,620,565
gaze,134021659576104827,618,573
gaze,134021659576182968,623,568
gaze,134021659576269275,628,581
gaze,134021659576349621,621,561
gaze,134021659576434369,620,569
gaze,134021659576511345,622,574
gaze,134021659576582061,616,580
gaze,134021659576662845,620,571
gaze,134021659576746731,629,578
MouseMove,134021659576820896,723,641
gaze,134021659576852780,606,572
gaze,134021659576928037,487,503
gaze,134021659577019409,453,450
gaze,134021659577099243,418,429
gaze,134021659577183880,422,425
gaze,134021659577264200,427,416
gaze,134021659577352568,421,413
gaze,134021659577442132,433,414
gaze,134021659577517927,435,414
gaze,134021659577598241,435,418
gaze,134021659577679706,440,427
gaze,134021659577766293,436,423
gaze,134021659577842448,442,420
MouseMove,134021659577861831,724,641
gaze,134021659577912485,435,413
MouseMove,134021659577940969,724,641
gaze,134021659577996235,433,408
MouseMove,134021659578022052,727,641
gaze,134021659578080527,439,418
MouseMove,134021659578101740,729,641
MouseMove,134021659578181856,731,641
gaze,134021659578182972,437,408
MouseMove,134021659578262450,737,641
gaze,134021659578264813,443,419
MouseMove,134021659578341829,739,641
gaze,134021659578357779,440,433
gaze,134021659578432572,435,414
MouseMove,134021659578502299,740,641
gaze,134021659578517477,444,418
MouseMove,134021659578582343,741,641
gaze,134021659578593288,438,417
gaze,134021659578665258,434,418
gaze,134021659578746514,439,413
MouseMove,134021659578821298,742,641
gaze,134021659578849726,410,372
gaze,134021659578932959,411,345
gaze,134021659579009628,417,346
gaze,134021659579099573,421,355
gaze,134021659579182638,419,334
gaze,134021659579265074,421,340
gaze,134021659579349638,416,345
gaze,134021659579433920,419,331
gaze,134021659579516482,418,345
gaze,134021659579597815,420,346
gaze,134021659579680093,425,331
gaze,134021659579766619,424,348
gaze,134021659579848782,413,332
gaze,134021659579925796,417,343
gaze,134021659579996873,412,340
gaze,134021659580081264,420,338
gaze,134021659580183680,421,350
gaze,134021659580265046,427,357
gaze,134021659580351850,415,331
gaze,134021659580432540,454,305
gaze,134021659580518473,493,268
gaze,134021659580593357,489,268
gaze,134021659580664969,498,282
gaze,134021659580746008,501,274
gaze,134021659580829168,494,277
gaze,134021659580933708,493,267
gaze,134021659581010219,498,269
MouseMove,134021659581061428,746,642
gaze,134021659581101270,494,263
MouseMove,134021659581141966,753,644
gaze,134021659581185095,499,270
MouseMove,134021659581220894,756,644
gaze,134021659581266824,504,264
MouseMove,134021659581300902,761,646
gaze,134021659581348646,503,277
MouseMove,134021659581382870,765,648
gaze,134021659581434573,499,276
MouseMove,134021659581460798,774,654
gaze,134021659581515730,499,271
MouseMove,134021659581541898,779,658
gaze,134021659581599725,495,277
MouseMove,134021659581625650,785,665
gaze,134021659581682076,489,274
MouseMove,134021659581702911,790,672
gaze,134021659581762693,491,258
MouseMove,134021659581782084,797,682
gaze,134021659581850472,494,270
MouseMove,134021659581863931,802,691
gaze,134021659581927413,493,270
MouseMove,134021659581941664,806,699
gaze,134021659582003630,495,262
MouseMove,134021659582022603,811,710
gaze,134021659582080459,490,272
MouseMove,134021659582102329,813,721
gaze,134021659582163178,498,283
MouseMove,134021659582181217,814,732
MouseMove,134021659582260823,814,746
gaze,134021659582265429,498,271
MouseMove,134021659582341737,814,761
gaze,134021659582352542,571,278
MouseMove,134021659582422437,818,780
gaze,134021659582432512,572,277
MouseMove,134021659582502423,819,797
gaze,134021659582516753,565,279
MouseMove,134021659582581747,823,818
gaze,134021659582600172,570,270
MouseMove,134021659582662116,831,843
gaze,134021659582676318,565,261
MouseMove,134021659582742291,835,864
gaze,134021659582745822,571,265
MouseMove,134021659582824721,842,884
gaze,134021659582829592,561,268
MouseMove,134021659582902957,845,899
gaze,134021659582933359,571,272
MouseMove,134021659582981069,846,911
gaze,134021659583015638,573,265
MouseMove,134021659583061398,846,923
gaze,134021659583095266,563,269
MouseMove,134021659583143263,846,932
gaze,134021659583182217,562,268
MouseMove,134021659583221146,846,939
gaze,134021659583266540,564,284
MouseMove,134021659583301781,846,947
gaze,134021659583347963,564,266
MouseMove,134021659583381876,846,951
gaze,134021659583434111,570,262
MouseMove,134021659583462142,846,953
gaze,134021659583515558,568,264
MouseMove,134021659583540877,846,955
gaze,134021659583607222,566,265
MouseMove,134021659583622601,846,955
gaze,134021659583682114,569,252
gaze,134021659583762203,565,270
MouseMove,134021659583782152,845,956
gaze,134021659583850518,566,265
MouseMove,134021659583861829,844,957
gaze,134021659583931805,561,275
MouseMove,134021659583941605,840,957
gaze,134021659584013627,570,276
MouseMove,134021659584021657,835,958
gaze,134021659584080572,559,272
MouseMove,134021659584102630,829,960
gaze,134021659584163217,569,275
MouseMove,134021659584181751,823,961
MouseMove,134021659584261860,815,965
gaze,134021659584266168,574,287
MouseMove,134021659584341353,808,970
gaze,134021659584348196,566,293
MouseMove,134021659584423162,797,974
gaze,134021659584431783,579,302
MouseMove,134021659584501436,786,975
gaze,134021659584515671,571,289
MouseMove,134021659584581453,774,976
gaze,134021659584598691,575,296
MouseMove,134021659584663315,761,977
gaze,134021659584675969,570,305
MouseMove,134021659584742404,750,982
gaze,134021659584746789,571,285
MouseMove,134021659584821980,741,983
gaze,134021659584829097,570,294
MouseMove,134021659584901459,734,985
gaze,134021659584912388,574,297
MouseMove,134021659584981136,729,986
gaze,134021659585017755,644,361
MouseMove,134021659585063069,724,987
gaze,134021659585095709,707,438
MouseMove,134021659585141526,718,987
gaze,134021659585184441,762,576
MouseMove,134021659585221992,714,989
gaze,134021659585266560,774,701
MouseMove,134021659585301897,710,991
gaze,134021659585351183,753,792
MouseMove,134021659585381737,708,992
gaze,134021659585432957,738,851
MouseMove,134021659585460809,706,993
gaze,134021659585518606,713,880
MouseMove,134021659585542217,705,994
gaze,134021659585599290,707,887
MouseMove,134021659585622550,702,997
gaze,134021659585684920,710,888
MouseMove,134021659585701467,700,1001
gaze,134021659585770111,711,883
MouseMove,134021659585782585,698,1003
gaze,134021659585845810,716,878
MouseMove,134021659585861174,697,1006
gaze,134021659585934030,717,881
MouseMove,134021659585941967,695,1008
gaze,134021659586010278,721,875
MouseMove,134021659586022204,695,1010
gaze,134021659586091813,723,874
MouseMove,134021659586102956,695,1013
gaze,134021659586164313,710,876
MouseMove,134021659586183196,695,1016
MouseMove,134021659586264523,695,1019
gaze,134021659586267208,710,868
MouseMove,134021659586341903,695,1022
gaze,134021659586349983,724,870
MouseMove,134021659586421272,695,1024
gaze,134021659586434595,711,868
MouseMove,134021659586501414,695,1027
gaze,134021659586516224,716,869
MouseMove,134021659586581151,695,1030
gaze,134021659586600820,710,870
MouseMove,134021659586662058,694,1036
gaze,134021659586682817,707,866
MouseMove,134021659586742990,693,1038
gaze,134021659586762648,712,868
MouseMove,134021659586821989,691,1042
gaze,134021659586830594,709,870
MouseMove,134021659586901614,689,1045
gaze,134021659586917502,711,875
MouseMove,134021659586981887,689,1049
gaze,134021659587017755,714,868
MouseMove,134021659587061836,685,1052
gaze,134021659587093934,672,893
MouseMove,134021659587142219,682,1056
gaze,134021659587186081,541,931
MouseMove,134021659587223108,679,1058
gaze,134021659587267154,518,964
MouseMove,134021659587302500,674,1062
gaze,134021659587353071,530,976
MouseMove,134021659587382243,667,1066
gaze,134021659587433142,527,972
MouseMove,134021659587462084,662,1069
gaze,134021659587518697,529,983
MouseMove,134021659587540888,656,1073
gaze,134021659587600216,534,975
MouseMove,134021659587624903,650,1076
gaze,134021659587685131,537,981
MouseMove,134021659587702107,645,1077
gaze,134021659587765835,534,978
MouseMove,134021659587780950,640,1079
gaze,134021659587846349,519,972
MouseMove,134021659587861169,638,1080
gaze,134021659587934063,517,977
MouseMove,134021659587942564,634,1079
gaze,134021659588011537,524,973
MouseMove,134021659588022559,632,1080
gaze,134021659588082856,530,972
MouseMove,134021659588102287,630,1079
gaze,134021659588164233,526,976
gaze,134021659588268340,525,979
gaze,134021659588351189,534,973
gaze,134021659588434928,610,1003
gaze,134021659588517027,664,1040
gaze,134021659588600042,646,1044
gaze,134021659588682721,651,1044
gaze,134021659588761548,648,1042
gaze,134021659588831426,640,1043
gaze,134021659588913716,637,1037
gaze,134021659589018315,636,1037
gaze,134021659589094047,637,1041
gaze,134021659589185853,633,1039
gaze,134021659589265758,626,1047
MouseMove,134021659589302053,630,1079
gaze,134021659589352745,633,1043
MouseMove,134021659589383153,631,1079
gaze,134021659589433147,639,1043
MouseMove,134021659589461377,634,1079
gaze,134021659589519305,643,1039
MouseMove,134021659589542568,635,1079
gaze,134021659589599758,631,1037
MouseMove,134021659589623004,638,1078
gaze,134021659589685037,638,1041
MouseMove,134021659589702522,641,1078
gaze,134021659589771404,634,1045
MouseMove,134021659589783352,643,1077
gaze,134021659589846905,632,1041
MouseMove,134021659589861433,647,1075
gaze,134021659589935852,636,1040
MouseMove,134021659589940853,649,1075
gaze,134021659590010297,636,1036
MouseMove,134021659590021790,652,1073
gaze,134021659590082356,626,1039
MouseMove,134021659590102710,654,1072
gaze,134021659590164244,642,1045
MouseMove,134021659590181096,656,1072
gaze,134021659590247252,609,1043
MouseMove,134021659590263725,657,1071
MouseMove,134021659590341028,661,1069
gaze,134021659590352305,604,1042
MouseMove,134021659590422758,662,1069
gaze,134021659590433336,605,1039
MouseMove,134021659590501176,663,1068
gaze,134021659590518766,601,1042
MouseMove,134021659590581801,664,1068
gaze,134021659590600196,600,1039
MouseMove,134021659590662225,664,1067
gaze,134021659590685503,614,1041
gaze,134021659590761330,609,1042
gaze,134021659590832976,607,1040
gaze,134021659590913850,605,1043
gaze,134021659591018510,595,1037
gaze,134021659591100826,603,1035
gaze,134021659591178186,619,1040
gaze,134021659591267319,611,1047
gaze,134021659591350756,625,1045
gaze,134021659591439598,614,1043
gaze,134021659591516733,619,1039
gaze,134021659591600961,621,1047
gaze,134021659591683380,622,1045
gaze,134021659591767741,619,1041
gaze,134021659591843290,610,1049
gaze,134021659591935874,618,1037
gaze,134021659592016387,617,1043
LeftMouseDown,134021659592023016
gaze,134021659592095665,622,1049
gaze,134021659592163635,618,1043
MouseMove,134021659592181515,665,1067
gaze,134021659592246743,612,1048
gaze,134021659592351965,607,1045
gaze,134021659592433521,603,1036
gaze,134021659592518378,603,1045
gaze,134021659592600076,609,1043
gaze,134021659592684437,613,1056
gaze,134021659592766394,612,1045
gaze,134021659592834736,611,1042
LeftMouseUp,134021659592908520
gaze,134021659592914600,598,1046
gaze,134021659592997210,611,1050
MouseMove,134021659593063883,666,1067
gaze,134021659593101506,621,1047
gaze,134021659593177481,608,1050
MouseMove,134021659593223395,666,1067
gaze,134021659593269494,608,1045
gaze,134021659593350301,611,1040
gaze,134021659593434872,616,1048
gaze,134021659593516296,612,1047
gaze,134021659593601400,600,1049
gaze,134021659593683986,614,1040
MouseMove,134021659593701978,667,1067
gaze,134021659593769118,617,1047
MouseMove,134021659593783723,667,1067
gaze,134021659593849723,612,1041
MouseMove,134021659593863323,669,1065
gaze,134021659593930171,615,1057
MouseMove,134021659593942568,672,1063
gaze,134021659594017385,609,1052
MouseMove,134021659594023370,676,1060
gaze,134021659594095565,606,1045
MouseMove,134021659594103516,679,1058
gaze,134021659594166706,607,1048
MouseMove,134021659594182539,684,1054
gaze,134021659594247098,613,1046
MouseMove,134021659594262017,689,1050
gaze,134021659594330823,620,1047
MouseMove,134021659594342281,696,1046
MouseMove,134021659594422739,701,1042
gaze,134021659594434971,622,1045
MouseMove,134021659594500996,708,1038
gaze,134021659594516427,614,1057
MouseMove,134021659594581864,719,1034
gaze,134021659594600884,615,1051
MouseMove,134021659594662735,729,1028
gaze,134021659594684610,608,1048
MouseMove,134021659594741948,736,1024
gaze,134021659594767512,612,1051
MouseMove,134021659594821380,741,1022
gaze,134021659594843697,607,1049
MouseMove,134021659594901305,746,1019
gaze,134021659594915928,605,1052
MouseMove,134021659594982588,750,1016
gaze,134021659594997897,611,1042
MouseMove,134021659595064646,754,1014
gaze,134021659595081167,610,1049
MouseMove,134021659595142542,757,1013
gaze,134021659595184685,627,1044
MouseMove,134021659595221684,758,1013
gaze,134021659595260823,609,1045
MouseMove,134021659595302014,760,1013
gaze,134021659595356359,608,1040
MouseMove,134021659595383302,763,1012
gaze,134021659595433516,612,1041
MouseMove,134021659595463096,766,1011
gaze,134021659595518972,607,1045
MouseMove,134021659595541473,769,1010
gaze,134021659595599118,603,1049
MouseMove,134021659595621640,773,1009
gaze,134021659595684913,610,1037
MouseMove,134021659595700978,776,1007
gaze,134021659595766893,607,1046
MouseMove,134021659595784012,778,1006
gaze,134021659595852535,606,1038
MouseMove,134021659595861564,781,1005
gaze,134021659595932964,606,1041
MouseMove,134021659595942758,784,1004
gaze,134021659596014437,676,1002
MouseMove,134021659596023136,784,1004
MouseMove,134021659596103701,785,1003
gaze,134021659596102730,701,954
gaze,134021659596178507,707,943
gaze,134021659596250134,713,944
gaze,134021659596331457,694,937
gaze,134021659596414578,689,939
gaze,134021659596518126,692,934
gaze,134021659596599975,702,929
MouseMove,134021659596661428,785,1003
gaze,134021659596684489,704,945
LeftMouseDown,134021659596743228
gaze,134021659596766427,701,948
MouseMove,134021659596821697,786,1003
gaze,134021659596851433,697,945
gaze,134021659596930054,702,943
gaze,134021659596999645,702,943
gaze,134021659597081239,703,949
gaze,134021659597163920,695,944
gaze,134021659597268172,700,939
MouseMove,134021659597301561,786,1003
gaze,134021659597344385,700,950
LeftMouseUp,134021659597385162
gaze,134021659597435276,708,942
gaze,134021659597516903,696,948
gaze,134021659597602951,703,938
gaze,134021659597683457,699,948
MouseMove,134021659597702887,787,1002
gaze,134021659597768428,691,943
MouseMove,134021659597781930,787,1001
gaze,134021659597850511,700,946
MouseMove,134021659597862631,787,1000
gaze,134021659597935111,687,939
MouseMove,134021659597941926,790,1000
gaze,134021659598017246,687,941
MouseMove,134021659598022567,791,1000
gaze,134021659598096333,696,940
MouseMove,134021659598101845,791,1000
gaze,134021659598183852,708,946
gaze,134021659598260305,697,942
gaze,134021659598333376,702,943
gaze,134021659598415776,697,943
gaze,134021659598518236,701,946
gaze,134021659598599871,698,944
gaze,134021659598685427,693,948
gaze,134021659598766454,698,950
gaze,134021659598851462,701,942
gaze,134021659598932755,709,946
gaze,134021659599012842,709,951
gaze,134021659599085181,705,947
gaze,134021659599163934,702,950
gaze,134021659599267464,701,949
gaze,134021659599344346,699,955
gaze,134021659599434509,696,952
gaze,134021659599517302,692,949
gaze,134021659599602188,703,947
gaze,134021659599684001,696,941
gaze,134021659599769127,645,872
gaze,134021659599851309,600,717
gaze,134021659599935829,537,554
gaze,134021659600017804,492,468
gaze,134021659600097080,461,450
gaze,134021659600184144,446,448
MouseMove,134021659600262154,788,987
gaze,134021659600262211,454,458
gaze,134021659600331871,462,497
MouseMove,134021659600342618,771,961
gaze,134021659600420179,473,493
MouseMove,134021659600421719,753,926
gaze,134021659600499190,458,482
MouseMove,134021659600501118,729,876
MouseMove,134021659600581441,692,809
gaze,134021659600602124,459,482
MouseMove,134021659600661471,659,756
gaze,134021659600683513,444,466
MouseMove,134021659600743655,623,694
gaze,134021659600768140,457,480
MouseMove,134021659600822750,588,643
gaze,134021659600850015,458,455
MouseMove,134021659600900867,556,599
gaze,134021659600934788,460,482
MouseMove,134021659600981653,530,561
gaze,134021659601010847,458,467
MouseMove,134021659601061928,508,528
gaze,134021659601082140,464,476
MouseMove,134021659601141167,490,506
gaze,134021659601164833,455,478
MouseMove,134021659601220751,475,477
gaze,134021659601247049,453,469
MouseMove,134021659601301541,463,456
gaze,134021659601351969,456,489
MouseMove,134021659601381955,447,431
gaze,134021659601428125,455,477
MouseMove,134021659601462233,431,409
gaze,134021659601519038,461,481
MouseMove,134021659601541629,418,392
gaze,134021659601601499,462,477
MouseMove,134021659601621851,407,380
gaze,134021659601684846,447,476
MouseMove,134021659601702250,393,365
gaze,134021659601766542,349,389
MouseMove,134021659601783838,383,355
gaze,134021659601852592,296,347
MouseMove,134021659601860937,373,345
gaze,134021659601933507,270,333
MouseMove,134021659601942226,362,336
gaze,134021659602019086,264,322
MouseMove,134021659602021608,352,328
gaze,134021659602099413,265,329
MouseMove,134021659602104173,342,321
gaze,134021659602178660,268,328
MouseMove,134021659602181233,331,316
gaze,134021659602266070,266,325
MouseMove,134021659602267075,322,311
MouseMove,134021659602342148,314,306
gaze,134021659602342665,271,330
gaze,134021659602414282,264,322
MouseMove,134021659602422614,302,299
gaze,134021659602497490,261,322
MouseMove,134021659602502325,293,294
MouseMove,134021659602580734,283,287
gaze,134021659602601630,265,312
MouseMove,134021659602663414,275,282
gaze,134021659602684082,262,318
MouseMove,134021659602741929,268,278
gaze,134021659602768688,266,320
MouseMove,134021659602822787,262,273
gaze,134021659602850081,261,309
MouseMove,134021659602901972,257,269
gaze,134021659602934182,280,322
MouseMove,134021659602982195,251,265
gaze,134021659603016386,271,327
MouseMove,134021659603062015,248,262
gaze,134021659603095850,274,323
MouseMove,134021659603141442,243,259
gaze,134021659603162701,285,328
MouseMove,134021659603221567,238,257
gaze,134021659603252061,267,316
MouseMove,134021659603302581,234,255
gaze,134021659603351539,217,306
MouseMove,134021659603382581,231,255
gaze,134021659603428241,187,288
MouseMove,134021659603461274,229,255
gaze,134021659603518903,195,293
MouseMove,134021659603543976,226,255
gaze,134021659603598925,191,290
MouseMove,134021659603621993,225,255
gaze,134021659603685124,194,287
MouseMove,134021659603702090,223,255
gaze,134021659603766313,196,287
MouseMove,134021659603782805,222,256
gaze,134021659603851465,194,289
MouseMove,134021659603861968,221,257
gaze,134021659603932823,195,287
MouseMove,134021659603941120,220,259
gaze,134021659604019360,192,279
MouseMove,134021659604021467,220,260
gaze,134021659604099904,190,281
MouseMove,134021659604105962,219,262
gaze,134021659604179425,190,286
MouseMove,134021659604182073,219,265
MouseMove,134021659604263578,219,269
gaze,134021659604266286,199,278
MouseMove,134021659604341548,219,273
gaze,134021659604343065,193,288
gaze,134021659604414642,193,290
MouseMove,134021659604422670,220,278
gaze,134021659604498100,197,293
MouseMove,134021659604501392,221,283
MouseMove,134021659604582844,222,288
gaze,134021659604601263,191,283
MouseMove,134021659604661727,223,292
gaze,134021659604683167,191,283
MouseMove,134021659604741117,224,296
gaze,134021659604768000,189,281
MouseMove,134021659604822315,224,299
gaze,134021659604849284,191,295
MouseMove,134021659604902086,224,299
gaze,134021659604935158,199,287
MouseMove,134021659604981833,224,300
gaze,134021659605017413,195,287
MouseMove,134021659605062347,224,300
gaze,134021659605096104,200,286
gaze,134021659605164300,191,282
gaze,134021659605246876,203,289
gaze,134021659605352579,197,280
gaze,134021659605429775,194,277
gaze,134021659605519280,189,286
gaze,134021659605599587,193,284
gaze,134021659605683985,192,286
gaze,134021659605765935,200,283
gaze,134021659605851456,190,286
MouseMove,134021659605861941,224,301
gaze,134021659605932886,195,288
gaze,134021659606018742,198,277
gaze,134021659606099468,199,287
gaze,134021659606181083,196,291
gaze,134021659606266773,195,289
gaze,134021659606344790,189,283
gaze,134021659606414260,188,273
gaze,134021659606497419,188,283
gaze,134021659606580306,193,279
gaze,134021659606685486,191,282
gaze,134021659606765904,202,291
MouseMove,134021659606822224,224,301
gaze,134021659606851426,196,279
gaze,134021659606935754,201,292
gaze,134021659607019143,194,282
gaze,134021659607095998,206,295
gaze,134021659607163555,200,288
MouseMove,134021659607221959,224,301
gaze,134021659607254162,202,286
MouseMove,134021659607301999,223,299
gaze,134021659607331507,200,288
gaze,134021659607434274,200,297
gaze,134021659607510297,195,286
MouseMove,134021659607541173,223,299
gaze,134021659607597212,198,289
gaze,134021659607677800,211,295
MouseMove,134021659607702890,223,298
gaze,134021659607762066,197,286
MouseMove,134021659607781735,223,297
gaze,134021659607845562,201,294
MouseMove,134021659607861133,222,297
gaze,134021659607929276,202,289
MouseMove,134021659607942443,222,296
gaze,134021659608012675,203,292
gaze,134021659608098696,200,287
gaze,134021659608179239,198,290
gaze,134021659608257358,202,282
MouseMove,134021659608341391,222,295
gaze,134021659608346432,200,278
gaze,134021659608423695,197,279
gaze,134021659608493599,201,281
gaze,134021659608575515,196,281
gaze,134021659608679631,197,278
gaze,134021659608766575,196,279
gaze,134021659608849561,199,286
gaze,134021659608932606,197,281
gaze,134021659609011542,204,288
gaze,134021659609096873,200,292
gaze,134021659609177990,200,287
LeftMouseDown,134021659609222215
gaze,134021659609246254,194,289
gaze,134021659609330363,193,284
gaze,134021659609436064,193,286
gaze,134021659609512106,200,291
gaze,134021659609600294,190,280
gaze,134021659609684080,196,283
gaze,134021659609766416,195,285
gaze,134021659609849977,192,285
gaze,134021659609933442,200,294
gaze,134021659610016882,200,279
gaze,134021659610100256,193,280
LeftMouseUp,134021659610108488
session_end
